0 41 59 2 7 89 118 111 113 160 110 106 131 78 189 182 133 57 159 207 195 193 13 86 23 200 194 201 186 190 125 93 77 154 103 129 139 182 120 216 95 61 87 187 151 128 100 235 44 128 74 68 147 136 150 68 76 33 159 168 258 64 124 142 174 113 161 95 212 96 99 89 46 113 94 69 80 119 129 155 191 95 50 175 139 54 161 78 109 144 54 68 210 173 127 102 92 204 74 125 142 106 68 205 159 119 198 176 123 201 68 147 82 122 205 196 179 133 181 153 205 43 122 77 125 198 171 147 179 12 176 127 8 186 156 196 166 140 222 30 138 161 86 82 63 70 17 123 166 117 148 58 158 113 51 215 113 135 24 206 159 227 68 136 56 180 156 52 204 151 15 134 97 82 30 163 184 74 40 231 80 144 66 109 182 185 158 139 69 25 84 155 92 97 94 82 110 104 176 241 92 23 218 188 193 25 176 135 173 159 175 122 164 218 95 108 123 113 72 125 146 42 136 117 201 72 16 162 135 153 48 104 154 177 187 200 73 75 192 175 1 249 173 192 59 131 70 193 35 40 41 204 114 155 111 173 245 204 158 162 36 159 84 201 47 148 78 90 99 85 23 171 192 173 105 39 138 73 169 9 206 141 102 184 155 188 133 114 107 83 121 155 143 125 101 132 88 60 179 160 206 87 84 156 122 92 145 88 136 25 27 65 133 149 148 187 166 153 185 125 175 188 117 201 69 156 125 171 167 67 62 179 204 190 145 165 146 226 84 134 82 24 100 119 192 118 155 27 139 94 156 4 43 243 118 145 189 74 132 146 186 194 96 119 176 96 199 19 179 209 115 211 74 132 168 94 168 190 208 206 62 113 168 165 126 155 136 126 156 163 216 26 85 131 163 36 154 197 189 133 208 82 56 232 91 148 143 113 146 168 73 174 110 180 187 208 145 112 177 87 135 134 152 148 57 228 138 77 206 98 164 47 217 17 221 96 128 44 194 164 62 71 196 63 96 150 152 86 157 183 95 206 49 158 66 130 96 92 122 119 179 62 190 50 177 29 146 114 224 98 256 144 97 145 242 140 7 181 172 72 118 139 167 121 210 197 233 196 201 86 147 115 137 174 149 202 15 124 187 164 
41 0 48 43 34 130 159 152 154 201 151 147 172 119 230 223 174 98 200 248 236 234 54 45 50 241 235 242 227 231 114 134 104 143 62 170 98 223 79 257 136 20 46 228 192 169 141 276 71 169 101 109 188 177 191 95 117 74 200 209 299 105 165 183 215 154 202 136 253 137 140 48 87 72 121 58 107 160 170 196 232 122 91 216 98 13 202 119 98 185 81 109 251 214 168 91 81 245 115 166 183 133 27 246 200 78 239 217 164 242 109 188 123 163 246 237 220 174 222 194 246 2 163 66 166 239 212 188 220 53 217 168 49 227 145 237 207 181 263 57 179 202 113 123 22 111 58 164 207 106 137 17 199 72 78 256 154 94 65 247 200 268 109 177 97 221 197 11 245 192 42 175 138 123 71 204 225 115 67 272 69 185 107 98 223 226 199 180 110 66 73 196 133 86 135 71 99 93 217 282 81 64 259 229 234 66 217 176 214 200 216 163 205 259 122 67 164 72 113 166 187 69 177 158 242 61 43 203 176 142 7 93 195 218 228 241 114 34 233 216 42 290 214 233 86 172 59 234 76 81 68 245 155 196 152 214 286 245 199 203 63 200 125 242 88 189 37 117 140 126 50 212 233 214 94 80 179 114 210 50 247 182 91 225 196 229 174 155 148 42 162 196 184 166 142 173 129 19 220 201 247 128 125 197 81 133 186 77 125 66 68 106 174 190 137 228 207 194 226 166 216 229 158 242 28 197 166 212 208 26 103 220 245 231 186 206 135 267 125 175 41 65 59 78 233 159 196 68 180 135 197 45 2 284 159 186 230 63 91 187 227 235 123 78 217 55 240 46 220 250 156 252 101 91 209 135 209 231 249 247 103 154 209 206 167 196 177 167 197 204 257 67 112 172 204 77 195 238 230 174 249 41 15 273 80 137 184 154 187 209 62 215 99 221 228 249 186 153 218 128 176 175 193 189 16 269 179 118 247 87 205 6 258 58 262 123 169 85 235 205 103 112 237 90 85 191 193 127 198 224 84 247 76 147 55 171 137 133 163 108 220 103 231 91 218 70 187 155 265 139 297 185 124 186 283 181 48 222 213 99 159 180 208 110 251 238 274 237 242 113 188 74 178 215 190 243 42 165 228 205 
59 48 0 57 62 144 173 166 168 215 165 161 186 137 244 237 188 112 214 262 250 248 72 93 78 255 249 256 241 245 66 152 132 95 110 184 146 237 127 271 150 68 94 242 206 183 155 290 99 183 129 127 202 191 205 123 131 92 214 223 313 123 179 197 229 168 216 154 267 151 154 96 105 120 149 10 135 174 184 210 246 150 109 230 146 61 216 133 50 199 109 123 265 228 182 43 33 259 133 180 197 161 75 260 214 126 253 231 178 256 123 202 141 177 260 251 234 188 236 208 260 50 177 18 180 253 226 202 234 67 231 182 63 241 97 251 221 195 277 85 193 216 141 137 70 125 72 178 221 58 89 65 213 120 106 270 168 142 83 261 214 282 123 191 111 235 211 59 259 206 70 189 152 137 89 218 239 129 95 286 21 199 121 50 237 240 213 194 128 80 25 210 147 38 149 23 51 45 231 296 33 82 273 243 248 80 231 190 228 214 230 177 219 273 150 115 178 120 127 180 201 97 191 172 256 13 71 217 190 94 55 45 209 232 242 255 132 82 247 230 60 304 228 247 114 186 11 248 90 95 96 259 169 210 166 228 300 259 213 217 91 214 139 256 106 203 85 145 154 144 78 226 247 228 46 98 193 132 224 68 261 196 43 239 210 243 188 169 162 90 176 210 198 180 156 187 143 67 234 215 261 146 139 211 129 147 200 29 77 84 86 124 188 204 89 242 221 208 240 180 230 243 172 256 76 211 180 226 222 74 121 234 259 245 200 220 87 281 139 189 89 83 107 126 247 173 210 86 194 149 211 63 50 298 173 200 244 15 139 201 241 249 151 126 231 103 254 74 234 264 170 266 129 139 223 149 223 245 263 261 117 168 223 220 181 210 191 181 211 218 271 85 140 186 218 95 209 252 244 188 263 89 63 287 32 89 198 168 201 223 14 229 51 235 242 263 200 167 232 146 190 189 207 203 64 283 193 132 261 39 219 54 272 76 276 151 183 103 249 219 121 126 251 118 37 205 207 145 212 238 36 261 104 99 7 185 155 147 177 60 234 121 245 109 232 88 201 169 279 153 311 199 152 200 297 195 62 236 227 127 173 194 222 62 265 252 288 251 256 141 202 122 192 229 204 257 70 179 242 219 
2 43 57 0 9 87 116 109 111 158 108 104 129 80 187 180 131 55 157 205 193 191 15 88 25 198 192 199 184 188 123 95 79 152 105 127 141 180 122 214 93 63 89 185 149 126 98 233 46 126 76 70 145 134 148 70 74 35 157 166 256 66 122 140 172 111 159 97 210 94 97 91 48 115 96 67 82 117 127 153 189 97 52 173 141 56 159 76 107 142 56 66 208 171 125 100 90 202 76 123 140 108 70 203 157 121 196 174 121 199 66 145 84 120 203 194 177 131 179 151 203 45 120 75 123 196 169 145 177 10 174 125 6 184 154 194 164 138 220 32 136 159 88 80 65 68 15 121 164 115 146 60 156 115 53 213 111 137 26 204 157 225 66 134 54 178 154 54 202 149 17 132 95 80 32 161 182 72 42 229 78 142 64 107 180 183 156 137 71 23 82 153 90 95 92 80 108 102 174 239 90 25 216 186 191 23 174 133 171 157 173 120 162 216 97 110 121 115 70 123 144 44 134 115 199 70 18 160 133 151 50 102 152 175 185 198 75 77 190 173 3 247 171 190 61 129 68 191 33 38 43 202 112 153 109 171 243 202 156 160 38 157 82 199 49 146 80 92 97 87 25 169 190 171 103 41 136 75 167 11 204 139 100 182 153 186 131 112 105 85 119 153 141 123 99 130 86 62 177 158 204 89 82 154 124 90 143 86 134 27 29 67 131 147 146 185 164 151 183 123 173 186 115 199 71 154 123 169 165 69 64 177 202 188 143 163 144 224 82 132 84 26 102 121 190 116 153 29 137 92 154 6 45 241 116 143 187 72 134 144 184 192 98 121 174 98 197 21 177 207 113 209 76 134 166 92 166 188 206 204 60 111 166 163 124 153 134 124 154 161 214 28 87 129 161 38 152 195 187 131 206 84 58 230 89 146 141 111 144 166 71 172 108 178 185 206 143 110 175 89 133 132 150 146 59 226 136 75 204 96 162 49 215 19 219 98 126 46 192 162 64 69 194 65 94 148 150 88 155 181 93 204 51 156 64 128 98 90 120 117 177 64 188 52 175 31 144 112 222 96 254 142 99 143 240 138 5 179 170 74 116 137 165 119 208 195 231 194 199 88 145 117 135 172 147 200 17 122 185 162 
7 34 62 9 0 96 125 118 120 167 117 113 138 85 196 189 140 64 166 214 202 200 20 79 16 207 201 208 193 197 128 100 70 157 96 136 132 189 113 223 102 54 80 194 158 135 107 242 37 135 67 75 154 143 157 61 83 40 166 175 265 71 131 149 181 120 168 102 219 103 106 82 53 106 87 72 73 126 136 162 198 88 57 182 132 47 168 85 112 151 47 75 217 180 134 105 95 211 81 132 149 99 61 212 166 112 205 183 130 208 75 154 89 129 212 203 186 140 188 160 212 36 129 80 132 205 178 154 186 19 183 134 15 193 159 203 173 147 229 23 145 168 79 89 56 77 24 130 173 120 151 51 165 106 44 222 120 128 31 213 166 234 75 143 63 187 163 45 211 158 8 141 104 89 37 170 191 81 33 238 83 151 73 112 189 192 165 146 76 32 87 162 99 100 101 85 113 107 183 248 95 30 225 195 200 32 183 142 180 166 182 129 171 225 88 101 130 106 79 132 153 35 143 124 208 75 9 169 142 156 41 107 161 184 194 207 80 68 199 182 8 256 180 199 52 138 73 200 42 47 34 211 121 162 118 180 252 211 165 169 29 166 91 208 54 155 71 83 106 92 16 178 199 180 108 46 145 80 176 16 213 148 105 191 162 195 140 121 114 76 128 162 150 132 108 139 95 53 186 167 213 94 91 163 115 99 152 91 139 32 34 72 140 156 151 194 173 160 192 132 182 195 124 208 62 163 132 178 174 60 69 186 211 197 152 172 149 233 91 141 75 31 93 112 199 125 162 34 146 101 163 11 36 250 125 152 196 77 125 153 193 201 89 112 183 89 206 12 186 216 122 218 67 125 175 101 175 197 215 213 69 120 175 172 133 162 143 133 163 170 223 33 78 138 170 43 161 204 196 140 215 75 49 239 94 151 150 120 153 175 76 181 113 187 194 215 152 119 184 94 142 141 159 155 50 235 145 84 213 101 171 40 224 24 228 89 135 51 201 171 69 78 203 56 99 157 159 93 164 190 98 213 42 161 69 137 103 99 129 122 186 69 197 57 184 36 153 121 231 105 263 151 90 152 249 147 14 188 179 65 125 146 174 124 217 204 240 203 208 79 154 108 144 181 156 209 8 131 194 171 
89 130 144 87 96 0 29 22 24 71 21 17 42 167 100 93 44 142 70 118 106 104 102 175 112 111 105 112 97 101 210 182 166 239 192 40 228 93 209 127 6 150 176 98 62 39 185 146 133 39 163 157 58 47 61 157 161 122 70 79 169 153 35 53 85 24 72 184 123 7 184 178 135 202 183 154 169 30 40 66 102 184 139 86 228 143 72 163 194 55 143 153 121 84 38 187 177 115 163 36 53 195 157 116 70 208 109 87 34 112 153 58 171 33 116 107 90 44 92 64 116 132 33 162 36 109 82 58 90 97 87 38 93 97 241 107 77 51 133 119 49 72 175 167 152 155 102 34 77 202 233 147 69 202 140 126 24 224 113 117 70 138 153 47 141 91 67 141 115 62 104 45 182 167 119 74 95 159 129 142 165 55 151 194 93 96 69 50 158 110 169 66 177 182 5 167 195 189 87 152 177 112 129 99 104 110 87 46 84 70 86 33 75 129 184 197 34 202 157 36 57 131 47 28 112 157 105 73 46 238 137 189 65 88 98 111 162 164 103 86 90 160 84 103 148 42 155 104 120 125 130 115 25 66 22 84 156 115 69 73 125 70 169 112 136 59 167 179 10 174 112 82 103 84 190 128 49 162 80 98 117 52 187 95 66 99 44 25 18 172 32 66 54 36 12 43 173 149 90 71 117 176 169 67 211 3 56 173 221 114 116 154 44 60 233 98 77 64 96 36 86 99 28 112 158 67 36 82 78 156 151 90 115 101 56 76 231 137 169 45 171 113 189 208 103 29 66 116 50 5 67 93 132 154 29 56 100 159 221 57 97 105 185 208 87 185 110 108 90 120 26 122 163 221 79 179 79 101 119 117 147 24 79 76 37 66 47 37 67 74 127 115 174 42 74 125 65 108 100 44 119 171 145 143 176 233 54 24 57 79 158 85 195 91 98 119 56 23 88 176 46 45 63 59 146 139 49 162 117 183 75 136 128 106 132 185 39 133 105 75 151 156 107 152 181 61 63 175 68 94 180 117 138 243 151 41 185 3 33 204 90 151 101 139 88 118 57 25 135 9 167 55 186 56 153 51 92 92 83 161 29 50 78 206 121 108 144 107 112 175 58 204 48 85 60 113 104 35 98 75 
118 159 173 116 125 29 0 15 7 76 16 12 68 196 95 88 73 171 53 89 101 99 131 204 141 116 110 107 102 96 239 211 195 268 221 11 257 88 238 153 35 179 205 103 45 32 214 151 162 68 192 186 84 18 56 186 190 151 65 50 174 182 64 82 80 17 55 213 128 36 213 207 164 231 212 183 198 13 35 95 107 213 168 57 257 172 67 192 223 81 172 182 126 89 21 216 206 108 192 65 48 224 186 121 65 237 114 70 5 83 182 53 200 28 121 102 83 37 121 57 99 161 62 191 31 135 75 87 61 126 92 67 122 123 270 102 106 44 159 148 44 101 204 196 181 184 131 29 106 231 262 176 52 231 169 152 17 253 142 122 65 164 182 40 170 86 93 170 110 57 133 40 211 196 148 69 88 188 158 147 194 84 180 223 64 122 98 45 187 139 198 59 206 211 34 196 224 218 70 157 206 141 155 94 97 139 70 17 67 99 57 28 80 134 213 226 5 231 186 31 50 160 18 21 105 186 134 99 75 267 166 218 36 114 81 106 191 193 108 81 119 165 79 98 177 25 184 75 149 154 159 98 20 59 17 89 161 120 62 66 154 41 198 105 165 52 196 208 39 203 141 77 129 113 219 157 78 191 106 127 143 78 216 88 92 92 39 18 13 201 3 61 49 19 41 26 202 178 85 66 110 205 198 96 240 32 51 202 250 143 145 183 73 31 262 93 82 57 91 7 115 125 11 105 187 93 31 75 73 185 180 61 110 72 85 69 260 163 198 40 200 142 218 237 96 24 37 145 45 34 50 122 161 159 12 39 71 188 250 28 92 98 214 237 70 214 105 137 116 113 19 148 192 250 62 208 50 106 145 100 176 17 74 71 30 95 73 30 50 45 153 144 203 37 69 154 60 134 126 70 124 200 174 148 205 262 49 19 28 74 187 80 224 120 124 112 82 16 71 205 29 74 92 42 175 144 78 191 122 212 70 165 133 135 137 214 68 162 100 58 180 185 100 181 210 87 34 204 61 89 209 88 167 272 180 36 214 32 28 233 116 180 96 168 83 147 86 8 140 38 172 48 215 49 158 46 121 63 66 190 24 33 83 235 114 79 149 78 105 204 87 233 77 78 86 96 133 64 93 70 
111 152 166 109 118 22 15 0 8 91 1 27 64 189 80 103 66 164 54 104 116 84 124 197 134 131 125 122 117 81 232 204 188 261 214 26 250 103 231 149 28 172 198 118 46 17 207 166 155 61 185 179 80 33 71 179 183 144 80 65 189 175 57 75 95 2 56 206 143 29 206 200 157 224 205 176 191 14 50 88 122 206 161 72 250 165 52 185 216 77 165 175 141 104 22 209 199 93 185 58 33 217 179 136 80 230 129 71 20 98 175 68 193 13 136 117 68 22 114 42 100 154 55 184 46 131 60 80 76 119 107 60 115 119 263 117 99 29 155 141 29 94 197 189 174 177 124 14 99 224 255 169 53 224 162 148 2 246 135 137 80 160 175 25 163 101 89 163 125 72 126 55 204 189 141 84 73 181 151 162 187 77 173 216 79 118 91 30 180 132 191 44 199 204 27 189 217 211 71 172 199 134 151 79 82 132 71 32 68 92 72 13 95 149 206 219 20 224 179 16 35 153 33 6 90 179 127 95 68 260 159 211 51 110 82 91 184 186 123 96 112 180 94 113 170 26 177 90 142 147 152 99 5 44 2 104 176 135 47 51 147 56 191 90 158 37 189 201 32 196 134 92 125 106 212 150 71 184 102 120 139 74 209 73 88 77 54 3 28 194 18 46 34 20 34 27 195 171 100 81 95 198 191 89 233 25 36 195 243 136 138 176 66 46 255 108 97 42 106 22 108 121 12 90 180 89 46 60 58 178 173 76 95 87 78 54 253 159 191 55 193 135 211 230 81 9 52 138 60 27 51 115 154 174 13 40 86 181 243 43 107 83 207 230 71 207 90 130 112 98 4 144 185 243 63 201 65 121 141 101 169 2 89 56 15 88 69 15 51 60 149 137 196 22 54 147 75 130 122 66 139 193 167 163 198 255 34 4 43 89 180 65 217 113 120 97 78 1 72 198 30 67 85 43 168 159 71 184 137 205 55 158 148 128 152 207 61 155 115 59 173 178 85 174 203 83 49 197 46 104 202 103 160 265 173 51 207 25 13 226 112 173 111 161 98 140 79 9 155 31 187 33 208 34 173 31 114 78 67 183 9 34 98 228 99 94 164 93 90 197 80 226 70 63 82 97 126 57 108 55 
113 154 168 111 120 24 7 8 0 83 9 19 66 191 88 95 68 166 46 96 108 92 126 199 136 123 117 114 109 89 234 206 190 263 216 18 252 95 233 151 30 174 200 110 38 25 209 158 157 63 187 181 82 25 63 181 185 146 72 57 181 177 59 77 87 10 48 208 135 31 208 202 159 226 207 178 193 6 42 90 114 208 163 64 252 167 60 187 218 79 167 177 133 96 14 211 201 101 187 60 41 219 181 128 72 232 121 63 12 90 177 60 195 21 128 109 76 30 116 50 92 156 57 186 38 133 68 82 68 121 99 62 117 121 265 109 101 37 157 143 37 96 199 191 176 179 126 22 101 226 257 171 45 226 164 150 10 248 137 129 72 162 177 33 165 93 91 165 117 64 128 47 206 191 143 76 81 183 153 154 189 79 175 218 71 120 93 38 182 134 193 52 201 206 29 191 219 213 63 164 201 136 153 87 90 134 63 24 60 94 64 21 87 141 208 221 12 226 181 24 43 155 25 14 98 181 129 97 70 262 161 213 43 112 74 99 186 188 115 88 114 172 86 105 172 18 179 82 144 149 154 91 13 52 10 96 168 127 55 59 149 48 193 98 160 45 191 203 34 198 136 84 127 108 214 152 73 186 104 122 141 76 211 81 90 85 46 11 20 196 10 54 42 12 36 19 197 173 92 73 103 200 193 91 235 27 44 197 245 138 140 178 68 38 257 100 89 50 98 14 110 123 4 98 182 91 38 68 66 180 175 68 103 79 80 62 255 161 193 47 195 137 213 232 89 17 44 140 52 29 43 117 156 166 5 32 78 183 245 35 99 91 209 232 63 209 98 132 114 106 12 146 187 245 55 203 57 113 143 93 171 10 81 64 23 90 71 23 43 52 151 139 198 30 62 149 67 132 124 68 131 195 169 155 200 257 42 12 35 81 182 73 219 115 122 105 80 9 64 200 22 69 87 35 170 151 73 186 129 207 63 160 140 130 144 209 63 157 107 51 175 180 93 176 205 85 41 199 54 96 204 95 162 267 175 43 209 27 21 228 114 175 103 163 90 142 81 1 147 33 179 41 210 42 165 39 116 70 59 185 17 26 90 230 107 86 156 85 98 199 82 228 72 71 84 89 128 59 100 63 
160 201 215 158 167 71 76 91 83 0 92 88 113 238 171 164 115 213 129 165 177 175 173 246 183 40 34 183 26 172 281 253 237 310 263 87 299 164 280 198 77 221 247 27 121 108 256 75 204 110 234 228 129 94 132 228 232 193 141 126 98 224 106 124 156 93 131 255 52 78 255 249 206 273 254 225 240 89 111 137 31 255 210 133 299 214 143 234 265 126 214 224 50 13 97 258 248 184 234 107 124 266 228 45 141 279 38 146 81 159 224 129 242 104 45 178 159 113 163 133 175 203 104 233 107 180 151 129 137 168 16 109 164 168 312 178 148 120 204 190 120 143 246 238 223 226 173 105 148 273 304 218 128 273 211 197 93 295 184 46 141 209 224 116 212 162 138 212 186 133 175 116 253 238 190 145 164 230 200 71 236 126 222 265 140 167 140 121 229 181 240 135 248 253 76 238 266 260 146 81 248 183 200 170 173 181 146 93 143 141 133 104 4 58 255 268 81 273 228 107 126 202 94 97 181 228 176 144 117 309 208 260 112 159 157 182 233 235 32 157 161 89 155 174 219 101 226 151 191 196 201 174 96 135 93 13 85 44 138 142 196 117 240 181 207 128 238 250 81 245 183 153 174 155 261 199 120 233 151 169 188 123 258 164 137 168 115 94 89 243 79 137 125 95 83 102 244 220 161 142 186 247 240 138 282 74 127 244 292 185 187 225 115 107 304 169 6 133 167 83 157 170 87 181 229 138 107 151 149 227 222 137 186 148 127 145 302 208 240 116 242 184 260 279 172 100 113 187 121 76 126 164 203 83 88 115 147 230 292 104 168 174 256 279 146 256 181 179 161 189 95 193 234 292 138 250 126 30 190 176 218 93 150 147 106 137 118 106 126 121 198 186 245 113 145 196 136 179 171 115 48 242 216 72 247 304 125 95 104 150 229 156 266 162 169 188 127 92 147 247 105 116 134 118 217 68 120 233 46 254 146 207 57 177 61 256 110 204 176 134 222 227 176 223 252 132 110 246 137 165 251 164 209 314 222 112 256 74 104 275 161 222 172 210 159 189 128 84 64 80 96 124 257 125 82 122 163 139 142 232 100 109 7 277 190 155 73 154 181 246 129 275 119 154 131 172 175 106 169 146 
110 151 165 108 117 21 16 1 9 92 0 28 63 188 79 104 65 163 55 105 117 83 123 196 133 132 126 123 118 80 231 203 187 260 213 27 249 104 230 148 27 171 197 119 47 18 206 167 154 60 184 178 79 34 72 178 182 143 81 66 190 174 56 74 96 3 57 205 144 28 205 199 156 223 204 175 190 15 51 87 123 205 160 73 249 164 51 184 215 76 164 174 142 105 23 208 198 94 184 57 32 216 178 137 81 229 130 72 21 99 174 69 192 12 137 118 69 23 113 43 101 153 54 183 47 130 61 79 77 118 108 59 114 118 262 118 98 30 154 140 28 93 196 188 173 176 123 13 98 223 254 168 54 223 161 147 3 245 134 138 81 159 174 26 162 102 88 162 126 73 125 56 203 188 140 85 74 180 150 163 186 76 172 215 80 117 90 29 179 131 190 45 198 203 26 188 216 210 72 173 198 133 150 78 83 131 72 33 69 91 73 12 96 150 205 218 21 223 178 15 36 152 34 7 91 178 126 94 67 259 158 210 52 109 83 90 183 185 124 97 111 181 95 114 169 27 176 91 141 146 151 100 4 45 1 105 177 136 48 52 146 57 190 91 157 38 188 200 31 195 133 93 124 105 211 149 70 183 101 119 138 73 208 74 87 78 55 4 29 193 19 45 33 21 33 28 194 170 101 82 96 197 190 88 232 24 35 194 242 135 137 175 65 47 254 109 98 43 107 23 107 120 13 91 179 88 47 61 57 177 172 77 94 88 77 55 252 158 190 56 192 134 210 229 82 8 53 137 61 26 52 114 153 175 14 41 87 180 242 44 108 84 206 229 72 206 89 129 111 99 5 143 184 242 64 200 66 122 140 102 168 3 90 55 16 87 68 16 52 61 148 136 195 21 53 146 76 129 121 65 140 192 166 164 197 254 33 3 44 90 179 64 216 112 119 98 77 2 73 197 31 66 84 44 167 160 70 183 138 204 54 157 149 127 153 206 60 154 116 60 172 177 86 173 202 82 50 196 47 105 201 104 159 264 172 52 206 24 12 225 111 172 112 160 99 139 78 10 156 30 188 34 207 35 174 30 113 79 68 182 8 35 99 227 100 95 165 94 91 196 79 225 69 64 81 98 125 56 109 54 
106 147 161 104 113 17 12 27 19 88 28 0 59 184 107 76 61 159 65 101 89 111 119 192 129 128 122 95 114 108 227 199 183 256 209 23 245 76 226 144 23 167 193 115 57 44 202 163 150 56 180 174 75 30 44 174 178 139 53 62 186 170 52 70 68 29 67 201 140 24 201 195 152 219 200 171 186 25 23 83 119 201 156 69 245 160 79 180 211 72 160 170 138 101 33 204 194 120 180 53 60 212 174 133 53 225 126 82 17 95 170 41 188 40 133 90 95 49 109 69 111 149 50 179 19 126 87 75 73 114 104 55 110 114 258 90 94 56 150 136 56 89 192 184 169 172 119 41 94 219 250 164 64 219 157 143 29 241 130 134 53 155 170 52 158 74 84 158 98 45 121 28 199 184 136 57 100 176 146 159 182 72 168 211 76 113 86 57 175 127 186 71 194 199 22 184 212 206 82 169 194 129 146 106 109 127 82 29 79 87 69 40 92 146 201 214 17 219 174 43 62 148 30 33 117 174 122 90 63 255 154 206 48 105 93 118 179 181 120 69 107 177 67 86 165 37 172 87 137 142 147 110 32 71 29 101 173 132 74 78 142 53 186 117 153 64 184 196 27 191 129 65 120 101 207 145 66 179 97 115 134 69 204 100 83 104 27 30 1 189 15 73 61 31 29 38 190 166 73 54 122 193 186 84 228 20 63 190 238 131 133 171 61 43 250 81 94 69 79 19 103 116 23 117 175 84 19 87 85 173 168 73 122 84 73 81 248 154 186 28 188 130 206 225 108 36 49 133 33 22 62 110 149 171 24 51 83 176 238 40 80 110 202 225 82 202 117 125 107 125 31 139 180 238 74 196 62 118 136 112 164 29 62 83 42 83 64 42 62 57 144 132 191 49 81 142 48 125 117 61 136 188 162 160 193 250 61 31 40 62 175 92 212 108 115 124 73 28 83 193 41 62 80 54 163 156 66 179 134 200 82 153 145 123 149 202 56 150 88 70 168 173 112 169 198 78 46 192 73 77 197 100 155 260 168 24 202 20 40 221 107 168 84 156 71 135 74 20 152 26 184 60 203 61 170 58 109 75 78 178 36 45 95 223 126 91 161 90 117 192 75 221 65 90 77 108 121 52 81 82 
131 172 186 129 138 42 68 64 66 113 63 59 0 209 142 135 86 184 112 157 148 146 144 217 154 153 147 154 139 143 252 224 208 281 234 79 270 135 251 85 48 192 218 140 104 81 227 188 175 81 205 199 16 86 103 199 203 164 112 118 211 195 77 95 127 66 114 226 165 49 226 220 177 244 225 196 211 72 82 108 144 226 181 125 270 185 114 205 236 13 185 195 163 126 80 229 219 157 205 78 95 237 199 158 112 250 151 129 73 151 195 100 213 75 158 149 132 86 134 106 158 174 75 204 78 67 124 100 129 139 129 80 135 55 283 149 119 93 91 161 91 114 217 209 194 197 144 76 119 244 275 189 111 244 182 84 66 266 155 159 112 96 195 89 183 133 25 183 157 104 146 87 224 209 161 116 137 201 171 184 207 97 193 236 132 54 111 92 200 152 211 108 219 224 47 209 237 231 129 194 219 154 87 141 146 152 129 85 126 112 125 75 117 171 226 239 73 244 199 78 99 173 86 70 154 199 147 31 88 280 179 231 104 46 140 153 204 206 145 128 132 202 126 145 190 84 197 143 162 167 172 157 67 108 64 126 198 157 111 115 167 109 211 154 178 101 209 221 52 216 154 124 61 126 232 170 91 204 38 140 75 10 229 137 24 141 86 67 60 214 71 108 96 78 54 85 215 191 132 113 159 218 211 109 253 45 98 215 263 156 158 196 86 99 275 140 119 106 138 75 128 57 70 154 200 25 78 124 120 198 193 129 157 140 98 118 273 95 211 87 213 155 231 250 145 71 105 158 92 47 109 135 174 196 71 98 139 201 263 96 139 147 227 250 129 227 152 150 48 162 68 80 205 263 121 221 118 143 77 159 189 66 121 118 79 108 5 79 109 113 85 157 216 84 116 167 107 66 58 2 161 213 187 185 218 275 96 66 96 121 200 127 237 133 56 161 14 65 130 218 88 87 105 101 188 181 91 204 159 225 117 178 170 148 174 227 81 175 147 117 193 198 149 194 223 19 102 217 110 136 222 156 180 285 193 83 227 45 75 246 48 193 143 181 130 160 99 67 177 51 209 97 228 98 195 93 134 131 125 203 71 92 120 248 163 147 186 146 154 217 100 246 90 127 18 155 146 77 140 117 
78 119 137 80 85 167 196 189 191 238 188 184 209 0 267 260 211 135 237 285 273 271 91 164 101 278 272 279 264 268 203 171 155 232 181 207 217 260 198 294 173 139 165 265 229 206 178 313 122 206 152 146 225 214 228 146 154 111 237 246 336 142 202 220 252 191 239 173 290 174 177 167 124 191 172 147 158 197 207 233 269 173 128 253 217 132 239 156 187 222 132 146 288 251 205 180 170 282 152 203 220 184 146 283 237 197 276 254 201 279 146 225 160 200 283 274 257 211 259 231 283 121 200 155 203 276 249 225 257 90 254 205 86 264 234 274 244 218 300 108 216 239 164 160 141 148 95 201 244 195 226 136 236 191 129 293 191 213 102 284 237 305 146 214 134 258 234 130 282 229 93 212 175 160 108 241 262 152 118 309 158 222 144 187 260 263 236 217 147 103 162 233 170 175 172 160 188 182 254 319 170 101 296 266 271 103 254 213 251 237 253 200 242 296 173 186 201 191 150 203 224 120 214 195 279 150 94 240 213 231 126 182 232 255 265 278 151 153 270 253 79 327 251 270 137 209 148 271 113 118 119 282 192 233 189 251 323 282 236 240 114 237 162 279 125 226 156 168 177 163 101 249 270 251 183 117 216 151 247 87 284 219 180 262 233 266 211 192 185 161 199 233 221 203 179 210 166 138 257 238 284 165 162 234 200 170 223 166 214 103 105 143 211 227 226 265 244 231 263 203 253 266 195 279 147 234 203 249 245 145 140 257 282 268 223 243 224 304 162 212 160 102 178 197 270 196 233 105 217 172 234 82 121 321 196 223 267 152 210 224 264 272 174 197 254 174 277 97 257 287 193 289 152 210 246 172 246 268 286 284 140 191 246 243 204 233 214 204 234 241 294 104 163 209 241 114 232 275 267 211 286 160 134 310 169 226 221 191 224 246 151 252 188 258 265 286 223 190 255 165 213 212 230 226 135 306 216 155 284 176 242 125 295 95 299 174 206 122 272 242 140 149 274 141 174 228 230 164 235 261 173 284 127 236 144 208 174 170 200 197 257 140 268 128 255 107 224 192 302 176 334 222 175 223 320 218 85 259 250 150 196 217 245 199 288 275 311 274 279 164 225 193 215 252 227 280 93 202 265 242 
189 230 244 187 196 100 95 80 88 171 79 107 142 267 0 183 144 242 134 184 196 162 202 275 212 211 205 202 197 159 310 282 266 339 292 106 328 183 309 227 106 250 276 198 126 97 285 246 233 139 263 257 158 113 151 257 261 222 160 145 269 253 135 153 175 82 136 284 223 107 284 278 235 302 283 254 269 94 130 166 202 284 239 152 328 243 130 263 294 155 243 253 221 184 102 287 277 173 263 136 111 295 257 216 160 308 209 151 100 178 253 148 271 91 216 197 148 102 192 122 180 232 133 262 126 209 140 158 156 197 187 138 193 197 341 197 177 109 233 219 107 172 275 267 252 255 202 92 177 302 333 247 133 302 240 226 82 324 213 217 160 238 253 105 241 181 167 241 205 152 204 135 282 267 219 164 153 259 229 242 265 155 251 294 159 196 169 108 258 210 269 124 277 282 105 267 295 289 151 252 277 212 229 157 162 210 151 112 148 170 152 91 175 229 284 297 100 302 257 94 115 231 113 86 170 257 205 173 146 338 237 289 131 188 162 169 262 264 203 176 190 260 174 193 248 106 255 170 220 225 230 179 83 124 80 184 256 215 127 131 225 136 269 170 236 117 267 279 110 274 212 172 203 184 290 228 149 262 180 198 217 152 287 153 166 157 134 83 108 272 98 124 112 100 112 107 273 249 180 161 175 276 269 167 311 103 114 273 321 214 216 254 144 126 333 188 177 122 186 102 186 199 92 170 258 167 126 140 136 256 251 156 173 167 156 134 331 237 269 135 271 213 289 308 161 87 132 216 140 105 131 193 232 254 93 120 166 259 321 123 187 163 285 308 151 285 168 208 190 178 84 222 263 321 143 279 145 201 219 181 247 82 169 134 95 166 147 95 131 140 227 215 274 100 132 225 155 208 200 144 219 271 245 243 276 333 112 82 123 169 258 143 295 191 198 177 156 81 152 276 110 145 163 123 246 239 149 262 217 283 133 236 228 206 232 285 139 233 195 139 251 256 165 252 281 161 129 275 126 184 280 183 238 343 251 131 285 103 91 304 190 251 191 239 178 218 157 89 235 109 267 113 286 114 253 109 192 158 147 261 87 114 178 306 179 174 244 173 170 275 158 304 148 143 160 177 204 135 188 133 
182 223 237 180 189 93 88 103 95 164 104 76 135 260 183 0 137 235 141 177 165 187 195 268 205 204 198 171 190 184 303 275 259 332 285 99 321 152 302 220 99 243 269 191 133 120 278 239 226 132 256 250 151 106 120 250 254 215 129 138 262 246 128 146 144 105 143 277 216 100 277 271 228 295 276 247 262 101 99 159 195 277 232 145 321 236 155 256 287 148 236 246 214 177 109 280 270 196 256 129 136 288 250 209 129 301 202 158 93 171 246 117 264 116 209 166 171 125 185 145 187 225 126 255 95 202 163 151 149 190 180 131 186 190 334 166 170 132 226 212 132 165 268 260 245 248 195 117 170 295 326 240 140 295 233 219 105 317 206 210 129 231 246 128 234 150 160 234 174 121 197 104 275 260 212 133 176 252 222 235 258 148 244 287 152 189 162 133 251 203 262 147 270 275 98 260 288 282 158 245 270 205 222 182 185 203 158 105 155 163 145 116 168 222 277 290 93 295 250 119 138 224 106 109 193 250 198 166 139 331 230 282 124 181 169 194 255 257 196 145 183 253 143 162 241 113 248 163 213 218 223 186 108 147 105 177 249 208 150 154 218 129 262 193 229 140 260 272 103 267 205 141 196 177 283 221 142 255 173 191 210 145 280 176 159 180 103 106 77 265 91 149 137 107 105 114 266 242 149 130 198 269 262 160 304 96 139 266 314 207 209 247 137 119 326 157 170 145 155 95 179 192 99 193 251 160 95 163 161 249 244 149 198 160 149 157 324 230 262 104 264 206 282 301 184 112 125 209 109 98 138 186 225 247 100 127 159 252 314 116 156 186 278 301 158 278 193 201 183 201 107 215 256 314 150 272 138 194 212 188 240 105 138 159 118 159 140 118 138 133 220 208 267 125 157 218 124 201 193 137 212 264 238 236 269 326 137 107 116 138 251 168 288 184 191 200 149 104 159 269 117 138 156 130 239 232 142 255 210 276 158 229 221 199 225 278 132 226 164 146 244 249 188 245 274 154 122 268 149 153 273 176 231 336 244 100 278 96 116 297 183 244 160 232 147 211 150 96 228 102 260 136 279 137 246 134 185 151 154 254 112 121 171 299 202 167 237 166 193 268 151 297 141 166 153 184 197 128 157 158 
133 174 188 131 140 44 73 66 68 115 65 61 86 211 144 137 0 186 114 162 150 148 146 219 156 155 149 156 141 145 254 226 210 283 236 84 272 137 253 171 50 194 220 142 106 83 229 190 177 83 207 201 102 91 105 201 205 166 114 123 213 197 79 97 129 68 116 228 167 51 228 222 179 246 227 198 213 74 84 110 146 228 183 130 272 187 116 207 238 99 187 197 165 128 82 231 221 159 207 80 97 239 201 160 114 252 153 131 78 156 197 102 215 77 160 151 134 88 136 108 160 176 77 206 80 153 126 102 134 141 131 82 137 141 285 151 121 95 177 163 93 116 219 211 196 199 146 78 121 246 277 191 113 246 184 170 68 268 157 161 114 182 197 91 185 135 111 185 159 106 148 89 226 211 163 118 139 203 173 186 209 99 195 238 137 140 113 94 202 154 213 110 221 226 49 211 239 233 131 196 221 156 173 143 148 154 131 90 128 114 130 77 119 173 228 241 78 246 201 80 101 175 91 72 156 201 149 117 90 282 181 233 109 132 142 155 206 208 147 130 134 204 128 147 192 86 199 148 164 169 174 159 69 110 66 128 200 159 113 117 169 114 213 156 180 103 211 223 54 218 156 126 147 128 234 172 93 206 124 142 161 96 231 139 110 143 88 69 62 216 76 110 98 80 56 87 217 193 134 115 161 220 213 111 255 47 100 217 265 158 160 198 88 104 277 142 121 108 140 80 130 143 72 156 202 111 80 126 122 200 195 134 159 145 100 120 275 181 213 89 215 157 233 252 147 73 110 160 94 49 111 137 176 198 73 100 144 203 265 101 141 149 229 252 131 229 154 152 134 164 70 166 207 265 123 223 123 145 163 161 191 68 123 120 81 110 91 81 111 118 171 159 218 86 118 169 109 152 144 88 163 215 189 187 220 277 98 68 101 123 202 129 239 135 142 163 100 67 132 220 90 89 107 103 190 183 93 206 161 227 119 180 172 150 176 229 83 177 149 119 195 200 151 196 225 105 107 219 112 138 224 161 182 287 195 85 229 47 77 248 134 195 145 183 132 162 101 69 179 53 211 99 230 100 197 95 136 136 127 205 73 94 122 250 165 152 188 151 156 219 102 248 92 129 104 157 148 79 142 119 
57 98 112 55 64 142 171 164 166 213 163 159 184 135 242 235 186 0 212 260 248 246 70 143 80 253 247 254 239 243 178 150 134 207 160 182 196 235 177 269 148 118 144 240 204 181 153 288 101 181 131 125 200 189 203 125 129 90 212 221 311 121 177 195 227 166 214 152 265 149 152 146 103 170 151 122 137 172 182 208 244 152 107 228 196 111 214 131 162 197 111 121 263 226 180 155 145 257 131 178 195 163 125 258 212 176 251 229 176 254 121 200 139 175 258 249 232 186 234 206 258 100 175 130 178 251 224 200 232 65 229 180 61 239 209 249 219 193 275 87 191 214 143 135 120 123 70 176 219 170 201 115 211 170 108 268 166 192 81 259 212 280 121 189 109 233 209 109 257 204 72 187 150 135 87 216 237 127 97 284 133 197 119 162 235 238 211 192 126 78 137 208 145 150 147 135 163 157 229 294 145 80 271 241 246 78 229 188 226 212 228 175 217 271 152 165 176 170 125 178 199 99 189 170 254 125 73 215 188 206 105 157 207 230 240 253 130 132 245 228 58 302 226 245 116 184 123 246 88 93 98 257 167 208 164 226 298 257 211 215 93 212 137 254 104 201 135 147 152 142 80 224 245 226 158 96 191 130 222 66 259 194 155 237 208 241 186 167 160 140 174 208 196 178 154 185 141 117 232 213 259 144 137 209 179 145 198 141 189 82 84 122 186 202 201 240 219 206 238 178 228 241 170 254 126 209 178 224 220 124 119 232 257 243 198 218 199 279 137 187 139 81 157 176 245 171 208 84 192 147 209 61 100 296 171 198 242 127 189 199 239 247 153 176 229 153 252 76 232 262 168 264 131 189 221 147 221 243 261 259 115 166 221 218 179 208 189 179 209 216 269 83 142 184 216 93 207 250 242 186 261 139 113 285 144 201 196 166 199 221 126 227 163 233 240 261 198 165 230 144 188 187 205 201 114 281 191 130 259 151 217 104 270 74 274 153 181 101 247 217 119 124 249 120 149 203 205 143 210 236 148 259 106 211 119 183 153 145 175 172 232 119 243 107 230 86 199 167 277 151 309 197 154 198 295 193 60 234 225 129 171 192 220 174 263 250 286 249 254 143 200 172 190 227 202 255 72 177 240 217 
159 200 214 157 166 70 53 54 46 129 55 65 112 237 134 141 114 212 0 142 154 138 172 245 182 169 163 160 155 135 280 252 236 309 262 64 298 141 279 197 76 220 246 156 84 71 255 204 203 109 233 227 128 71 109 227 231 192 118 103 227 223 105 123 133 56 94 254 181 77 254 248 205 272 253 224 239 52 88 136 160 254 209 110 298 213 106 233 264 125 213 223 179 142 60 257 247 147 233 106 87 265 227 174 118 278 167 109 58 136 223 106 241 67 174 155 122 76 162 96 138 202 103 232 84 179 114 128 114 167 145 108 163 167 311 155 147 83 203 189 83 142 245 237 222 225 172 68 147 272 303 217 91 272 210 196 56 294 183 175 118 208 223 79 211 139 137 211 163 110 174 93 252 237 189 122 127 229 199 200 235 125 221 264 117 166 139 84 228 180 239 98 247 252 75 237 265 259 109 210 247 182 199 133 136 180 109 70 106 140 110 67 133 187 254 267 58 272 227 70 89 201 71 60 144 227 175 143 116 308 207 259 89 158 120 145 232 234 161 134 160 218 132 151 218 64 225 128 190 195 200 137 59 98 56 142 214 173 101 105 195 94 239 144 206 91 237 249 80 244 182 130 173 154 260 198 119 232 150 168 187 122 257 127 136 131 92 57 66 242 56 100 88 58 82 65 243 219 138 119 149 246 239 137 281 73 90 243 291 184 186 224 114 84 303 146 135 96 144 60 156 169 50 144 228 137 84 114 112 226 221 114 149 125 126 108 301 207 239 93 241 183 259 278 135 63 90 186 98 75 89 163 202 212 51 78 124 229 291 81 145 137 255 278 109 255 144 178 160 152 58 192 233 291 101 249 103 159 189 139 217 56 127 110 69 136 117 69 89 98 197 185 244 76 108 195 113 178 170 114 177 241 215 201 246 303 88 58 81 127 228 119 265 161 168 151 126 55 110 246 68 115 133 81 216 197 119 232 175 253 109 206 186 176 190 255 109 203 153 97 221 226 139 222 251 131 87 245 100 142 250 141 208 313 221 89 255 73 67 274 160 221 149 209 136 188 127 47 193 79 225 87 256 88 211 85 162 116 105 231 63 72 136 276 153 132 202 131 144 245 128 274 118 117 130 135 174 105 146 109 
207 248 262 205 214 118 89 104 96 165 105 101 157 285 184 177 162 260 142 0 190 188 220 293 230 205 199 196 191 185 328 300 284 357 310 100 346 177 327 242 124 268 294 192 134 121 303 240 251 157 281 275 173 107 145 275 279 240 154 139 263 271 153 171 169 106 144 302 217 125 302 296 253 320 301 272 287 102 124 184 196 302 257 146 346 261 156 281 312 170 261 271 215 178 110 305 295 197 281 154 137 313 275 210 154 326 203 159 94 172 271 142 289 117 210 191 172 126 210 146 188 250 151 280 120 224 164 176 150 215 181 156 211 212 359 191 195 133 248 237 133 190 293 285 270 273 220 118 195 320 351 265 141 320 258 241 106 342 231 211 154 253 271 129 259 175 182 259 199 146 222 129 300 285 237 158 177 277 247 236 283 173 269 312 153 211 187 134 276 228 287 148 295 300 123 285 313 307 159 246 295 230 244 183 186 228 159 106 156 188 146 117 169 223 302 315 94 320 275 120 139 249 107 110 194 275 223 188 164 356 255 307 125 203 170 195 280 282 197 170 208 254 168 187 266 114 273 164 238 243 248 187 109 148 106 178 250 209 151 155 243 130 287 194 254 141 285 297 128 292 230 166 218 202 308 246 167 280 195 216 232 167 305 177 181 181 128 107 102 290 92 150 138 108 130 115 291 267 174 155 199 294 287 185 329 121 140 291 339 232 234 272 162 120 351 182 171 146 180 96 204 214 100 194 276 182 120 164 162 274 269 150 199 161 174 158 349 252 287 129 289 231 307 326 185 113 126 234 134 123 139 211 250 248 101 128 160 277 339 117 181 187 303 326 159 303 194 226 205 202 108 237 281 339 151 297 139 195 234 189 265 106 163 160 119 184 162 119 139 134 242 233 292 126 158 243 149 223 215 159 213 289 263 237 294 351 138 108 117 163 276 169 313 209 213 201 171 105 160 294 118 163 181 131 264 233 167 280 211 301 159 254 222 224 226 303 157 251 189 147 269 274 189 270 299 176 123 293 150 178 298 177 256 361 269 125 303 121 117 322 205 269 185 257 172 236 175 97 229 127 261 137 304 138 247 135 210 152 155 279 113 122 172 324 203 168 238 167 194 293 176 322 166 167 175 185 222 153 182 159 
195 236 250 193 202 106 101 116 108 177 117 89 148 273 196 165 150 248 154 190 0 200 208 281 218 217 211 184 203 197 316 288 272 345 298 112 334 165 315 233 112 256 282 204 146 133 291 252 239 145 269 263 164 119 133 263 267 228 142 151 275 259 141 159 157 118 156 290 229 113 290 284 241 308 289 260 275 114 112 172 208 290 245 158 334 249 168 269 300 161 249 259 227 190 122 293 283 209 269 142 149 301 263 222 142 314 215 171 106 184 259 130 277 129 222 179 184 138 198 158 200 238 139 268 108 215 176 164 162 203 193 144 199 203 347 179 183 145 239 225 145 178 281 273 258 261 208 130 183 308 339 253 153 308 246 232 118 330 219 223 142 244 259 141 247 163 173 247 187 134 210 117 288 273 225 146 189 265 235 248 271 161 257 300 165 202 175 146 264 216 275 160 283 288 111 273 301 295 171 258 283 218 235 195 198 216 171 118 168 176 158 129 181 235 290 303 106 308 263 132 151 237 119 122 206 263 211 179 152 344 243 295 137 194 182 207 268 270 209 158 196 266 156 175 254 126 261 176 226 231 236 199 121 160 118 190 262 221 163 167 231 142 275 206 242 153 273 285 116 280 218 154 209 190 296 234 155 268 186 204 223 158 293 189 172 193 116 119 90 278 104 162 150 120 118 127 279 255 162 143 211 282 275 173 317 109 152 279 327 220 222 260 150 132 339 170 183 158 168 108 192 205 112 206 264 173 108 176 174 262 257 162 211 173 162 170 337 243 275 117 277 219 295 314 197 125 138 222 122 111 151 199 238 260 113 140 172 265 327 129 169 199 291 314 171 291 206 214 196 214 120 228 269 327 163 285 151 207 225 201 253 118 151 172 131 172 153 131 151 146 233 221 280 138 170 231 137 214 206 150 225 277 251 249 282 339 150 120 129 151 264 181 301 197 204 213 162 117 172 282 130 151 169 143 252 245 155 268 223 289 171 242 234 212 238 291 145 239 177 159 257 262 201 258 287 167 135 281 162 166 286 189 244 349 257 113 291 109 129 310 196 257 173 245 160 224 163 109 241 115 273 149 292 150 259 147 198 164 167 267 125 134 184 312 215 180 250 179 206 281 164 310 154 179 166 197 210 141 170 171 
193 234 248 191 200 104 99 84 92 175 83 111 146 271 162 187 148 246 138 188 200 0 206 279 216 215 209 206 201 163 314 286 270 343 296 110 332 187 313 231 110 254 280 202 130 101 289 250 237 143 267 261 162 117 155 261 265 226 164 149 273 257 139 157 179 86 140 288 227 111 288 282 239 306 287 258 273 98 134 170 206 288 243 156 332 247 134 267 298 159 247 257 225 188 106 291 281 177 267 140 115 299 261 220 164 312 213 155 104 182 257 152 275 95 220 201 152 106 196 126 184 236 137 266 130 213 144 162 160 201 191 142 197 201 345 201 181 113 237 223 111 176 279 271 256 259 206 96 181 306 337 251 137 306 244 230 86 328 217 221 164 242 257 109 245 185 171 245 209 156 208 139 286 271 223 168 157 263 233 246 269 159 255 298 163 200 173 112 262 214 273 128 281 286 109 271 299 293 155 256 281 216 233 161 166 214 155 116 152 174 156 95 179 233 288 301 104 306 261 98 119 235 117 90 174 261 209 177 150 342 241 293 135 192 166 173 266 268 207 180 194 264 178 197 252 110 259 174 224 229 234 183 87 128 84 188 260 219 131 135 229 140 273 174 240 121 271 283 114 278 216 176 207 188 294 232 153 266 184 202 221 156 291 157 170 161 138 87 112 276 102 128 116 104 116 111 277 253 184 165 179 280 273 171 315 107 118 277 325 218 220 258 148 130 337 192 181 126 190 106 190 203 96 174 262 171 130 144 140 260 255 160 177 171 160 138 335 241 273 139 275 217 293 312 165 91 136 220 144 109 135 197 236 258 97 124 170 263 325 127 191 167 289 312 155 289 172 212 194 182 88 226 267 325 147 283 149 205 223 185 251 86 173 138 99 170 151 99 135 144 231 219 278 104 136 229 159 212 204 148 223 275 249 247 280 337 116 86 127 173 262 147 299 195 202 181 160 85 156 280 114 149 167 127 250 243 153 266 221 287 137 240 232 210 236 289 143 237 199 143 255 260 169 256 285 165 133 279 130 188 284 187 242 347 255 135 289 107 95 308 194 255 195 243 182 222 161 93 239 113 271 117 290 118 257 113 196 162 151 265 91 118 182 310 183 178 248 177 174 279 162 308 152 147 164 181 208 139 192 137 
13 54 72 15 20 102 131 124 126 173 123 119 144 91 202 195 146 70 172 220 208 206 0 99 36 213 207 214 199 203 138 106 90 167 116 142 152 195 133 229 108 74 100 200 164 141 113 248 57 141 87 81 160 149 163 81 89 46 172 181 271 77 137 155 187 126 174 108 225 109 112 102 59 126 107 82 93 132 142 168 204 108 63 188 152 67 174 91 122 157 67 81 223 186 140 115 105 217 87 138 155 119 81 218 172 132 211 189 136 214 81 160 95 135 218 209 192 146 194 166 218 56 135 90 138 211 184 160 192 25 189 140 21 199 169 209 179 153 235 43 151 174 99 95 76 83 30 136 179 130 161 71 171 126 64 228 126 148 37 219 172 240 81 149 69 193 169 65 217 164 28 147 110 95 43 176 197 87 53 244 93 157 79 122 195 198 171 152 82 38 97 168 105 110 107 95 123 117 189 254 105 36 231 201 206 38 189 148 186 172 188 135 177 231 108 121 136 126 85 138 159 55 149 130 214 85 29 175 148 166 61 117 167 190 200 213 86 88 205 188 14 262 186 205 72 144 83 206 48 53 54 217 127 168 124 186 258 217 171 175 49 172 97 214 60 161 91 103 112 98 36 184 205 186 118 52 151 86 182 22 219 154 115 197 168 201 146 127 120 96 134 168 156 138 114 145 101 73 192 173 219 100 97 169 135 105 158 101 149 38 40 78 146 162 161 200 179 166 198 138 188 201 130 214 82 169 138 184 180 80 75 192 217 203 158 178 159 239 97 147 95 37 113 132 205 131 168 40 152 107 169 17 56 256 131 158 202 87 145 159 199 207 109 132 189 109 212 32 192 222 128 224 87 145 181 107 181 203 221 219 75 126 181 178 139 168 149 139 169 176 229 39 98 144 176 49 167 210 202 146 221 95 69 245 104 161 156 126 159 181 86 187 123 193 200 221 158 125 190 100 148 147 165 161 70 241 151 90 219 111 177 60 230 30 234 109 141 57 207 177 75 84 209 76 109 163 165 99 170 196 108 219 62 171 79 143 109 105 135 132 192 75 203 63 190 42 159 127 237 111 269 157 110 158 255 153 20 194 185 85 131 152 180 134 223 210 246 209 214 99 160 128 150 187 162 215 28 137 200 177 
86 45 93 88 79 175 204 197 199 246 196 192 217 164 275 268 219 143 245 293 281 279 99 0 95 286 280 287 272 276 159 179 149 188 107 215 143 268 124 302 181 65 91 273 237 214 186 321 116 214 146 154 233 222 236 140 162 119 245 254 344 150 210 228 260 199 247 181 298 182 185 93 132 117 166 103 152 205 215 241 277 167 136 261 143 58 247 164 143 230 126 154 296 259 213 136 126 290 160 211 228 178 72 291 245 123 284 262 209 287 154 233 168 208 291 282 265 219 267 239 291 47 208 111 211 284 257 233 265 98 262 213 94 272 190 282 252 226 308 102 224 247 158 168 67 156 103 209 252 151 182 62 244 117 123 301 199 139 110 292 245 313 154 222 142 266 242 56 290 237 87 220 183 168 116 249 270 160 112 317 114 230 152 143 268 271 244 225 155 111 118 241 178 131 180 116 144 138 262 327 126 109 304 274 279 111 262 221 259 245 261 208 250 304 167 112 209 117 158 211 232 114 222 203 287 106 88 248 221 187 52 138 240 263 273 286 159 79 278 261 87 335 259 278 131 217 104 279 121 126 113 290 200 241 197 259 331 290 244 248 108 245 170 287 133 234 82 162 185 171 95 257 278 259 139 125 224 159 255 95 292 227 136 270 241 274 219 200 193 87 207 241 229 211 187 218 174 64 265 246 292 173 170 242 126 178 231 122 170 111 113 151 219 235 182 273 252 239 271 211 261 274 203 287 73 242 211 257 253 71 148 265 290 276 231 251 180 312 170 220 86 110 104 123 278 204 241 113 225 180 242 90 47 329 204 231 275 108 136 232 272 280 168 123 262 100 285 91 265 295 201 297 146 136 254 180 254 276 294 292 148 199 254 251 212 241 222 212 242 249 302 112 157 217 249 122 240 283 275 219 294 86 60 318 125 182 229 199 232 254 107 260 144 266 273 294 231 198 263 173 221 220 238 234 61 314 224 163 292 132 250 51 303 103 307 168 214 130 280 250 148 157 282 135 130 236 238 172 243 269 129 292 121 192 100 216 182 178 208 153 265 148 276 136 263 115 232 200 310 184 342 230 169 231 328 226 93 267 258 144 204 225 253 155 296 283 319 282 287 158 233 119 223 260 235 288 87 210 273 250 
23 50 78 25 16 112 141 134 136 183 133 129 154 101 212 205 156 80 182 230 218 216 36 95 0 223 217 224 209 213 144 116 86 173 112 152 148 205 129 239 118 70 96 210 174 151 123 258 53 151 83 91 170 159 173 77 99 56 182 191 281 87 147 165 197 136 184 118 235 119 122 98 69 122 103 88 89 142 152 178 214 104 73 198 148 63 184 101 128 167 63 91 233 196 150 121 111 227 97 148 165 115 77 228 182 128 221 199 146 224 91 170 105 145 228 219 202 156 204 176 228 52 145 96 148 221 194 170 202 35 199 150 31 209 175 219 189 163 245 39 161 184 95 105 72 93 40 146 189 136 167 67 181 122 60 238 136 144 47 229 182 250 91 159 79 203 179 61 227 174 24 157 120 105 53 186 207 97 49 254 99 167 89 128 205 208 181 162 92 48 103 178 115 116 117 101 129 123 199 264 111 46 241 211 216 48 199 158 196 182 198 145 187 241 104 117 146 122 95 148 169 51 159 140 224 91 25 185 158 172 57 123 177 200 210 223 96 84 215 198 24 272 196 215 68 154 89 216 58 63 50 227 137 178 134 196 268 227 181 185 45 182 107 224 70 171 87 99 122 108 32 194 215 196 124 62 161 96 192 32 229 164 121 207 178 211 156 137 130 92 144 178 166 148 124 155 111 69 202 183 229 110 107 179 131 115 168 107 155 48 50 88 156 172 167 210 189 176 208 148 198 211 140 224 78 179 148 194 190 76 85 202 227 213 168 188 165 249 107 157 91 47 109 128 215 141 178 50 162 117 179 27 52 266 141 168 212 93 141 169 209 217 105 128 199 105 222 28 202 232 138 234 83 141 191 117 191 213 231 229 85 136 191 188 149 178 159 149 179 186 239 49 94 154 186 59 177 220 212 156 231 91 65 255 110 167 166 136 169 191 92 197 129 203 210 231 168 135 200 110 158 157 175 171 66 251 161 100 229 117 187 56 240 40 244 105 151 67 217 187 85 94 219 72 115 173 175 109 180 206 114 229 58 177 85 153 119 115 145 138 202 85 213 73 200 52 169 137 247 121 279 167 106 168 265 163 30 204 195 81 141 162 190 140 233 220 256 219 224 95 170 124 160 197 172 225 24 147 210 187 
200 241 255 198 207 111 116 131 123 40 132 128 153 278 211 204 155 253 169 205 217 215 213 286 223 0 74 223 66 212 321 293 277 350 303 127 339 204 320 238 117 261 287 67 161 148 296 115 244 150 274 268 169 134 172 268 272 233 181 166 138 264 146 164 196 133 171 295 92 118 295 289 246 313 294 265 280 129 151 177 71 295 250 173 339 254 183 274 305 166 254 264 90 53 137 298 288 224 274 147 164 306 268 85 181 319 78 186 121 199 264 169 282 144 85 218 199 153 203 173 215 243 144 273 147 220 191 169 177 208 56 149 204 208 352 218 188 160 244 230 160 183 286 278 263 266 213 145 188 313 344 258 168 313 251 237 133 335 224 86 181 249 264 156 252 202 178 252 226 173 215 156 293 278 230 185 204 270 240 111 276 166 262 305 180 207 180 161 269 221 280 175 288 293 116 278 306 300 186 121 288 223 240 210 213 221 186 133 183 181 173 144 44 98 295 308 121 313 268 147 166 242 134 137 221 268 216 184 157 349 248 300 152 199 197 222 273 275 72 197 201 129 195 214 259 141 266 191 231 236 241 214 136 175 133 53 125 84 178 182 236 157 280 221 247 168 278 290 121 285 223 193 214 195 301 239 160 273 191 209 228 163 298 204 177 208 155 134 129 283 119 177 165 135 123 142 284 260 201 182 226 287 280 178 322 114 167 284 332 225 227 265 155 147 344 209 46 173 207 123 197 210 127 221 269 178 147 191 189 267 262 177 226 188 167 185 342 248 280 156 282 224 300 319 212 140 153 227 161 116 166 204 243 123 128 155 187 270 332 144 208 214 296 319 186 296 221 219 201 229 135 233 274 332 178 290 166 70 230 216 258 133 190 187 146 177 158 146 166 161 238 226 285 153 185 236 176 219 211 155 88 282 256 112 287 344 165 135 144 190 269 196 306 202 209 228 167 132 187 287 145 156 174 158 257 108 160 273 86 294 186 247 97 217 101 296 150 244 216 174 262 267 216 263 292 172 150 286 177 205 291 204 249 354 262 152 296 114 144 315 201 262 212 250 199 229 168 124 104 120 136 164 297 165 122 162 203 179 182 272 140 149 47 317 230 195 113 194 221 286 169 315 159 194 171 212 215 146 209 186 
194 235 249 192 201 105 110 125 117 34 126 122 147 272 205 198 149 247 163 199 211 209 207 280 217 74 0 217 60 206 315 287 271 344 297 121 333 198 314 232 111 255 281 61 155 142 290 109 238 144 268 262 163 128 166 262 266 227 175 160 132 258 140 158 190 127 165 289 86 112 289 283 240 307 288 259 274 123 145 171 65 289 244 167 333 248 177 268 299 160 248 258 84 47 131 292 282 218 268 141 158 300 262 79 175 313 72 180 115 193 258 163 276 138 79 212 193 147 197 167 209 237 138 267 141 214 185 163 171 202 50 143 198 202 346 212 182 154 238 224 154 177 280 272 257 260 207 139 182 307 338 252 162 307 245 231 127 329 218 80 175 243 258 150 246 196 172 246 220 167 209 150 287 272 224 179 198 264 234 105 270 160 256 299 174 201 174 155 263 215 274 169 282 287 110 272 300 294 180 115 282 217 234 204 207 215 180 127 177 175 167 138 38 92 289 302 115 307 262 141 160 236 128 131 215 262 210 178 151 343 242 294 146 193 191 216 267 269 66 191 195 123 189 208 253 135 260 185 225 230 235 208 130 169 127 47 119 78 172 176 230 151 274 215 241 162 272 284 115 279 217 187 208 189 295 233 154 267 185 203 222 157 292 198 171 202 149 128 123 277 113 171 159 129 117 136 278 254 195 176 220 281 274 172 316 108 161 278 326 219 221 259 149 141 338 203 40 167 201 117 191 204 121 215 263 172 141 185 183 261 256 171 220 182 161 179 336 242 274 150 276 218 294 313 206 134 147 221 155 110 160 198 237 117 122 149 181 264 326 138 202 208 290 313 180 290 215 213 195 223 129 227 268 326 172 284 160 64 224 210 252 127 184 181 140 171 152 140 160 155 232 220 279 147 179 230 170 213 205 149 82 276 250 106 281 338 159 129 138 184 263 190 300 196 203 222 161 126 181 281 139 150 168 152 251 102 154 267 80 288 180 241 91 211 95 290 144 238 210 168 256 261 210 257 286 166 144 280 171 199 285 198 243 348 256 146 290 108 138 309 195 256 206 244 193 223 162 118 98 114 130 158 291 159 116 156 197 173 176 266 134 143 41 311 224 189 107 188 215 280 163 309 153 188 165 206 209 140 203 180 
201 242 256 199 208 112 107 122 114 183 123 95 154 279 202 171 156 254 160 196 184 206 214 287 224 223 217 0 209 203 322 294 278 351 304 118 340 171 321 239 118 262 288 210 152 139 297 258 245 151 275 269 170 125 139 269 273 234 148 157 281 265 147 165 163 124 162 296 235 119 296 290 247 314 295 266 281 120 118 178 214 296 251 164 340 255 174 275 306 167 255 265 233 196 128 299 289 215 275 148 155 307 269 228 148 320 221 177 112 190 265 136 283 135 228 185 190 144 204 164 206 244 145 274 114 221 182 170 168 209 199 150 205 209 353 185 189 151 245 231 151 184 287 279 264 267 214 136 189 314 345 259 159 314 252 238 124 336 225 229 148 250 265 147 253 169 179 253 193 140 216 123 294 279 231 152 195 271 241 254 277 167 263 306 171 208 181 152 270 222 281 166 289 294 117 279 307 301 177 264 289 224 241 201 204 222 177 124 174 182 164 135 187 241 296 309 112 314 269 138 157 243 125 128 212 269 217 185 158 350 249 301 143 200 188 213 274 276 215 164 202 272 162 181 260 132 267 182 232 237 242 205 127 166 124 196 268 227 169 173 237 148 281 212 248 159 279 291 122 286 224 160 215 196 302 240 161 274 192 210 229 164 299 195 178 199 122 125 96 284 110 168 156 126 124 133 285 261 168 149 217 288 281 179 323 115 158 285 333 226 228 266 156 138 345 176 189 164 174 114 198 211 118 212 270 179 114 182 180 268 263 168 217 179 168 176 343 249 281 123 283 225 301 320 203 131 144 228 128 117 157 205 244 266 119 146 178 271 333 135 175 205 297 320 177 297 212 220 202 220 126 234 275 333 169 291 157 213 231 207 259 124 157 178 137 178 159 137 157 152 239 227 286 144 176 237 143 220 212 156 231 283 257 255 288 345 156 126 135 157 270 187 307 203 210 219 168 123 178 288 136 157 175 149 258 251 161 274 229 295 177 248 240 218 244 297 151 245 183 165 263 268 207 264 293 173 141 287 168 172 292 195 250 355 263 119 297 115 135 316 202 263 179 251 166 230 169 115 247 121 279 155 298 156 265 153 204 170 173 273 131 140 190 318 221 186 256 185 212 287 170 316 160 185 172 203 216 147 176 177 
186 227 241 184 193 97 102 117 109 26 118 114 139 264 197 190 141 239 155 191 203 201 199 272 209 66 60 209 0 198 307 279 263 336 289 113 325 190 306 224 103 247 273 53 147 134 282 101 230 136 260 254 155 120 158 254 258 219 167 152 124 250 132 150 182 119 157 281 78 104 281 275 232 299 280 251 266 115 137 163 57 281 236 159 325 240 169 260 291 152 240 250 76 39 123 284 274 210 260 133 150 292 254 71 167 305 64 172 107 185 250 155 268 130 71 204 185 139 189 159 201 229 130 259 133 206 177 155 163 194 42 135 190 194 338 204 174 146 230 216 146 169 272 264 249 252 199 131 174 299 330 244 154 299 237 223 119 321 210 72 167 235 250 142 238 188 164 238 212 159 201 142 279 264 216 171 190 256 226 97 262 152 248 291 166 193 166 147 255 207 266 161 274 279 102 264 292 286 172 107 274 209 226 196 199 207 172 119 169 167 159 130 30 84 281 294 107 299 254 133 152 228 120 123 207 254 202 170 143 335 234 286 138 185 183 208 259 261 58 183 187 115 181 200 245 127 252 177 217 222 227 200 122 161 119 39 111 70 164 168 222 143 266 207 233 154 264 276 107 271 209 179 200 181 287 225 146 259 177 195 214 149 284 190 163 194 141 120 115 269 105 163 151 121 109 128 270 246 187 168 212 273 266 164 308 100 153 270 318 211 213 251 141 133 330 195 32 159 193 109 183 196 113 207 255 164 133 177 175 253 248 163 212 174 153 171 328 234 266 142 268 210 286 305 198 126 139 213 147 102 152 190 229 109 114 141 173 256 318 130 194 200 282 305 172 282 207 205 187 215 121 219 260 318 164 276 152 56 216 202 244 119 176 173 132 163 144 132 152 147 224 212 271 139 171 222 162 205 197 141 74 268 242 98 273 330 151 121 130 176 255 182 292 188 195 214 153 118 173 273 131 142 160 144 243 94 146 259 72 280 172 233 83 203 87 282 136 230 202 160 248 253 202 249 278 158 136 272 163 191 277 190 235 340 248 138 282 100 130 301 187 248 198 236 185 215 154 110 90 106 122 150 283 151 108 148 189 165 168 258 126 135 33 303 216 181 99 180 207 272 155 301 145 180 157 198 201 132 195 172 
190 231 245 188 197 101 96 81 89 172 80 108 143 268 159 184 145 243 135 185 197 163 203 276 213 212 206 203 198 0 311 283 267 340 293 107 329 184 310 228 107 251 277 199 127 98 286 247 234 140 264 258 159 114 152 258 262 223 161 146 270 254 136 154 176 83 137 285 224 108 285 279 236 303 284 255 270 95 131 167 203 285 240 153 329 244 131 264 295 156 244 254 222 185 103 288 278 174 264 137 112 296 258 217 161 309 210 152 101 179 254 149 272 92 217 198 149 103 193 123 181 233 134 263 127 210 141 159 157 198 188 139 194 198 342 198 178 110 234 220 108 173 276 268 253 256 203 93 178 303 334 248 134 303 241 227 83 325 214 218 161 239 254 106 242 182 168 242 206 153 205 136 283 268 220 165 154 260 230 243 266 156 252 295 160 197 170 109 259 211 270 125 278 283 106 268 296 290 152 253 278 213 230 158 163 211 152 113 149 171 153 92 176 230 285 298 101 303 258 95 116 232 114 87 171 258 206 174 147 339 238 290 132 189 163 170 263 265 204 177 191 261 175 194 249 107 256 171 221 226 231 180 84 125 81 185 257 216 128 132 226 137 270 171 237 118 268 280 111 275 213 173 204 185 291 229 150 263 181 199 218 153 288 154 167 158 135 84 109 273 99 125 113 101 113 108 274 250 181 162 176 277 270 168 312 104 115 274 322 215 217 255 145 127 334 189 178 123 187 103 187 200 93 171 259 168 127 141 137 257 252 157 174 168 157 135 332 238 270 136 272 214 290 309 162 88 133 217 141 106 132 194 233 255 94 121 167 260 322 124 188 164 286 309 152 286 169 209 191 179 85 223 264 322 144 280 146 202 220 182 248 83 170 135 96 167 148 96 132 141 228 216 275 101 133 226 156 209 201 145 220 272 246 244 277 334 113 83 124 170 259 144 296 192 199 178 157 82 153 277 111 146 164 124 247 240 150 263 218 284 134 237 229 207 233 286 140 234 196 140 252 257 166 253 282 162 130 276 127 185 281 184 239 344 252 132 286 104 92 305 191 252 192 240 179 219 158 90 236 110 268 114 287 115 254 110 193 159 148 262 88 115 179 307 180 175 245 174 171 276 159 305 149 144 161 178 205 136 189 134 
125 114 66 123 128 210 239 232 234 281 231 227 252 203 310 303 254 178 280 328 316 314 138 159 144 321 315 322 307 311 0 218 198 161 176 250 212 303 193 337 216 134 160 308 272 249 221 356 165 249 195 193 268 257 271 189 197 158 280 289 379 189 245 263 295 234 282 220 333 217 220 162 171 186 215 76 201 240 250 276 312 216 175 296 212 127 282 199 116 265 175 189 331 294 248 109 99 325 199 246 263 227 141 326 280 192 319 297 244 322 189 268 207 243 326 317 300 254 302 274 326 116 243 84 246 319 292 268 300 133 297 248 129 307 163 317 287 261 343 151 259 282 207 203 136 191 138 244 287 124 155 131 279 186 172 336 234 208 149 327 280 348 189 257 177 301 277 125 325 272 136 255 218 203 155 284 305 195 161 352 87 265 187 116 303 306 279 260 194 146 91 276 213 104 215 89 117 111 297 362 99 148 339 309 314 146 297 256 294 280 296 243 285 339 216 181 244 186 193 246 267 163 257 238 322 79 137 283 256 160 121 111 275 298 308 321 198 148 313 296 126 370 294 313 180 252 77 314 156 161 162 325 235 276 232 294 366 325 279 283 157 280 205 322 172 269 151 211 220 210 144 292 313 294 112 164 259 198 290 134 327 262 109 305 276 309 254 235 228 156 242 276 264 246 222 253 209 133 300 281 327 212 205 277 195 213 266 95 143 150 152 190 254 270 155 308 287 274 306 246 296 309 238 322 142 277 246 292 288 140 187 300 325 311 266 286 153 347 205 255 155 149 173 192 313 239 276 152 260 215 277 129 116 364 239 266 310 81 205 267 307 315 217 192 297 169 320 140 300 330 236 332 195 205 289 215 289 311 329 327 183 234 289 286 247 276 257 247 277 284 337 151 206 252 284 161 275 318 310 254 329 155 129 353 98 155 264 234 267 289 80 295 117 301 308 329 266 233 298 212 256 255 273 269 130 349 259 198 327 105 285 120 338 142 342 217 249 169 315 285 187 192 317 184 103 271 273 211 278 304 102 327 170 165 73 251 221 213 243 126 300 187 311 175 298 154 267 235 345 219 377 265 218 266 363 261 128 302 293 193 239 260 288 128 331 318 354 317 322 207 268 188 258 295 270 323 136 245 308 285 
93 134 152 95 100 182 211 204 206 253 203 199 224 171 282 275 226 150 252 300 288 286 106 179 116 293 287 294 279 283 218 0 170 247 196 222 232 275 213 309 188 154 180 280 244 221 193 328 137 221 167 161 240 229 243 161 169 126 252 261 351 157 217 235 267 206 254 188 305 189 192 182 139 206 187 162 173 212 222 248 284 188 143 268 232 147 254 171 202 237 147 161 303 266 220 195 185 297 167 218 235 199 161 298 252 212 291 269 216 294 161 240 175 215 298 289 272 226 274 246 298 136 215 170 218 291 264 240 272 105 269 220 101 279 249 289 259 233 315 123 231 254 179 175 156 163 110 216 259 210 241 151 251 206 144 308 206 228 117 299 252 320 161 229 149 273 249 145 297 244 108 227 190 175 123 256 277 167 133 324 173 237 159 202 275 278 251 232 162 118 177 248 185 190 187 175 203 197 269 334 185 116 311 281 286 118 269 228 266 252 268 215 257 311 188 201 216 206 165 218 239 135 229 210 294 165 109 255 228 246 141 197 247 270 280 293 166 168 285 268 94 342 266 285 152 224 163 286 128 133 134 297 207 248 204 266 338 297 251 255 129 252 177 294 140 241 171 183 192 178 116 264 285 266 198 132 231 166 262 102 299 234 195 277 248 281 226 207 200 176 214 248 236 218 194 225 181 153 272 253 299 180 177 249 215 185 238 181 229 118 120 158 226 242 241 280 259 246 278 218 268 281 210 294 162 249 218 264 260 160 155 272 297 283 238 258 239 319 177 227 175 117 193 212 285 211 248 120 232 187 249 97 136 336 211 238 282 167 225 239 279 287 189 212 269 189 292 112 272 302 208 304 167 225 261 187 261 283 301 299 155 206 261 258 219 248 229 219 249 256 309 119 178 224 256 129 247 290 282 226 301 175 149 325 184 241 236 206 239 261 166 267 203 273 280 301 238 205 270 180 228 227 245 241 150 321 231 170 299 191 257 140 310 110 314 189 221 137 287 257 155 164 289 156 189 243 245 179 250 276 188 299 142 251 159 223 189 185 215 212 272 155 283 143 270 122 239 207 317 191 349 237 190 238 335 233 100 274 265 165 211 232 260 214 303 290 326 289 294 179 240 208 230 267 242 295 108 217 280 257 
77 104 132 79 70 166 195 188 190 237 187 183 208 155 266 259 210 134 236 284 272 270 90 149 86 277 271 278 263 267 198 170 0 227 166 206 202 259 183 293 172 124 150 264 228 205 177 312 107 205 137 145 224 213 227 131 153 110 236 245 335 141 201 219 251 190 238 172 289 173 176 152 123 176 157 142 143 196 206 232 268 158 127 252 202 117 238 155 182 221 117 145 287 250 204 175 165 281 151 202 219 169 131 282 236 182 275 253 200 278 145 224 159 199 282 273 256 210 258 230 282 106 199 150 202 275 248 224 256 89 253 204 85 263 229 273 243 217 299 93 215 238 149 159 126 147 94 200 243 190 221 121 235 176 114 292 190 198 101 283 236 304 145 213 133 257 233 115 281 228 78 211 174 159 107 240 261 151 103 308 153 221 143 182 259 262 235 216 146 102 157 232 169 170 171 155 183 177 253 318 165 100 295 265 270 102 253 212 250 236 252 199 241 295 158 171 200 176 149 202 223 105 213 194 278 145 79 239 212 226 111 177 231 254 264 277 150 138 269 252 78 326 250 269 122 208 143 270 112 117 104 281 191 232 188 250 322 281 235 239 99 236 161 278 124 225 141 153 176 162 86 248 269 250 178 116 215 150 246 86 283 218 175 261 232 265 210 191 184 146 198 232 220 202 178 209 165 123 256 237 283 164 161 233 185 169 222 161 209 102 104 142 210 226 221 264 243 230 262 202 252 265 194 278 132 233 202 248 244 130 139 256 281 267 222 242 219 303 161 211 145 101 163 182 269 195 232 104 216 171 233 81 106 320 195 222 266 147 195 223 263 271 159 182 253 159 276 82 256 286 192 288 137 195 245 171 245 267 285 283 139 190 245 242 203 232 213 203 233 240 293 103 148 208 240 113 231 274 266 210 285 145 119 309 164 221 220 190 223 245 146 251 183 257 264 285 222 189 254 164 212 211 229 225 120 305 215 154 283 171 241 110 294 94 298 159 205 121 271 241 139 148 273 126 169 227 229 163 234 260 168 283 112 231 139 207 173 169 199 192 256 139 267 127 254 106 223 191 301 175 333 221 160 222 319 217 84 258 249 135 195 216 244 194 287 274 310 273 278 149 224 178 214 251 226 279 78 201 264 241 
154 143 95 152 157 239 268 261 263 310 260 256 281 232 339 332 283 207 309 357 345 343 167 188 173 350 344 351 336 340 161 247 227 0 205 279 241 332 222 366 245 163 189 337 301 278 250 385 194 278 224 222 297 286 300 218 226 187 309 318 408 218 274 292 324 263 311 249 362 246 249 191 200 215 244 105 230 269 279 305 341 245 204 325 241 156 311 228 145 294 204 218 360 323 277 138 128 354 228 275 292 256 170 355 309 221 348 326 273 351 218 297 236 272 355 346 329 283 331 303 355 145 272 113 275 348 321 297 329 162 326 277 158 336 192 346 316 290 372 180 288 311 236 232 165 220 167 273 316 153 184 160 308 215 201 365 263 237 178 356 309 377 218 286 206 330 306 154 354 301 165 284 247 232 184 313 334 224 190 381 116 294 216 145 332 335 308 289 223 175 120 305 242 133 244 118 146 140 326 391 128 177 368 338 343 175 326 285 323 309 325 272 314 368 245 210 273 215 222 275 296 192 286 267 351 108 166 312 285 189 150 140 304 327 337 350 227 177 342 325 155 399 323 342 209 281 106 343 185 190 191 354 264 305 261 323 395 354 308 312 186 309 234 351 201 298 180 240 249 239 173 321 342 323 141 193 288 227 319 163 356 291 138 334 305 338 283 264 257 185 271 305 293 275 251 282 238 162 329 310 356 241 234 306 224 242 295 124 172 179 181 219 283 299 184 337 316 303 335 275 325 338 267 351 171 306 275 321 317 169 216 329 354 340 295 315 182 376 234 284 184 178 202 221 342 268 305 181 289 244 306 158 145 393 268 295 339 110 234 296 336 344 246 221 326 198 349 169 329 359 265 361 224 234 318 244 318 340 358 356 212 263 318 315 276 305 286 276 306 313 366 180 235 281 313 190 304 347 339 283 358 184 158 382 127 184 293 263 296 318 109 324 146 330 337 358 295 262 327 241 285 284 302 298 159 378 288 227 356 134 314 149 367 171 371 246 278 198 344 314 216 221 346 213 132 300 302 240 307 333 131 356 199 194 102 280 250 242 272 155 329 216 340 204 327 183 296 264 374 248 406 294 247 295 392 290 157 331 322 222 268 289 317 157 360 347 383 346 351 236 297 217 287 324 299 352 165 274 337 314 
103 62 110 105 96 192 221 214 216 263 213 209 234 181 292 285 236 160 262 310 298 296 116 107 112 303 297 304 289 293 176 196 166 205 0 232 160 285 141 319 198 82 108 290 254 231 203 338 133 231 163 171 250 239 253 157 179 136 262 271 361 167 227 245 277 216 264 198 315 199 202 110 149 134 183 120 169 222 232 258 294 184 153 278 160 75 264 181 160 247 143 171 313 276 230 153 143 307 177 228 245 195 89 308 262 140 301 279 226 304 171 250 185 225 308 299 282 236 284 256 308 64 225 128 228 301 274 250 282 115 279 230 111 289 207 299 269 243 325 119 241 264 175 185 84 173 120 226 269 168 199 79 261 134 140 318 216 156 127 309 262 330 171 239 159 283 259 73 307 254 104 237 200 185 133 266 287 177 129 334 131 247 169 160 285 288 261 242 172 128 135 258 195 148 197 133 161 155 279 344 143 126 321 291 296 128 279 238 276 262 278 225 267 321 184 129 226 134 175 228 249 131 239 220 304 123 105 265 238 204 69 155 257 280 290 303 176 96 295 278 104 352 276 295 148 234 121 296 138 143 130 307 217 258 214 276 348 307 261 265 125 262 187 304 150 251 99 179 202 188 112 274 295 276 156 142 241 176 272 112 309 244 153 287 258 291 236 217 210 104 224 258 246 228 204 235 191 81 282 263 309 190 187 259 143 195 248 139 187 128 130 168 236 252 199 290 269 256 288 228 278 291 220 304 90 259 228 274 270 88 165 282 307 293 248 268 197 329 187 237 103 127 121 140 295 221 258 130 242 197 259 107 64 346 221 248 292 125 153 249 289 297 185 140 279 117 302 108 282 312 218 314 163 153 271 197 271 293 311 309 165 216 271 268 229 258 239 229 259 266 319 129 174 234 266 139 257 300 292 236 311 103 77 335 142 199 246 216 249 271 124 277 161 283 290 311 248 215 280 190 238 237 255 251 78 331 241 180 309 149 267 68 320 120 324 185 231 147 297 267 165 174 299 152 147 253 255 189 260 286 146 309 138 209 117 233 199 195 225 170 282 165 293 153 280 132 249 217 327 201 359 247 186 248 345 243 110 284 275 161 221 242 270 172 313 300 336 299 304 175 250 136 240 277 252 305 104 227 290 267 
129 170 184 127 136 40 11 26 18 87 27 23 79 207 106 99 84 182 64 100 112 110 142 215 152 127 121 118 113 107 250 222 206 279 232 0 268 99 249 164 46 190 216 114 56 43 225 162 173 79 203 197 95 29 67 197 201 162 76 61 185 193 75 93 91 28 66 224 139 47 224 218 175 242 223 194 209 24 46 106 118 224 179 68 268 183 78 203 234 92 183 193 137 100 32 227 217 119 203 76 59 235 197 132 76 248 125 81 16 94 193 64 211 39 132 113 94 48 132 68 110 172 73 202 42 146 86 98 72 137 103 78 133 134 281 113 117 55 170 159 55 112 215 207 192 195 142 40 117 242 273 187 63 242 180 163 28 264 153 133 76 175 193 51 181 97 104 181 121 68 144 51 222 207 159 80 99 199 169 158 205 95 191 234 75 133 109 56 198 150 209 70 217 222 45 207 235 229 81 168 217 152 166 105 108 150 81 28 78 110 68 39 91 145 224 237 16 242 197 42 61 171 29 32 116 197 145 110 86 278 177 229 47 125 92 117 202 204 119 92 130 176 90 109 188 36 195 86 160 165 170 109 31 70 28 100 172 131 73 77 165 52 209 116 176 63 207 219 50 214 152 88 140 124 230 168 89 202 117 138 154 89 227 99 103 103 50 29 24 212 14 72 60 30 52 37 213 189 96 77 121 216 209 107 251 43 62 213 261 154 156 194 84 42 273 104 93 68 102 18 126 136 22 116 198 104 42 86 84 196 191 72 121 83 96 80 271 174 209 51 211 153 229 248 107 35 48 156 56 45 61 133 172 170 23 50 82 199 261 39 103 109 225 248 81 225 116 148 127 124 30 159 203 261 73 219 61 117 156 111 187 28 85 82 41 106 84 41 61 56 164 155 214 48 80 165 71 145 137 81 135 211 185 159 216 273 60 30 39 85 198 91 235 131 135 123 93 27 82 216 40 85 103 53 186 155 89 202 133 223 81 176 144 146 148 225 79 173 111 69 191 196 111 192 221 98 45 215 72 100 220 99 178 283 191 47 225 43 39 244 127 191 107 179 94 158 97 19 151 49 183 59 226 60 169 57 132 74 77 201 35 44 94 246 125 90 160 89 116 215 98 244 88 89 97 107 144 75 104 81 
139 98 146 141 132 228 257 250 252 299 249 245 270 217 328 321 272 196 298 346 334 332 152 143 148 339 333 340 325 329 212 232 202 241 160 268 0 321 177 355 234 118 144 326 290 267 239 374 169 267 199 207 286 275 289 193 215 172 298 307 397 203 263 281 313 252 300 234 351 235 238 146 185 170 219 156 205 258 268 294 330 220 189 314 196 111 300 217 196 283 179 207 349 312 266 189 179 343 213 264 281 231 125 344 298 176 337 315 262 340 207 286 221 261 344 335 318 272 320 292 344 100 261 164 264 337 310 286 318 151 315 266 147 325 243 335 305 279 361 155 277 300 211 221 120 209 156 262 305 204 235 115 297 170 176 354 252 192 163 345 298 366 207 275 195 319 295 109 343 290 140 273 236 221 169 302 323 213 165 370 167 283 205 196 321 324 297 278 208 164 171 294 231 184 233 169 197 191 315 380 179 162 357 327 332 164 315 274 312 298 314 261 303 357 220 165 262 170 211 264 285 167 275 256 340 159 141 301 274 240 105 191 293 316 326 339 212 132 331 314 140 388 312 331 184 270 157 332 174 179 166 343 253 294 250 312 384 343 297 301 161 298 223 340 186 287 135 215 238 224 148 310 331 312 192 178 277 212 308 148 345 280 189 323 294 327 272 253 246 140 260 294 282 264 240 271 227 117 318 299 345 226 223 295 179 231 284 175 223 164 166 204 272 288 235 326 305 292 324 264 314 327 256 340 126 295 264 310 306 124 201 318 343 329 284 304 233 365 223 273 139 163 157 176 331 257 294 166 278 233 295 143 100 382 257 284 328 161 189 285 325 333 221 176 315 153 338 144 318 348 254 350 199 189 307 233 307 329 347 345 201 252 307 304 265 294 275 265 295 302 355 165 210 270 302 175 293 336 328 272 347 139 113 371 178 235 282 252 285 307 160 313 197 319 326 347 284 251 316 226 274 273 291 287 114 367 277 216 345 185 303 104 356 156 360 221 267 183 333 303 201 210 335 188 183 289 291 225 296 322 182 345 174 245 153 269 235 231 261 206 318 201 329 189 316 168 285 253 363 237 395 283 222 284 381 279 146 320 311 197 257 278 306 208 349 336 372 335 340 211 286 172 276 313 288 341 140 263 326 303 
182 223 237 180 189 93 88 103 95 164 104 76 135 260 183 152 137 235 141 177 165 187 195 268 205 204 198 171 190 184 303 275 259 332 285 99 321 0 302 220 99 243 269 191 133 120 278 239 226 132 256 250 151 106 120 250 254 215 129 138 262 246 128 146 144 105 143 277 216 100 277 271 228 295 276 247 262 101 99 159 195 277 232 145 321 236 155 256 287 148 236 246 214 177 109 280 270 196 256 129 136 288 250 209 129 301 202 158 93 171 246 117 264 116 209 166 171 125 185 145 187 225 126 255 95 202 163 151 149 190 180 131 186 190 334 166 170 132 226 212 132 165 268 260 245 248 195 117 170 295 326 240 140 295 233 219 105 317 206 210 129 231 246 128 234 150 160 234 174 121 197 104 275 260 212 133 176 252 222 235 258 148 244 287 152 189 162 133 251 203 262 147 270 275 98 260 288 282 158 245 270 205 222 182 185 203 158 105 155 163 145 116 168 222 277 290 93 295 250 119 138 224 106 109 193 250 198 166 139 331 230 282 124 181 169 194 255 257 196 145 183 253 143 162 241 113 248 163 213 218 223 186 108 147 105 177 249 208 150 154 218 129 262 193 229 140 260 272 103 267 205 141 196 177 283 221 142 255 173 191 210 145 280 176 159 180 103 106 77 265 91 149 137 107 105 114 266 242 149 130 198 269 262 160 304 96 139 266 314 207 209 247 137 119 326 157 170 145 155 95 179 192 99 193 251 160 95 163 161 249 244 149 198 160 149 157 324 230 262 104 264 206 282 301 184 112 125 209 109 98 138 186 225 247 100 127 159 252 314 116 156 186 278 301 158 278 193 201 183 201 107 215 256 314 150 272 138 194 212 188 240 105 138 159 118 159 140 118 138 133 220 208 267 125 157 218 124 201 193 137 212 264 238 236 269 326 137 107 116 138 251 168 288 184 191 200 149 104 159 269 117 138 156 130 239 232 142 255 210 276 158 229 221 199 225 278 132 226 164 146 244 249 188 245 274 154 122 268 149 153 273 176 231 336 244 100 278 96 116 297 183 244 160 232 147 211 150 96 228 102 260 136 279 137 246 134 185 151 154 254 112 121 171 299 202 167 237 166 193 268 151 297 141 166 153 184 197 128 157 158 
120 79 127 122 113 209 238 231 233 280 230 226 251 198 309 302 253 177 279 327 315 313 133 124 129 320 314 321 306 310 193 213 183 222 141 249 177 302 0 336 215 99 125 307 271 248 220 355 150 248 180 188 267 256 270 174 196 153 279 288 378 184 244 262 294 233 281 215 332 216 219 127 166 151 200 137 186 239 249 275 311 201 170 295 177 92 281 198 177 264 160 188 330 293 247 170 160 324 194 245 262 212 106 325 279 157 318 296 243 321 188 267 202 242 325 316 299 253 301 273 325 81 242 145 245 318 291 267 299 132 296 247 128 306 224 316 286 260 342 136 258 281 192 202 101 190 137 243 286 185 216 96 278 151 157 335 233 173 144 326 279 347 188 256 176 300 276 90 324 271 121 254 217 202 150 283 304 194 146 351 148 264 186 177 302 305 278 259 189 145 152 275 212 165 214 150 178 172 296 361 160 143 338 308 313 145 296 255 293 279 295 242 284 338 201 146 243 151 192 245 266 148 256 237 321 140 122 282 255 221 86 172 274 297 307 320 193 113 312 295 121 369 293 312 165 251 138 313 155 160 147 324 234 275 231 293 365 324 278 282 142 279 204 321 167 268 116 196 219 205 129 291 312 293 173 159 258 193 289 129 326 261 170 304 275 308 253 234 227 121 241 275 263 245 221 252 208 98 299 280 326 207 204 276 160 212 265 156 204 145 147 185 253 269 216 307 286 273 305 245 295 308 237 321 107 276 245 291 287 105 182 299 324 310 265 285 214 346 204 254 120 144 138 157 312 238 275 147 259 214 276 124 81 363 238 265 309 142 170 266 306 314 202 157 296 134 319 125 299 329 235 331 180 170 288 214 288 310 328 326 182 233 288 285 246 275 256 246 276 283 336 146 191 251 283 156 274 317 309 253 328 120 94 352 159 216 263 233 266 288 141 294 178 300 307 328 265 232 297 207 255 254 272 268 95 348 258 197 326 166 284 85 337 137 341 202 248 164 314 284 182 191 316 169 164 270 272 206 277 303 163 326 155 226 134 250 216 212 242 187 299 182 310 170 297 149 266 234 344 218 376 264 203 265 362 260 127 301 292 178 238 259 287 189 330 317 353 316 321 192 267 153 257 294 269 322 121 244 307 284 
216 257 271 214 223 127 153 149 151 198 148 144 85 294 227 220 171 269 197 242 233 231 229 302 239 238 232 239 224 228 337 309 293 366 319 164 355 220 336 0 133 277 303 225 189 166 312 273 260 166 290 284 101 171 188 284 288 249 197 203 296 280 162 180 212 151 199 311 250 134 311 305 262 329 310 281 296 157 167 193 229 311 266 210 355 270 199 290 321 98 270 280 248 211 165 314 304 242 290 163 180 322 284 243 197 335 236 214 158 236 280 185 298 160 243 234 217 171 219 191 243 259 160 289 163 152 209 185 214 224 214 165 220 140 368 234 204 178 176 246 176 199 302 294 279 282 229 161 204 329 360 274 196 329 267 169 151 351 240 244 197 181 280 174 268 218 110 268 242 189 231 172 309 294 246 201 222 286 256 269 292 182 278 321 217 139 196 177 285 237 296 193 304 309 132 294 322 316 214 279 304 239 172 226 231 237 214 170 211 197 210 160 202 256 311 324 158 329 284 163 184 258 171 155 239 284 232 116 173 365 264 316 189 131 225 238 289 291 230 213 217 287 211 230 275 169 282 228 247 252 257 242 152 193 149 211 283 242 196 200 252 194 296 239 263 186 294 306 137 301 239 209 146 211 317 255 176 289 123 225 160 95 314 222 109 226 171 152 145 299 156 193 181 163 139 170 300 276 217 198 244 303 296 194 338 130 183 300 348 241 243 281 171 184 360 225 204 191 223 160 213 142 155 239 285 110 163 209 205 283 278 214 242 225 183 203 358 180 296 172 298 240 316 335 230 156 190 243 177 132 194 220 259 281 156 183 224 286 348 181 224 232 312 335 214 312 237 235 133 247 153 165 290 348 206 306 203 228 162 244 274 151 206 203 164 193 90 164 194 198 170 242 301 169 201 252 192 151 143 87 246 298 272 270 303 360 181 151 181 206 285 212 322 218 141 246 99 150 215 303 173 172 190 186 273 266 176 289 244 310 202 263 255 233 259 312 166 260 232 202 278 283 234 279 308 104 187 302 195 221 307 241 265 370 278 168 312 130 160 331 133 278 228 266 215 245 184 152 262 136 294 182 313 183 280 178 219 216 210 288 156 177 205 333 248 232 271 231 239 302 185 331 175 212 103 240 231 162 225 202 
95 136 150 93 102 6 35 28 30 77 27 23 48 173 106 99 50 148 76 124 112 110 108 181 118 117 111 118 103 107 216 188 172 245 198 46 234 99 215 133 0 156 182 104 68 45 191 152 139 45 169 163 64 53 67 163 167 128 76 85 175 159 41 59 91 30 78 190 129 13 190 184 141 208 189 160 175 36 46 72 108 190 145 92 234 149 78 169 200 61 149 159 127 90 44 193 183 121 169 42 59 201 163 122 76 214 115 93 40 118 159 64 177 39 122 113 96 50 98 70 122 138 39 168 42 115 88 64 96 103 93 44 99 103 247 113 83 57 139 125 55 78 181 173 158 161 108 40 83 208 239 153 75 208 146 132 30 230 119 123 76 144 159 53 147 97 73 147 121 68 110 51 188 173 125 80 101 165 135 148 171 61 157 200 99 102 75 56 164 116 175 72 183 188 11 173 201 195 93 158 183 118 135 105 110 116 93 52 90 76 92 39 81 135 190 203 40 208 163 42 63 137 53 34 118 163 111 79 52 244 143 195 71 94 104 117 168 170 109 92 96 166 90 109 154 48 161 110 126 131 136 121 31 72 28 90 162 121 75 79 131 76 175 118 142 65 173 185 16 180 118 88 109 90 196 134 55 168 86 104 123 58 193 101 72 105 50 31 24 178 38 72 60 42 18 49 179 155 96 77 123 182 175 73 217 9 62 179 227 120 122 160 50 66 239 104 83 70 102 42 92 105 34 118 164 73 42 88 84 162 157 96 121 107 62 82 237 143 175 51 177 119 195 214 109 35 72 122 56 11 73 99 138 160 35 62 106 165 227 63 103 111 191 214 93 191 116 114 96 126 32 128 169 227 85 185 85 107 125 123 153 30 85 82 43 72 53 43 73 80 133 121 180 48 80 131 71 114 106 50 125 177 151 149 182 239 60 30 63 85 164 91 201 97 104 125 62 29 94 182 52 51 69 65 152 145 55 168 123 189 81 142 134 112 138 191 45 139 111 81 157 162 113 158 187 67 69 181 74 100 186 123 144 249 157 47 191 9 39 210 96 157 107 145 94 124 63 31 141 15 173 61 192 62 159 57 98 98 89 167 35 56 84 212 127 114 150 113 118 181 64 210 54 91 66 119 110 41 104 81 
61 20 68 63 54 150 179 172 174 221 171 167 192 139 250 243 194 118 220 268 256 254 74 65 70 261 255 262 247 251 134 154 124 163 82 190 118 243 99 277 156 0 66 248 212 189 161 296 91 189 121 129 208 197 211 115 137 94 220 229 319 125 185 203 235 174 222 156 273 157 160 68 107 92 141 78 127 180 190 216 252 142 111 236 118 33 222 139 118 205 101 129 271 234 188 111 101 265 135 186 203 153 47 266 220 98 259 237 184 262 129 208 143 183 266 257 240 194 242 214 266 22 183 86 186 259 232 208 240 73 237 188 69 247 165 257 227 201 283 77 199 222 133 143 42 131 78 184 227 126 157 37 219 92 98 276 174 114 85 267 220 288 129 197 117 241 217 31 265 212 62 195 158 143 91 224 245 135 87 292 89 205 127 118 243 246 219 200 130 86 93 216 153 106 155 91 119 113 237 302 101 84 279 249 254 86 237 196 234 220 236 183 225 279 142 87 184 92 133 186 207 89 197 178 262 81 63 223 196 162 27 113 215 238 248 261 134 54 253 236 62 310 234 253 106 192 79 254 96 101 88 265 175 216 172 234 306 265 219 223 83 220 145 262 108 209 57 137 160 146 70 232 253 234 114 100 199 134 230 70 267 202 111 245 216 249 194 175 168 62 182 216 204 186 162 193 149 39 240 221 267 148 145 217 101 153 206 97 145 86 88 126 194 210 157 248 227 214 246 186 236 249 178 262 48 217 186 232 228 46 123 240 265 251 206 226 155 287 145 195 61 85 79 98 253 179 216 88 200 155 217 65 22 304 179 206 250 83 111 207 247 255 143 98 237 75 260 66 240 270 176 272 121 111 229 155 229 251 269 267 123 174 229 226 187 216 197 187 217 224 277 87 132 192 224 97 215 258 250 194 269 61 35 293 100 157 204 174 207 229 82 235 119 241 248 269 206 173 238 148 196 195 213 209 36 289 199 138 267 107 225 26 278 78 282 143 189 105 255 225 123 132 257 110 105 211 213 147 218 244 104 267 96 167 75 191 157 153 183 128 240 123 251 111 238 90 207 175 285 159 317 205 144 206 303 201 68 242 233 119 179 200 228 130 271 258 294 257 262 133 208 94 198 235 210 263 62 185 248 225 
87 46 94 89 80 176 205 198 200 247 197 193 218 165 276 269 220 144 246 294 282 280 100 91 96 287 281 288 273 277 160 180 150 189 108 216 144 269 125 303 182 66 0 274 238 215 187 322 117 215 147 155 234 223 237 141 163 120 246 255 345 151 211 229 261 200 248 182 299 183 186 94 133 118 167 104 153 206 216 242 278 168 137 262 144 59 248 165 144 231 127 155 297 260 214 137 127 291 161 212 229 179 73 292 246 124 285 263 210 288 155 234 169 209 292 283 266 220 268 240 292 48 209 112 212 285 258 234 266 99 263 214 95 273 191 283 253 227 309 103 225 248 159 169 68 157 104 210 253 152 183 63 245 118 124 302 200 140 111 293 246 314 155 223 143 267 243 57 291 238 88 221 184 169 117 250 271 161 113 318 115 231 153 144 269 272 245 226 156 112 119 242 179 132 181 117 145 139 263 328 127 110 305 275 280 112 263 222 260 246 262 209 251 305 168 113 210 118 159 212 233 115 223 204 288 107 89 249 222 188 53 139 241 264 274 287 160 80 279 262 88 336 260 279 132 218 105 280 122 127 114 291 201 242 198 260 332 291 245 249 109 246 171 288 134 235 83 163 186 172 96 258 279 260 140 126 225 160 256 96 293 228 137 271 242 275 220 201 194 88 208 242 230 212 188 219 175 65 266 247 293 174 171 243 127 179 232 123 171 112 114 152 220 236 183 274 253 240 272 212 262 275 204 288 74 243 212 258 254 72 149 266 291 277 232 252 181 313 171 221 87 111 105 124 279 205 242 114 226 181 243 91 48 330 205 232 276 109 137 233 273 281 169 124 263 101 286 92 266 296 202 298 147 137 255 181 255 277 295 293 149 200 255 252 213 242 223 213 243 250 303 113 158 218 250 123 241 284 276 220 295 87 61 319 126 183 230 200 233 255 108 261 145 267 274 295 232 199 264 174 222 221 239 235 62 315 225 164 293 133 251 52 304 104 308 169 215 131 281 251 149 158 283 136 131 237 239 173 244 270 130 293 122 193 101 217 183 179 209 154 266 149 277 137 264 116 233 201 311 185 343 231 170 232 329 227 94 268 259 145 205 226 254 156 297 284 320 283 288 159 234 120 224 261 236 289 88 211 274 251 
187 228 242 185 194 98 103 118 110 27 119 115 140 265 198 191 142 240 156 192 204 202 200 273 210 67 61 210 53 199 308 280 264 337 290 114 326 191 307 225 104 248 274 0 148 135 283 102 231 137 261 255 156 121 159 255 259 220 168 153 125 251 133 151 183 120 158 282 79 105 282 276 233 300 281 252 267 116 138 164 58 282 237 160 326 241 170 261 292 153 241 251 77 40 124 285 275 211 261 134 151 293 255 72 168 306 65 173 108 186 251 156 269 131 72 205 186 140 190 160 202 230 131 260 134 207 178 156 164 195 43 136 191 195 339 205 175 147 231 217 147 170 273 265 250 253 200 132 175 300 331 245 155 300 238 224 120 322 211 73 168 236 251 143 239 189 165 239 213 160 202 143 280 265 217 172 191 257 227 98 263 153 249 292 167 194 167 148 256 208 267 162 275 280 103 265 293 287 173 108 275 210 227 197 200 208 173 120 170 168 160 131 31 85 282 295 108 300 255 134 153 229 121 124 208 255 203 171 144 336 235 287 139 186 184 209 260 262 59 184 188 116 182 201 246 128 253 178 218 223 228 201 123 162 120 40 112 71 165 169 223 144 267 208 234 155 265 277 108 272 210 180 201 182 288 226 147 260 178 196 215 150 285 191 164 195 142 121 116 270 106 164 152 122 110 129 271 247 188 169 213 274 267 165 309 101 154 271 319 212 214 252 142 134 331 196 33 160 194 110 184 197 114 208 256 165 134 178 176 254 249 164 213 175 154 172 329 235 267 143 269 211 287 306 199 127 140 214 148 103 153 191 230 110 115 142 174 257 319 131 195 201 283 306 173 283 208 206 188 216 122 220 261 319 165 277 153 57 217 203 245 120 177 174 133 164 145 133 153 148 225 213 272 140 172 223 163 206 198 142 75 269 243 99 274 331 152 122 131 177 256 183 293 189 196 215 154 119 174 274 132 143 161 145 244 95 147 260 73 281 173 234 84 204 88 283 137 231 203 161 249 254 203 250 279 159 137 273 164 192 278 191 236 341 249 139 283 101 131 302 188 249 199 237 186 216 155 111 91 107 123 151 284 152 109 149 190 166 169 259 127 136 34 304 217 182 100 181 208 273 156 302 146 181 158 199 202 133 196 173 
151 192 206 149 158 62 45 46 38 121 47 57 104 229 126 133 106 204 84 134 146 130 164 237 174 161 155 152 147 127 272 244 228 301 254 56 290 133 271 189 68 212 238 148 0 63 247 196 195 101 225 219 120 63 101 219 223 184 110 95 219 215 97 115 125 48 86 246 173 69 246 240 197 264 245 216 231 44 80 128 152 246 201 102 290 205 98 225 256 117 205 215 171 134 52 249 239 139 225 98 79 257 219 166 110 270 159 101 50 128 215 98 233 59 166 147 114 68 154 88 130 194 95 224 76 171 106 120 106 159 137 100 155 159 303 147 139 75 195 181 75 134 237 229 214 217 164 60 139 264 295 209 83 264 202 188 48 286 175 167 110 200 215 71 203 131 129 203 155 102 166 85 244 229 181 114 119 221 191 192 227 117 213 256 109 158 131 76 220 172 231 90 239 244 67 229 257 251 101 202 239 174 191 125 128 172 101 62 98 132 102 59 125 179 246 259 50 264 219 62 81 193 63 52 136 219 167 135 108 300 199 251 81 150 112 137 224 226 153 126 152 210 124 143 210 56 217 120 182 187 192 129 51 90 48 134 206 165 93 97 187 86 231 136 198 83 229 241 72 236 174 122 165 146 252 190 111 224 142 160 179 114 249 119 128 123 84 49 58 234 48 92 80 50 74 57 235 211 130 111 141 238 231 129 273 65 82 235 283 176 178 216 106 76 295 138 127 88 136 52 148 161 42 136 220 129 76 106 104 218 213 106 141 117 118 100 293 199 231 85 233 175 251 270 127 55 82 178 90 67 81 155 194 204 43 70 116 221 283 73 137 129 247 270 101 247 136 170 152 144 50 184 225 283 93 241 95 151 181 131 209 48 119 102 61 128 109 61 81 90 189 177 236 68 100 187 105 170 162 106 169 233 207 193 238 295 80 50 73 119 220 111 257 153 160 143 118 47 102 238 60 107 125 73 208 189 111 224 167 245 101 198 178 168 182 247 101 195 145 89 213 218 131 214 243 123 79 237 92 134 242 133 200 305 213 81 247 65 59 266 152 213 141 201 128 180 119 39 185 71 217 79 248 80 203 77 154 108 97 223 55 64 128 268 145 124 194 123 136 237 120 266 110 109 122 127 166 97 138 101 
128 169 183 126 135 39 32 17 25 108 18 44 81 206 97 120 83 181 71 121 133 101 141 214 151 148 142 139 134 98 249 221 205 278 231 43 267 120 248 166 45 189 215 135 63 0 224 183 172 78 202 196 97 50 88 196 200 161 97 82 206 192 74 92 112 19 73 223 160 46 223 217 174 241 222 193 208 31 67 105 139 223 178 89 267 182 69 202 233 94 182 192 158 121 39 226 216 110 202 75 50 234 196 153 97 247 146 88 37 115 192 85 210 30 153 134 85 39 131 59 117 171 72 201 63 148 77 97 93 136 124 77 132 136 280 134 116 46 172 158 46 111 214 206 191 194 141 31 116 241 272 186 70 241 179 165 19 263 152 154 97 177 192 42 180 118 106 180 142 89 143 72 221 206 158 101 90 198 168 179 204 94 190 233 96 135 108 47 197 149 208 61 216 221 44 206 234 228 88 189 216 151 168 96 99 149 88 49 85 109 89 30 112 166 223 236 37 241 196 33 52 170 50 23 107 196 144 112 85 277 176 228 68 127 99 108 201 203 140 113 129 197 111 130 187 43 194 107 159 164 169 116 22 61 19 121 193 152 64 68 164 73 208 107 175 54 206 218 49 213 151 109 142 123 229 167 88 201 119 137 156 91 226 90 105 94 71 20 45 211 35 63 51 37 51 44 212 188 117 98 112 215 208 106 250 42 53 212 260 153 155 193 83 63 272 125 114 59 123 39 125 138 29 107 197 106 63 77 75 195 190 93 112 104 95 71 270 176 208 72 210 152 228 247 98 26 69 155 77 44 68 132 171 191 30 57 103 198 260 60 124 100 224 247 88 224 107 147 129 115 21 161 202 260 80 218 82 138 158 118 186 19 106 73 32 105 86 32 68 77 166 154 213 39 71 164 92 147 139 83 156 210 184 180 215 272 51 21 60 106 197 82 234 130 137 114 95 18 89 215 47 84 102 60 185 176 88 201 154 222 72 175 165 145 169 224 78 172 132 76 190 195 102 191 220 100 66 214 63 121 219 120 177 282 190 68 224 42 30 243 129 190 128 178 115 157 96 26 172 48 204 50 225 51 190 48 131 95 84 200 26 51 115 245 116 111 181 110 107 214 97 243 87 80 99 114 143 74 125 72 
100 141 155 98 107 185 214 207 209 256 206 202 227 178 285 278 229 153 255 303 291 289 113 186 123 296 290 297 282 286 221 193 177 250 203 225 239 278 220 312 191 161 187 283 247 224 0 331 144 224 174 168 243 232 246 168 172 133 255 264 354 164 220 238 270 209 257 195 308 192 195 189 146 213 194 165 180 215 225 251 287 195 150 271 239 154 257 174 205 240 154 164 306 269 223 198 188 300 174 221 238 206 168 301 255 219 294 272 219 297 164 243 182 218 301 292 275 229 277 249 301 143 218 173 221 294 267 243 275 108 272 223 104 282 252 292 262 236 318 130 234 257 186 178 163 166 113 219 262 213 244 158 254 213 151 311 209 235 124 302 255 323 164 232 152 276 252 152 300 247 115 230 193 178 130 259 280 170 140 327 176 240 162 205 278 281 254 235 169 121 180 251 188 193 190 178 206 200 272 337 188 123 314 284 289 121 272 231 269 255 271 218 260 314 195 208 219 213 168 221 242 142 232 213 297 168 116 258 231 249 148 200 250 273 283 296 173 175 288 271 101 345 269 288 159 227 166 289 131 136 141 300 210 251 207 269 341 300 254 258 136 255 180 297 147 244 178 190 195 185 123 267 288 269 201 139 234 173 265 109 302 237 198 280 251 284 229 210 203 183 217 251 239 221 197 228 184 160 275 256 302 187 180 252 222 188 241 184 232 125 127 165 229 245 244 283 262 249 281 221 271 284 213 297 169 252 221 267 263 167 162 275 300 286 241 261 242 322 180 230 182 124 200 219 288 214 251 127 235 190 252 104 143 339 214 241 285 170 232 242 282 290 196 219 272 196 295 119 275 305 211 307 174 232 264 190 264 286 304 302 158 209 264 261 222 251 232 222 252 259 312 126 185 227 259 136 250 293 285 229 304 182 156 328 187 244 239 209 242 264 169 270 206 276 283 304 241 208 273 187 231 230 248 244 157 324 234 173 302 194 260 147 313 117 317 196 224 144 290 260 162 167 292 163 192 246 248 186 253 279 191 302 149 254 162 226 196 188 218 215 275 162 286 150 273 129 242 210 320 194 352 240 197 241 338 236 103 277 268 172 214 235 263 217 306 293 329 292 297 186 243 215 233 270 245 298 115 220 283 260 
235 276 290 233 242 146 151 166 158 75 167 163 188 313 246 239 190 288 204 240 252 250 248 321 258 115 109 258 101 247 356 328 312 385 338 162 374 239 355 273 152 296 322 102 196 183 331 0 279 185 309 303 204 169 207 303 307 268 216 201 173 299 181 199 231 168 206 330 127 153 330 324 281 348 329 300 315 164 186 212 106 330 285 208 374 289 218 309 340 201 289 299 125 88 172 333 323 259 309 182 199 341 303 120 216 354 113 221 156 234 299 204 317 179 120 253 234 188 238 208 250 278 179 308 182 255 226 204 212 243 91 184 239 243 387 253 223 195 279 265 195 218 321 313 298 301 248 180 223 348 379 293 203 348 286 272 168 370 259 121 216 284 299 191 287 237 213 287 261 208 250 191 328 313 265 220 239 305 275 146 311 201 297 340 215 242 215 196 304 256 315 210 323 328 151 313 341 335 221 156 323 258 275 245 248 256 221 168 218 216 208 179 79 133 330 343 156 348 303 182 201 277 169 172 256 303 251 219 192 384 283 335 187 234 232 257 308 310 107 232 236 164 230 249 294 176 301 226 266 271 276 249 171 210 168 88 160 119 213 217 271 192 315 256 282 203 313 325 156 320 258 228 249 230 336 274 195 308 226 244 263 198 333 239 212 243 190 169 164 318 154 212 200 170 158 177 319 295 236 217 261 322 315 213 357 149 202 319 367 260 262 300 190 182 379 244 81 208 242 158 232 245 162 256 304 213 182 226 224 302 297 212 261 223 202 220 377 283 315 191 317 259 335 354 247 175 188 262 196 151 201 239 278 158 163 190 222 305 367 179 243 249 331 354 221 331 256 254 236 264 170 268 309 367 213 325 201 105 265 251 293 168 225 222 181 212 193 181 201 196 273 261 320 188 220 271 211 254 246 190 123 317 291 147 322 379 200 170 179 225 304 231 341 237 244 263 202 167 222 322 180 191 209 193 292 143 195 308 121 329 221 282 132 252 136 331 185 279 251 209 297 302 251 298 327 207 185 321 212 240 326 239 284 389 297 187 331 149 179 350 236 297 247 285 234 264 203 159 139 155 171 199 332 200 157 197 238 214 217 307 175 184 82 352 265 230 148 229 256 321 204 350 194 229 206 247 250 181 244 221 
44 71 99 46 37 133 162 155 157 204 154 150 175 122 233 226 177 101 203 251 239 237 57 116 53 244 238 245 230 234 165 137 107 194 133 173 169 226 150 260 139 91 117 231 195 172 144 279 0 172 104 112 191 180 194 98 120 77 203 212 302 108 168 186 218 157 205 139 256 140 143 119 90 143 124 109 110 163 173 199 235 125 94 219 169 84 205 122 149 188 84 112 254 217 171 142 132 248 118 169 186 136 98 249 203 149 242 220 167 245 112 191 126 166 249 240 223 177 225 197 249 73 166 117 169 242 215 191 223 56 220 171 52 230 196 240 210 184 266 60 182 205 116 126 93 114 61 167 210 157 188 88 202 143 81 259 157 165 68 250 203 271 112 180 100 224 200 82 248 195 45 178 141 126 74 207 228 118 70 275 120 188 110 149 226 229 202 183 113 69 124 199 136 137 138 122 150 144 220 285 132 67 262 232 237 69 220 179 217 203 219 166 208 262 125 138 167 143 116 169 190 72 180 161 245 112 46 206 179 193 78 144 198 221 231 244 117 105 236 219 45 293 217 236 89 175 110 237 79 84 71 248 158 199 155 217 289 248 202 206 66 203 128 245 91 192 108 120 143 129 53 215 236 217 145 83 182 117 213 53 250 185 142 228 199 232 177 158 151 113 165 199 187 169 145 176 132 90 223 204 250 131 128 200 152 136 189 128 176 69 71 109 177 193 188 231 210 197 229 169 219 232 161 245 99 200 169 215 211 97 106 223 248 234 189 209 186 270 128 178 112 68 130 149 236 162 199 71 183 138 200 48 73 287 162 189 233 114 162 190 230 238 126 149 220 126 243 49 223 253 159 255 104 162 212 138 212 234 252 250 106 157 212 209 170 199 180 170 200 207 260 70 115 175 207 80 198 241 233 177 252 112 86 276 131 188 187 157 190 212 113 218 150 224 231 252 189 156 221 131 179 178 196 192 87 272 182 121 250 138 208 77 261 61 265 126 172 88 238 208 106 115 240 93 136 194 196 130 201 227 135 250 79 198 106 174 140 136 166 159 223 106 234 94 221 73 190 158 268 142 300 188 127 189 286 184 51 225 216 102 162 183 211 161 254 241 277 240 245 116 191 145 181 218 193 246 45 168 231 208 
128 169 183 126 135 39 68 61 63 110 60 56 81 206 139 132 83 181 109 157 145 143 141 214 151 150 144 151 136 140 249 221 205 278 231 79 267 132 248 166 45 189 215 137 101 78 224 185 172 0 202 196 97 86 100 196 200 161 109 118 208 192 74 92 124 63 111 223 162 46 223 217 174 241 222 193 208 69 79 105 141 223 178 125 267 182 111 202 233 94 182 192 160 123 77 226 216 154 202 75 92 234 196 155 109 247 148 126 73 151 192 97 210 72 155 146 129 83 131 103 155 171 72 201 75 148 121 97 129 136 126 77 132 136 280 146 116 90 172 158 88 111 214 206 191 194 141 73 116 241 272 186 108 241 179 165 63 263 152 156 109 177 192 86 180 130 106 180 154 101 143 84 221 206 158 113 134 198 168 181 204 94 190 233 132 135 108 89 197 149 208 105 216 221 44 206 234 228 126 191 216 151 168 138 143 149 126 85 123 109 125 72 114 168 223 236 73 241 196 75 96 170 86 67 151 196 144 112 85 277 176 228 104 127 137 150 201 203 142 125 129 199 123 142 187 81 194 143 159 164 169 154 64 105 61 123 195 154 108 112 164 109 208 151 175 98 206 218 49 213 151 121 142 123 229 167 88 201 119 137 156 91 226 134 105 138 83 64 57 211 71 105 93 75 51 82 212 188 129 110 156 215 208 106 250 42 95 212 260 153 155 193 83 99 272 137 116 103 135 75 125 138 67 151 197 106 75 121 117 195 190 129 154 140 95 115 270 176 208 84 210 152 228 247 142 68 105 155 89 44 106 132 171 193 68 95 139 198 260 96 136 144 224 247 126 224 149 147 129 159 65 161 202 260 118 218 118 140 158 156 186 63 118 115 76 105 86 76 106 113 166 154 213 81 113 164 104 147 139 83 158 210 184 182 215 272 93 63 96 118 197 124 234 130 137 158 95 62 127 215 85 84 102 98 185 178 88 201 156 222 114 175 167 145 171 224 78 172 144 114 190 195 146 191 220 100 102 214 107 133 219 156 177 282 190 80 224 42 72 243 129 190 140 178 127 157 96 64 174 48 206 94 225 95 192 90 131 131 122 200 68 89 117 245 160 147 183 146 151 214 97 243 87 124 99 152 143 74 137 114 
74 101 129 76 67 163 192 185 187 234 184 180 205 152 263 256 207 131 233 281 269 267 87 146 83 274 268 275 260 264 195 167 137 224 163 203 199 256 180 290 169 121 147 261 225 202 174 309 104 202 0 142 221 210 224 128 150 107 233 242 332 138 198 216 248 187 235 169 286 170 173 149 120 173 154 139 140 193 203 229 265 155 124 249 199 114 235 152 179 218 114 142 284 247 201 172 162 278 148 199 216 166 128 279 233 179 272 250 197 275 142 221 156 196 279 270 253 207 255 227 279 103 196 147 199 272 245 221 253 86 250 201 82 260 226 270 240 214 296 90 212 235 146 156 123 144 91 197 240 187 218 118 232 173 111 289 187 195 98 280 233 301 142 210 130 254 230 112 278 225 75 208 171 156 104 237 258 148 100 305 150 218 140 179 256 259 232 213 143 99 154 229 166 167 168 152 180 174 250 315 162 97 292 262 267 99 250 209 247 233 249 196 238 292 155 168 197 173 146 199 220 102 210 191 275 142 76 236 209 223 108 174 228 251 261 274 147 135 266 249 75 323 247 266 119 205 140 267 109 114 101 278 188 229 185 247 319 278 232 236 96 233 158 275 121 222 138 150 173 159 83 245 266 247 175 113 212 147 243 83 280 215 172 258 229 262 207 188 181 143 195 229 217 199 175 206 162 120 253 234 280 161 158 230 182 166 219 158 206 99 101 139 207 223 218 261 240 227 259 199 249 262 191 275 129 230 199 245 241 127 136 253 278 264 219 239 216 300 158 208 142 98 160 179 266 192 229 101 213 168 230 78 103 317 192 219 263 144 192 220 260 268 156 179 250 156 273 79 253 283 189 285 134 192 242 168 242 264 282 280 136 187 242 239 200 229 210 200 230 237 290 100 145 205 237 110 228 271 263 207 282 142 116 306 161 218 217 187 220 242 143 248 180 254 261 282 219 186 251 161 209 208 226 222 117 302 212 151 280 168 238 107 291 91 295 156 202 118 268 238 136 145 270 123 166 224 226 160 231 257 165 280 109 228 136 204 170 166 196 189 253 136 264 124 251 103 220 188 298 172 330 218 157 219 316 214 81 255 246 132 192 213 241 191 284 271 307 270 275 146 221 175 211 248 223 276 75 198 261 238 
68 109 127 70 75 157 186 179 181 228 178 174 199 146 257 250 201 125 227 275 263 261 81 154 91 268 262 269 254 258 193 161 145 222 171 197 207 250 188 284 163 129 155 255 219 196 168 303 112 196 142 0 215 204 218 136 144 101 227 236 326 132 192 210 242 181 229 163 280 164 167 157 114 181 162 137 148 187 197 223 259 163 118 243 207 122 229 146 177 212 122 136 278 241 195 170 160 272 142 193 210 174 136 273 227 187 266 244 191 269 136 215 150 190 273 264 247 201 249 221 273 111 190 145 193 266 239 215 247 80 244 195 76 254 224 264 234 208 290 98 206 229 154 150 131 138 85 191 234 185 216 126 226 181 119 283 181 203 92 274 227 295 136 204 124 248 224 120 272 219 83 202 165 150 98 231 252 142 108 299 148 212 134 177 250 253 226 207 137 93 152 223 160 165 162 150 178 172 244 309 160 91 286 256 261 93 244 203 241 227 243 190 232 286 163 176 191 181 140 193 214 110 204 185 269 140 84 230 203 221 116 172 222 245 255 268 141 143 260 243 69 317 241 260 127 199 138 261 103 108 109 272 182 223 179 241 313 272 226 230 104 227 152 269 115 216 146 158 167 153 91 239 260 241 173 107 206 141 237 77 274 209 170 252 223 256 201 182 175 151 189 223 211 193 169 200 156 128 247 228 274 155 152 224 190 160 213 156 204 93 95 133 201 217 216 255 234 221 253 193 243 256 185 269 137 224 193 239 235 135 130 247 272 258 213 233 214 294 152 202 150 92 168 187 260 186 223 95 207 162 224 72 111 311 186 213 257 142 200 214 254 262 164 187 244 164 267 87 247 277 183 279 142 200 236 162 236 258 276 274 130 181 236 233 194 223 204 194 224 231 284 94 153 199 231 104 222 265 257 201 276 150 124 300 159 216 211 181 214 236 141 242 178 248 255 276 213 180 245 155 203 202 220 216 125 296 206 145 274 166 232 115 285 85 289 164 196 112 262 232 130 139 264 131 164 218 220 154 225 251 163 274 117 226 134 198 164 160 190 187 247 130 258 118 245 97 214 182 292 166 324 212 165 213 310 208 75 249 240 140 186 207 235 189 278 265 301 264 269 154 215 183 205 242 217 270 83 192 255 232 
147 188 202 145 154 58 84 80 82 129 79 75 16 225 158 151 102 200 128 173 164 162 160 233 170 169 163 170 155 159 268 240 224 297 250 95 286 151 267 101 64 208 234 156 120 97 243 204 191 97 221 215 0 102 119 215 219 180 128 134 227 211 93 111 143 82 130 242 181 65 242 236 193 260 241 212 227 88 98 124 160 242 197 141 286 201 130 221 252 29 201 211 179 142 96 245 235 173 221 94 111 253 215 174 128 266 167 145 89 167 211 116 229 91 174 165 148 102 150 122 174 190 91 220 94 83 140 116 145 155 145 96 151 71 299 165 135 109 107 177 107 130 233 225 210 213 160 92 135 260 291 205 127 260 198 100 82 282 171 175 128 112 211 105 199 149 41 199 173 120 162 103 240 225 177 132 153 217 187 200 223 113 209 252 148 70 127 108 216 168 227 124 235 240 63 225 253 247 145 210 235 170 103 157 162 168 145 101 142 128 141 91 133 187 242 255 89 260 215 94 115 189 102 86 170 215 163 47 104 296 195 247 120 62 156 169 220 222 161 144 148 218 142 161 206 100 213 159 178 183 188 173 83 124 80 142 214 173 127 131 183 125 227 170 194 117 225 237 68 232 170 140 77 142 248 186 107 220 54 156 91 26 245 153 40 157 102 83 76 230 87 124 112 94 70 101 231 207 148 129 175 234 227 125 269 61 114 231 279 172 174 212 102 115 291 156 135 122 154 91 144 73 86 170 216 41 94 140 136 214 209 145 173 156 114 134 289 111 227 103 229 171 247 266 161 87 121 174 108 63 125 151 190 212 87 114 155 217 279 112 155 163 243 266 145 243 168 166 64 178 84 96 221 279 137 237 134 159 93 175 205 82 137 134 95 124 21 95 125 129 101 173 232 100 132 183 123 82 74 18 177 229 203 201 234 291 112 82 112 137 216 143 253 149 72 177 30 81 146 234 104 103 121 117 204 197 107 220 175 241 133 194 186 164 190 243 97 191 163 133 209 214 165 210 239 35 118 233 126 152 238 172 196 301 209 99 243 61 91 262 64 209 159 197 146 176 115 83 193 67 225 113 244 114 211 109 150 147 141 219 87 108 136 264 179 163 202 162 170 233 116 262 106 143 34 171 162 93 156 133 
136 177 191 134 143 47 18 33 25 94 34 30 86 214 113 106 91 189 71 107 119 117 149 222 159 134 128 125 120 114 257 229 213 286 239 29 275 106 256 171 53 197 223 121 63 50 232 169 180 86 210 204 102 0 74 204 208 169 83 68 192 200 82 100 98 35 73 231 146 54 231 225 182 249 230 201 216 31 53 113 125 231 186 75 275 190 85 210 241 99 190 200 144 107 39 234 224 126 210 83 66 242 204 139 83 255 132 88 23 101 200 71 218 46 139 120 101 55 139 75 117 179 80 209 49 153 93 105 79 144 110 85 140 141 288 120 124 62 177 166 62 119 222 214 199 202 149 47 124 249 280 194 70 249 187 170 35 271 160 140 83 182 200 58 188 104 111 188 128 75 151 58 229 214 166 87 106 206 176 165 212 102 198 241 82 140 116 63 205 157 216 77 224 229 52 214 242 236 88 175 224 159 173 112 115 157 88 35 85 117 75 46 98 152 231 244 23 249 204 49 68 178 36 39 123 204 152 117 93 285 184 236 54 132 99 124 209 211 126 99 137 183 97 116 195 43 202 93 167 172 177 116 38 77 35 107 179 138 80 84 172 59 216 123 183 70 214 226 57 221 159 95 147 131 237 175 96 209 124 145 161 96 234 106 110 110 57 36 31 219 21 79 67 37 59 44 220 196 103 84 128 223 216 114 258 50 69 220 268 161 163 201 91 49 280 111 100 75 109 25 133 143 29 123 205 111 49 93 91 203 198 79 128 90 103 87 278 181 216 58 218 160 236 255 114 42 55 163 63 52 68 140 179 177 30 57 89 206 268 46 110 116 232 255 88 232 123 155 134 131 37 166 210 268 80 226 68 124 163 118 194 35 92 89 48 113 91 48 68 63 171 162 221 55 87 172 78 152 144 88 142 218 192 166 223 280 67 37 46 92 205 98 242 138 142 130 100 34 89 223 47 92 110 60 193 162 96 209 140 230 88 183 151 153 155 232 86 180 118 76 198 203 118 199 228 105 52 222 79 107 227 106 185 290 198 54 232 50 46 251 134 198 114 186 101 165 104 26 158 56 190 66 233 67 176 64 139 81 84 208 42 51 101 253 132 97 167 96 123 222 105 251 95 96 104 114 151 82 111 88 
150 191 205 148 157 61 56 71 63 132 72 44 103 228 151 120 105 203 109 145 133 155 163 236 173 172 166 139 158 152 271 243 227 300 253 67 289 120 270 188 67 211 237 159 101 88 246 207 194 100 224 218 119 74 0 218 222 183 97 106 230 214 96 114 112 73 111 245 184 68 245 239 196 263 244 215 230 69 67 127 163 245 200 113 289 204 123 224 255 116 204 214 182 145 77 248 238 164 224 97 104 256 218 177 97 269 170 126 61 139 214 85 232 84 177 134 139 93 153 113 155 193 94 223 63 170 131 119 117 158 148 99 154 158 302 134 138 100 194 180 100 133 236 228 213 216 163 85 138 263 294 208 108 263 201 187 73 285 174 178 97 199 214 96 202 118 128 202 142 89 165 72 243 228 180 101 144 220 190 203 226 116 212 255 120 157 130 101 219 171 230 115 238 243 66 228 256 250 126 213 238 173 190 150 153 171 126 73 123 131 113 84 136 190 245 258 61 263 218 87 106 192 74 77 161 218 166 134 107 299 198 250 92 149 137 162 223 225 164 113 151 221 111 130 209 81 216 131 181 186 191 154 76 115 73 145 217 176 118 122 186 97 230 161 197 108 228 240 71 235 173 109 164 145 251 189 110 223 141 159 178 113 248 144 127 148 71 74 45 233 59 117 105 75 73 82 234 210 117 98 166 237 230 128 272 64 107 234 282 175 177 215 105 87 294 125 138 113 123 63 147 160 67 161 219 128 63 131 129 217 212 117 166 128 117 125 292 198 230 72 232 174 250 269 152 80 93 177 77 66 106 154 193 215 68 95 127 220 282 84 124 154 246 269 126 246 161 169 151 169 75 183 224 282 118 240 106 162 180 156 208 73 106 127 86 127 108 86 106 101 188 176 235 93 125 186 92 169 161 105 180 232 206 204 237 294 105 75 84 106 219 136 256 152 159 168 117 72 127 237 85 106 124 98 207 200 110 223 178 244 126 197 189 167 193 246 100 194 132 114 212 217 156 213 242 122 90 236 117 121 241 144 199 304 212 68 246 64 84 265 151 212 128 200 115 179 118 64 196 70 228 104 247 105 214 102 153 119 122 222 80 89 139 267 170 135 205 134 161 236 119 265 109 134 121 152 165 96 125 126 
68 95 123 70 61 157 186 179 181 228 178 174 199 146 257 250 201 125 227 275 263 261 81 140 77 268 262 269 254 258 189 161 131 218 157 197 193 250 174 284 163 115 141 255 219 196 168 303 98 196 128 136 215 204 218 0 144 101 227 236 326 132 192 210 242 181 229 163 280 164 167 143 114 167 148 133 134 187 197 223 259 149 118 243 193 108 229 146 173 212 108 136 278 241 195 166 156 272 142 193 210 160 122 273 227 173 266 244 191 269 136 215 150 190 273 264 247 201 249 221 273 97 190 141 193 266 239 215 247 80 244 195 76 254 220 264 234 208 290 84 206 229 140 150 117 138 85 191 234 181 212 112 226 167 105 283 181 189 92 274 227 295 136 204 124 248 224 106 272 219 69 202 165 150 98 231 252 142 94 299 144 212 134 173 250 253 226 207 137 93 148 223 160 161 162 146 174 168 244 309 156 91 286 256 261 93 244 203 241 227 243 190 232 286 149 162 191 167 140 193 214 96 204 185 269 136 70 230 203 217 102 168 222 245 255 268 141 129 260 243 69 317 241 260 113 199 134 261 103 108 95 272 182 223 179 241 313 272 226 230 90 227 152 269 115 216 132 144 167 153 77 239 260 241 169 107 206 141 237 77 274 209 166 252 223 256 201 182 175 137 189 223 211 193 169 200 156 114 247 228 274 155 152 224 176 160 213 152 200 93 95 133 201 217 212 255 234 221 253 193 243 256 185 269 123 224 193 239 235 121 130 247 272 258 213 233 210 294 152 202 136 92 154 173 260 186 223 95 207 162 224 72 97 311 186 213 257 138 186 214 254 262 150 173 244 150 267 73 247 277 183 279 128 186 236 162 236 258 276 274 130 181 236 233 194 223 204 194 224 231 284 94 139 199 231 104 222 265 257 201 276 136 110 300 155 212 211 181 214 236 137 242 174 248 255 276 213 180 245 155 203 202 220 216 111 296 206 145 274 162 232 101 285 85 289 150 196 112 262 232 130 139 264 117 160 218 220 154 225 251 159 274 103 222 130 198 164 160 190 183 247 130 258 118 245 97 214 182 292 166 324 212 151 213 310 208 75 249 240 126 186 207 235 185 278 265 301 264 269 140 215 169 205 242 217 270 69 192 255 232 
76 117 131 74 83 161 190 183 185 232 182 178 203 154 261 254 205 129 231 279 267 265 89 162 99 272 266 273 258 262 197 169 153 226 179 201 215 254 196 288 167 137 163 259 223 200 172 307 120 200 150 144 219 208 222 144 0 109 231 240 330 140 196 214 246 185 233 171 284 168 171 165 122 189 170 141 156 191 201 227 263 171 126 247 215 130 233 150 181 216 130 140 282 245 199 174 164 276 150 197 214 182 144 277 231 195 270 248 195 273 140 219 158 194 277 268 251 205 253 225 277 119 194 149 197 270 243 219 251 84 248 199 80 258 228 268 238 212 294 106 210 233 162 154 139 142 89 195 238 189 220 134 230 189 127 287 185 211 100 278 231 299 140 208 128 252 228 128 276 223 91 206 169 154 106 235 256 146 116 303 152 216 138 181 254 257 230 211 145 97 156 227 164 169 166 154 182 176 248 313 164 99 290 260 265 97 248 207 245 231 247 194 236 290 171 184 195 189 144 197 218 118 208 189 273 144 92 234 207 225 124 176 226 249 259 272 149 151 264 247 77 321 245 264 135 203 142 265 107 112 117 276 186 227 183 245 317 276 230 234 112 231 156 273 123 220 154 166 171 161 99 243 264 245 177 115 210 149 241 85 278 213 174 256 227 260 205 186 179 159 193 227 215 197 173 204 160 136 251 232 278 163 156 228 198 164 217 160 208 101 103 141 205 221 220 259 238 225 257 197 247 260 189 273 145 228 197 243 239 143 138 251 276 262 217 237 218 298 156 206 158 100 176 195 264 190 227 103 211 166 228 80 119 315 190 217 261 146 208 218 258 266 172 195 248 172 271 95 251 281 187 283 150 208 240 166 240 262 280 278 134 185 240 237 198 227 208 198 228 235 288 102 161 203 235 112 226 269 261 205 280 158 132 304 163 220 215 185 218 240 145 246 182 252 259 280 217 184 249 163 207 206 224 220 133 300 210 149 278 170 236 123 289 93 293 172 200 120 266 236 138 143 268 139 168 222 224 162 229 255 167 278 125 230 138 202 172 164 194 191 251 138 262 126 249 105 218 186 296 170 328 216 173 217 314 212 79 253 244 148 190 211 239 193 282 269 305 268 273 162 219 191 209 246 221 274 91 196 259 236 
33 74 92 35 40 122 151 144 146 193 143 139 164 111 222 215 166 90 192 240 228 226 46 119 56 233 227 234 219 223 158 126 110 187 136 162 172 215 153 249 128 94 120 220 184 161 133 268 77 161 107 101 180 169 183 101 109 0 192 201 291 97 157 175 207 146 194 128 245 129 132 122 79 146 127 102 113 152 162 188 224 128 83 208 172 87 194 111 142 177 87 101 243 206 160 135 125 237 107 158 175 139 101 238 192 152 231 209 156 234 101 180 115 155 238 229 212 166 214 186 238 76 155 110 158 231 204 180 212 45 209 160 41 219 189 229 199 173 255 63 171 194 119 115 96 103 50 156 199 150 181 91 191 146 84 248 146 168 57 239 192 260 101 169 89 213 189 85 237 184 48 167 130 115 63 196 217 107 73 264 113 177 99 142 215 218 191 172 102 58 117 188 125 130 127 115 143 137 209 274 125 56 251 221 226 58 209 168 206 192 208 155 197 251 128 141 156 146 105 158 179 75 169 150 234 105 49 195 168 186 81 137 187 210 220 233 106 108 225 208 34 282 206 225 92 164 103 226 68 73 74 237 147 188 144 206 278 237 191 195 69 192 117 234 80 181 111 123 132 118 56 204 225 206 138 72 171 106 202 42 239 174 135 217 188 221 166 147 140 116 154 188 176 158 134 165 121 93 212 193 239 120 117 189 155 125 178 121 169 58 60 98 166 182 181 220 199 186 218 158 208 221 150 234 102 189 158 204 200 100 95 212 237 223 178 198 179 259 117 167 115 57 133 152 225 151 188 60 172 127 189 37 76 276 151 178 222 107 165 179 219 227 129 152 209 129 232 52 212 242 148 244 107 165 201 127 201 223 241 239 95 146 201 198 159 188 169 159 189 196 249 59 118 164 196 69 187 230 222 166 241 115 89 265 124 181 176 146 179 201 106 207 143 213 220 241 178 145 210 120 168 167 185 181 90 261 171 110 239 131 197 80 250 50 254 129 161 77 227 197 95 104 229 96 129 183 185 119 190 216 128 239 82 191 99 163 129 125 155 152 212 95 223 83 210 62 179 147 257 131 289 177 130 178 275 173 40 214 205 105 151 172 200 154 243 230 266 229 234 119 180 148 170 207 182 235 48 157 220 197 
159 200 214 157 166 70 65 80 72 141 81 53 112 237 160 129 114 212 118 154 142 164 172 245 182 181 175 148 167 161 280 252 236 309 262 76 298 129 279 197 76 220 246 168 110 97 255 216 203 109 233 227 128 83 97 227 231 192 0 115 239 223 105 123 121 82 120 254 193 77 254 248 205 272 253 224 239 78 76 136 172 254 209 122 298 213 132 233 264 125 213 223 191 154 86 257 247 173 233 106 113 265 227 186 106 278 179 135 70 148 223 94 241 93 186 143 148 102 162 122 164 202 103 232 72 179 140 128 126 167 157 108 163 167 311 143 147 109 203 189 109 142 245 237 222 225 172 94 147 272 303 217 117 272 210 196 82 294 183 187 106 208 223 105 211 127 137 211 151 98 174 81 252 237 189 110 153 229 199 212 235 125 221 264 129 166 139 110 228 180 239 124 247 252 75 237 265 259 135 222 247 182 199 159 162 180 135 82 132 140 122 93 145 199 254 267 70 272 227 96 115 201 83 86 170 227 175 143 116 308 207 259 101 158 146 171 232 234 173 122 160 230 120 139 218 90 225 140 190 195 200 163 85 124 82 154 226 185 127 131 195 106 239 170 206 117 237 249 80 244 182 118 173 154 260 198 119 232 150 168 187 122 257 153 136 157 80 83 54 242 68 126 114 84 82 91 243 219 126 107 175 246 239 137 281 73 116 243 291 184 186 224 114 96 303 134 147 122 132 72 156 169 76 170 228 137 72 140 138 226 221 126 175 137 126 134 301 207 239 81 241 183 259 278 161 89 102 186 86 75 115 163 202 224 77 104 136 229 291 93 133 163 255 278 135 255 170 178 160 178 84 192 233 291 127 249 115 171 189 165 217 82 115 136 95 136 117 95 115 110 197 185 244 102 134 195 101 178 170 114 189 241 215 213 246 303 114 84 93 115 228 145 265 161 168 177 126 81 136 246 94 115 133 107 216 209 119 232 187 253 135 206 198 176 202 255 109 203 141 123 221 226 165 222 251 131 99 245 126 130 250 153 208 313 221 77 255 73 93 274 160 221 137 209 124 188 127 73 205 79 237 113 256 114 223 111 162 128 131 231 89 98 148 276 179 144 214 143 170 245 128 274 118 143 130 161 174 105 134 135 
168 209 223 166 175 79 50 65 57 126 66 62 118 246 145 138 123 221 103 139 151 149 181 254 191 166 160 157 152 146 289 261 245 318 271 61 307 138 288 203 85 229 255 153 95 82 264 201 212 118 242 236 134 68 106 236 240 201 115 0 224 232 114 132 130 67 105 263 178 86 263 257 214 281 262 233 248 63 85 145 157 263 218 107 307 222 117 242 273 131 222 232 176 139 71 266 256 158 242 115 98 274 236 171 115 287 164 120 55 133 232 103 250 78 171 152 133 87 171 107 149 211 112 241 81 185 125 137 111 176 142 117 172 173 320 152 156 94 209 198 94 151 254 246 231 234 181 79 156 281 312 226 102 281 219 202 67 303 192 172 115 214 232 90 220 136 143 220 160 107 183 90 261 246 198 119 138 238 208 197 244 134 230 273 114 172 148 95 237 189 248 109 256 261 84 246 274 268 120 207 256 191 205 144 147 189 120 67 117 149 107 78 130 184 263 276 55 281 236 81 100 210 68 71 155 236 184 149 125 317 216 268 86 164 131 156 241 243 158 131 169 215 129 148 227 75 234 125 199 204 209 148 70 109 67 139 211 170 112 116 204 91 248 155 215 102 246 258 89 253 191 127 179 163 269 207 128 241 156 177 193 128 266 138 142 142 89 68 63 251 53 111 99 69 91 76 252 228 135 116 160 255 248 146 290 82 101 252 300 193 195 233 123 81 312 143 132 107 141 57 165 175 61 155 237 143 81 125 123 235 230 111 160 122 135 119 310 213 248 90 250 192 268 287 146 74 87 195 95 84 100 172 211 209 62 89 121 238 300 78 142 148 264 287 120 264 155 187 166 163 69 198 242 300 112 258 100 156 195 150 226 67 124 121 80 145 123 80 100 95 203 194 253 87 119 204 110 184 176 120 174 250 224 198 255 312 99 69 78 124 237 130 274 170 174 162 132 66 121 255 79 124 142 92 225 194 128 241 172 262 120 215 183 185 187 264 118 212 150 108 230 235 150 231 260 137 84 254 111 139 259 138 217 322 230 86 264 82 78 283 166 230 146 218 133 197 136 58 190 88 222 98 265 99 208 96 171 113 116 240 74 83 133 285 164 129 199 128 155 254 137 283 127 128 136 146 183 114 143 120 
258 299 313 256 265 169 174 189 181 98 190 186 211 336 269 262 213 311 227 263 275 273 271 344 281 138 132 281 124 270 379 351 335 408 361 185 397 262 378 296 175 319 345 125 219 206 354 173 302 208 332 326 227 192 230 326 330 291 239 224 0 322 204 222 254 191 229 353 150 176 353 347 304 371 352 323 338 187 209 235 129 353 308 231 397 312 241 332 363 224 312 322 148 111 195 356 346 282 332 205 222 364 326 143 239 377 136 244 179 257 322 227 340 202 143 276 257 211 261 231 273 301 202 331 205 278 249 227 235 266 114 207 262 266 410 276 246 218 302 288 218 241 344 336 321 324 271 203 246 371 402 316 226 371 309 295 191 393 282 144 239 307 322 214 310 260 236 310 284 231 273 214 351 336 288 243 262 328 298 169 334 224 320 363 238 265 238 219 327 279 338 233 346 351 174 336 364 358 244 179 346 281 298 268 271 279 244 191 241 239 231 202 102 156 353 366 179 371 326 205 224 300 192 195 279 326 274 242 215 407 306 358 210 257 255 280 331 333 130 255 259 187 253 272 317 199 324 249 289 294 299 272 194 233 191 111 183 142 236 240 294 215 338 279 305 226 336 348 179 343 281 251 272 253 359 297 218 331 249 267 286 221 356 262 235 266 213 192 187 341 177 235 223 193 181 200 342 318 259 240 284 345 338 236 380 172 225 342 390 283 285 323 213 205 402 267 104 231 265 181 255 268 185 279 327 236 205 249 247 325 320 235 284 246 225 243 400 306 338 214 340 282 358 377 270 198 211 285 219 174 224 262 301 181 186 213 245 328 390 202 266 272 354 377 244 354 279 277 259 287 193 291 332 390 236 348 224 128 288 274 316 191 248 245 204 235 216 204 224 219 296 284 343 211 243 294 234 277 269 213 146 340 314 170 345 402 223 193 202 248 327 254 364 260 267 286 225 190 245 345 203 214 232 216 315 166 218 331 144 352 244 305 155 275 159 354 208 302 274 232 320 325 274 321 350 230 208 344 235 263 349 262 307 412 320 210 354 172 202 373 259 320 270 308 257 287 226 182 162 178 194 222 355 223 180 220 261 237 240 330 198 207 105 375 288 253 171 252 279 344 227 373 217 252 229 270 273 204 267 244 
64 105 123 66 71 153 182 175 177 224 174 170 195 142 253 246 197 121 223 271 259 257 77 150 87 264 258 265 250 254 189 157 141 218 167 193 203 246 184 280 159 125 151 251 215 192 164 299 108 192 138 132 211 200 214 132 140 97 223 232 322 0 188 206 238 177 225 159 276 160 163 153 110 177 158 133 144 183 193 219 255 159 114 239 203 118 225 142 173 208 118 132 274 237 191 166 156 268 138 189 206 170 132 269 223 183 262 240 187 265 132 211 146 186 269 260 243 197 245 217 269 107 186 141 189 262 235 211 243 76 240 191 72 250 220 260 230 204 286 94 202 225 150 146 127 134 81 187 230 181 212 122 222 177 115 279 177 199 88 270 223 291 132 200 120 244 220 116 268 215 79 198 161 146 94 227 248 138 104 295 144 208 130 173 246 249 222 203 133 89 148 219 156 161 158 146 174 168 240 305 156 87 282 252 257 89 240 199 237 223 239 186 228 282 159 172 187 177 136 189 210 106 200 181 265 136 80 226 199 217 112 168 218 241 251 264 137 139 256 239 65 313 237 256 123 195 134 257 99 104 105 268 178 219 175 237 309 268 222 226 100 223 148 265 111 212 142 154 163 149 87 235 256 237 169 103 202 137 233 73 270 205 166 248 219 252 197 178 171 147 185 219 207 189 165 196 152 124 243 224 270 151 148 220 186 156 209 152 200 89 91 129 197 213 212 251 230 217 249 189 239 252 181 265 133 220 189 235 231 131 126 243 268 254 209 229 210 290 148 198 146 88 164 183 256 182 219 91 203 158 220 68 107 307 182 209 253 138 196 210 250 258 160 183 240 160 263 83 243 273 179 275 138 196 232 158 232 254 272 270 126 177 232 229 190 219 200 190 220 227 280 90 149 195 227 100 218 261 253 197 272 146 120 296 155 212 207 177 210 232 137 238 174 244 251 272 209 176 241 151 199 198 216 212 121 292 202 141 270 162 228 111 281 81 285 160 192 108 258 228 126 135 260 127 160 214 216 150 221 247 159 270 113 222 130 194 160 156 186 183 243 126 254 114 241 93 210 178 288 162 320 208 161 209 306 204 71 245 236 136 182 203 231 185 274 261 297 260 265 150 211 179 201 238 213 266 79 188 251 228 
124 165 179 122 131 35 64 57 59 106 56 52 77 202 135 128 79 177 105 153 141 139 137 210 147 146 140 147 132 136 245 217 201 274 227 75 263 128 244 162 41 185 211 133 97 74 220 181 168 74 198 192 93 82 96 192 196 157 105 114 204 188 0 88 120 59 107 219 158 42 219 213 170 237 218 189 204 65 75 101 137 219 174 121 263 178 107 198 229 90 178 188 156 119 73 222 212 150 198 71 88 230 192 151 105 243 144 122 69 147 188 93 206 68 151 142 125 79 127 99 151 167 68 197 71 144 117 93 125 132 122 73 128 132 276 142 112 86 168 154 84 107 210 202 187 190 137 69 112 237 268 182 104 237 175 161 59 259 148 152 105 173 188 82 176 126 102 176 150 97 139 80 217 202 154 109 130 194 164 177 200 90 186 229 128 131 104 85 193 145 204 101 212 217 40 202 230 224 122 187 212 147 164 134 139 145 122 81 119 105 121 68 110 164 219 232 69 237 192 71 92 166 82 63 147 192 140 108 81 273 172 224 100 123 133 146 197 199 138 121 125 195 119 138 183 77 190 139 155 160 165 150 60 101 57 119 191 150 104 108 160 105 204 147 171 94 202 214 45 209 147 117 138 119 225 163 84 197 115 133 152 87 222 130 101 134 79 60 53 207 67 101 89 71 47 78 208 184 125 106 152 211 204 102 246 38 91 208 256 149 151 189 79 95 268 133 112 99 131 71 121 134 63 147 193 102 71 117 113 191 186 125 150 136 91 111 266 172 204 80 206 148 224 243 138 64 101 151 85 40 102 128 167 189 64 91 135 194 256 92 132 140 220 243 122 220 145 143 125 155 61 157 198 256 114 214 114 136 154 152 182 59 114 111 72 101 82 72 102 109 162 150 209 77 109 160 100 143 135 79 154 206 180 178 211 268 89 59 92 114 193 120 230 126 133 154 91 58 123 211 81 80 98 94 181 174 84 197 152 218 110 171 163 141 167 220 74 168 140 110 186 191 142 187 216 96 98 210 103 129 215 152 173 278 186 76 220 38 68 239 125 186 136 174 123 153 92 60 170 44 202 90 221 91 188 86 127 127 118 196 64 85 113 241 156 143 179 142 147 210 93 239 83 120 95 148 139 70 133 110 
142 183 197 140 149 53 82 75 77 124 74 70 95 220 153 146 97 195 123 171 159 157 155 228 165 164 158 165 150 154 263 235 219 292 245 93 281 146 262 180 59 203 229 151 115 92 238 199 186 92 216 210 111 100 114 210 214 175 123 132 222 206 88 0 138 77 125 237 176 60 237 231 188 255 236 207 222 83 93 119 155 237 192 139 281 196 125 216 247 108 196 206 174 137 91 240 230 168 216 89 106 248 210 169 123 261 162 140 87 165 206 111 224 86 169 160 143 97 145 117 169 185 86 215 89 162 135 111 143 150 140 91 146 150 294 160 130 104 186 172 102 125 228 220 205 208 155 87 130 255 286 200 122 255 193 179 77 277 166 170 123 191 206 100 194 144 120 194 168 115 157 98 235 220 172 127 148 212 182 195 218 108 204 247 146 149 122 103 211 163 222 119 230 235 58 220 248 242 140 205 230 165 182 152 157 163 140 99 137 123 139 86 128 182 237 250 87 255 210 89 110 184 100 81 165 210 158 126 99 291 190 242 118 141 151 164 215 217 156 139 143 213 137 156 201 95 208 157 173 178 183 168 78 119 75 137 209 168 122 126 178 123 222 165 189 112 220 232 63 227 165 135 156 137 243 181 102 215 133 151 170 105 240 148 119 152 97 78 71 225 85 119 107 89 65 96 226 202 143 124 170 229 222 120 264 56 109 226 274 167 169 207 97 113 286 151 130 117 149 89 139 152 81 165 211 120 89 135 131 209 204 143 168 154 109 129 284 190 222 98 224 166 242 261 156 82 119 169 103 58 120 146 185 207 82 109 153 212 274 110 150 158 238 261 140 238 163 161 143 173 79 175 216 274 132 232 132 154 172 170 200 77 132 129 90 119 100 90 120 127 180 168 227 95 127 178 118 161 153 97 172 224 198 196 229 286 107 77 110 132 211 138 248 144 151 172 109 76 141 229 99 98 116 112 199 192 102 215 170 236 128 189 181 159 185 238 92 186 158 128 204 209 160 205 234 114 116 228 121 147 233 170 191 296 204 94 238 56 86 257 143 204 154 192 141 171 110 78 188 62 220 108 239 109 206 104 145 145 136 214 82 103 131 259 174 161 197 160 165 228 111 257 101 138 113 166 157 88 151 128 
174 215 229 172 181 85 80 95 87 156 96 68 127 252 175 144 129 227 133 169 157 179 187 260 197 196 190 163 182 176 295 267 251 324 277 91 313 144 294 212 91 235 261 183 125 112 270 231 218 124 248 242 143 98 112 242 246 207 121 130 254 238 120 138 0 97 135 269 208 92 269 263 220 287 268 239 254 93 91 151 187 269 224 137 313 228 147 248 279 140 228 238 206 169 101 272 262 188 248 121 128 280 242 201 121 293 194 150 85 163 238 109 256 108 201 158 163 117 177 137 179 217 118 247 87 194 155 143 141 182 172 123 178 182 326 158 162 124 218 204 124 157 260 252 237 240 187 109 162 287 318 232 132 287 225 211 97 309 198 202 121 223 238 120 226 142 152 226 166 113 189 96 267 252 204 125 168 244 214 227 250 140 236 279 144 181 154 125 243 195 254 139 262 267 90 252 280 274 150 237 262 197 214 174 177 195 150 97 147 155 137 108 160 214 269 282 85 287 242 111 130 216 98 101 185 242 190 158 131 323 222 274 116 173 161 186 247 249 188 137 175 245 135 154 233 105 240 155 205 210 215 178 100 139 97 169 241 200 142 146 210 121 254 185 221 132 252 264 95 259 197 133 188 169 275 213 134 247 165 183 202 137 272 168 151 172 95 98 69 257 83 141 129 99 97 106 258 234 141 122 190 261 254 152 296 88 131 258 306 199 201 239 129 111 318 149 162 137 147 87 171 184 91 185 243 152 87 155 153 241 236 141 190 152 141 149 316 222 254 96 256 198 274 293 176 104 117 201 101 90 130 178 217 239 92 119 151 244 306 108 148 178 270 293 150 270 185 193 175 193 99 207 248 306 142 264 130 186 204 180 232 97 130 151 110 151 132 110 130 125 212 200 259 117 149 210 116 193 185 129 204 256 230 228 261 318 129 99 108 130 243 160 280 176 183 192 141 96 151 261 109 130 148 122 231 224 134 247 202 268 150 221 213 191 217 270 124 218 156 138 236 241 180 237 266 146 114 260 141 145 265 168 223 328 236 92 270 88 108 289 175 236 152 224 139 203 142 88 220 94 252 128 271 129 238 126 177 143 146 246 104 113 163 291 194 159 229 158 185 260 143 289 133 158 145 176 189 120 149 150 
113 154 168 111 120 24 17 2 10 93 3 29 66 191 82 105 68 166 56 106 118 86 126 199 136 133 127 124 119 83 234 206 190 263 216 28 252 105 233 151 30 174 200 120 48 19 209 168 157 63 187 181 82 35 73 181 185 146 82 67 191 177 59 77 97 0 58 208 145 31 208 202 159 226 207 178 193 16 52 90 124 208 163 74 252 167 54 187 218 79 167 177 143 106 24 211 201 95 187 60 35 219 181 138 82 232 131 73 22 100 177 70 195 15 138 119 70 24 116 44 102 156 57 186 48 133 62 82 78 121 109 62 117 121 265 119 101 31 157 143 31 96 199 191 176 179 126 16 101 226 257 171 55 226 164 150 4 248 137 139 82 162 177 27 165 103 91 165 127 74 128 57 206 191 143 86 75 183 153 164 189 79 175 218 81 120 93 32 182 134 193 46 201 206 29 191 219 213 73 174 201 136 153 81 84 134 73 34 70 94 74 15 97 151 208 221 22 226 181 18 37 155 35 8 92 181 129 97 70 262 161 213 53 112 84 93 186 188 125 98 114 182 96 115 172 28 179 92 144 149 154 101 7 46 4 106 178 137 49 53 149 58 193 92 160 39 191 203 34 198 136 94 127 108 214 152 73 186 104 122 141 76 211 75 90 79 56 5 30 196 20 48 36 22 36 29 197 173 102 83 97 200 193 91 235 27 38 197 245 138 140 178 68 48 257 110 99 44 108 24 110 123 14 92 182 91 48 62 60 180 175 78 97 89 80 56 255 161 193 57 195 137 213 232 83 11 54 140 62 29 53 117 156 176 15 42 88 183 245 45 109 85 209 232 73 209 92 132 114 100 6 146 187 245 65 203 67 123 143 103 171 4 91 58 17 90 71 17 53 62 151 139 198 24 56 149 77 132 124 68 141 195 169 165 200 257 36 6 45 91 182 67 219 115 122 99 80 3 74 200 32 69 87 45 170 161 73 186 139 207 57 160 150 130 154 209 63 157 117 61 175 180 87 176 205 85 51 199 48 106 204 105 162 267 175 53 209 27 15 228 114 175 113 163 100 142 81 11 157 33 189 35 210 36 175 33 116 80 69 185 11 36 100 230 101 96 166 95 92 199 82 228 72 65 84 99 128 59 110 57 
161 202 216 159 168 72 55 56 48 131 57 67 114 239 136 143 116 214 94 144 156 140 174 247 184 171 165 162 157 137 282 254 238 311 264 66 300 143 281 199 78 222 248 158 86 73 257 206 205 111 235 229 130 73 111 229 233 194 120 105 229 225 107 125 135 58 0 256 183 79 256 250 207 274 255 226 241 54 90 138 162 256 211 112 300 215 108 235 266 127 215 225 181 144 62 259 249 149 235 108 89 267 229 176 120 280 169 111 60 138 225 108 243 69 176 157 124 78 164 98 140 204 105 234 86 181 116 130 116 169 147 110 165 169 313 157 149 85 205 191 85 144 247 239 224 227 174 70 149 274 305 219 93 274 212 198 58 296 185 177 120 210 225 81 213 141 139 213 165 112 176 95 254 239 191 124 129 231 201 202 237 127 223 266 119 168 141 86 230 182 241 100 249 254 77 239 267 261 111 212 249 184 201 135 138 182 111 72 108 142 112 69 135 189 256 269 60 274 229 72 91 203 73 62 146 229 177 145 118 310 209 261 91 160 122 147 234 236 163 136 162 220 134 153 220 66 227 130 192 197 202 139 61 100 58 144 216 175 103 107 197 96 241 146 208 93 239 251 82 246 184 132 175 156 262 200 121 234 152 170 189 124 259 129 138 133 94 59 68 244 58 102 90 60 84 67 245 221 140 121 151 248 241 139 283 75 92 245 293 186 188 226 116 86 305 148 137 98 146 62 158 171 52 146 230 139 86 116 114 228 223 116 151 127 128 110 303 209 241 95 243 185 261 280 137 65 92 188 100 77 91 165 204 214 53 80 126 231 293 83 147 139 257 280 111 257 146 180 162 154 60 194 235 293 103 251 105 161 191 141 219 58 129 112 71 138 119 71 91 100 199 187 246 78 110 197 115 180 172 116 179 243 217 203 248 305 90 60 83 129 230 121 267 163 170 153 128 57 112 248 70 117 135 83 218 199 121 234 177 255 111 208 188 178 192 257 111 205 155 99 223 228 141 224 253 133 89 247 102 144 252 143 210 315 223 91 257 75 69 276 162 223 151 211 138 190 129 49 195 81 227 89 258 90 213 87 164 118 107 233 65 74 138 278 155 134 204 133 146 247 130 276 120 119 132 137 176 107 148 111 
95 136 154 97 102 184 213 206 208 255 205 201 226 173 284 277 228 152 254 302 290 288 108 181 118 295 289 296 281 285 220 188 172 249 198 224 234 277 215 311 190 156 182 282 246 223 195 330 139 223 169 163 242 231 245 163 171 128 254 263 353 159 219 237 269 208 256 0 307 191 194 184 141 208 189 164 175 214 224 250 286 190 145 270 234 149 256 173 204 239 149 163 305 268 222 197 187 299 169 220 237 201 163 300 254 214 293 271 218 296 163 242 177 217 300 291 274 228 276 248 300 138 217 172 220 293 266 242 274 107 271 222 103 281 251 291 261 235 317 125 233 256 181 177 158 165 112 218 261 212 243 153 253 208 146 310 208 230 119 301 254 322 163 231 151 275 251 147 299 246 110 229 192 177 125 258 279 169 135 326 175 239 161 204 277 280 253 234 164 120 179 250 187 192 189 177 205 199 271 336 187 118 313 283 288 120 271 230 268 254 270 217 259 313 190 203 218 208 167 220 241 137 231 212 296 167 111 257 230 248 143 199 249 272 282 295 168 170 287 270 96 344 268 287 154 226 165 288 130 135 136 299 209 250 206 268 340 299 253 257 131 254 179 296 142 243 173 185 194 180 118 266 287 268 200 134 233 168 264 104 301 236 197 279 250 283 228 209 202 178 216 250 238 220 196 227 183 155 274 255 301 182 179 251 217 187 240 183 231 120 122 160 228 244 243 282 261 248 280 220 270 283 212 296 164 251 220 266 262 162 157 274 299 285 240 260 241 321 179 229 177 119 195 214 287 213 250 122 234 189 251 99 138 338 213 240 284 169 227 241 281 289 191 214 271 191 294 114 274 304 210 306 169 227 263 189 263 285 303 301 157 208 263 260 221 250 231 221 251 258 311 121 180 226 258 131 249 292 284 228 303 177 151 327 186 243 238 208 241 263 168 269 205 275 282 303 240 207 272 182 230 229 247 243 152 323 233 172 301 193 259 142 312 112 316 191 223 139 289 259 157 166 291 158 191 245 247 181 252 278 190 301 144 253 161 225 191 187 217 214 274 157 285 145 272 124 241 209 319 193 351 239 192 240 337 235 102 276 267 167 213 234 262 216 305 292 328 291 296 181 242 210 232 269 244 297 110 219 282 259 
212 253 267 210 219 123 128 143 135 52 144 140 165 290 223 216 167 265 181 217 229 227 225 298 235 92 86 235 78 224 333 305 289 362 315 139 351 216 332 250 129 273 299 79 173 160 308 127 256 162 286 280 181 146 184 280 284 245 193 178 150 276 158 176 208 145 183 307 0 130 307 301 258 325 306 277 292 141 163 189 83 307 262 185 351 266 195 286 317 178 266 276 102 65 149 310 300 236 286 159 176 318 280 97 193 331 90 198 133 211 276 181 294 156 97 230 211 165 215 185 227 255 156 285 159 232 203 181 189 220 68 161 216 220 364 230 200 172 256 242 172 195 298 290 275 278 225 157 200 325 356 270 180 325 263 249 145 347 236 98 193 261 276 168 264 214 190 264 238 185 227 168 305 290 242 197 216 282 252 123 288 178 274 317 192 219 192 173 281 233 292 187 300 305 128 290 318 312 198 133 300 235 252 222 225 233 198 145 195 193 185 156 56 110 307 320 133 325 280 159 178 254 146 149 233 280 228 196 169 361 260 312 164 211 209 234 285 287 84 209 213 141 207 226 271 153 278 203 243 248 253 226 148 187 145 65 137 96 190 194 248 169 292 233 259 180 290 302 133 297 235 205 226 207 313 251 172 285 203 221 240 175 310 216 189 220 167 146 141 295 131 189 177 147 135 154 296 272 213 194 238 299 292 190 334 126 179 296 344 237 239 277 167 159 356 221 58 185 219 135 209 222 139 233 281 190 159 203 201 279 274 189 238 200 179 197 354 260 292 168 294 236 312 331 224 152 165 239 173 128 178 216 255 135 140 167 199 282 344 156 220 226 308 331 198 308 233 231 213 241 147 245 286 344 190 302 178 82 242 228 270 145 202 199 158 189 170 158 178 173 250 238 297 165 197 248 188 231 223 167 100 294 268 124 299 356 177 147 156 202 281 208 318 214 221 240 179 144 199 299 157 168 186 170 269 120 172 285 98 306 198 259 109 229 113 308 162 256 228 186 274 279 228 275 304 184 162 298 189 217 303 216 261 366 274 164 308 126 156 327 213 274 224 262 211 241 180 136 116 132 148 176 309 177 134 174 215 191 194 284 152 161 59 329 242 207 125 206 233 298 181 327 171 206 183 224 227 158 221 198 
96 137 151 94 103 7 36 29 31 78 28 24 49 174 107 100 51 149 77 125 113 111 109 182 119 118 112 119 104 108 217 189 173 246 199 47 235 100 216 134 13 157 183 105 69 46 192 153 140 46 170 164 65 54 68 164 168 129 77 86 176 160 42 60 92 31 79 191 130 0 191 185 142 209 190 161 176 37 47 73 109 191 146 93 235 150 79 170 201 62 150 160 128 91 45 194 184 122 170 43 60 202 164 123 77 215 116 94 41 119 160 65 178 40 123 114 97 51 99 71 123 139 40 169 43 116 89 65 97 104 94 45 100 104 248 114 84 58 140 126 56 79 182 174 159 162 109 41 84 209 240 154 76 209 147 133 31 231 120 124 77 145 160 54 148 98 74 148 122 69 111 52 189 174 126 81 102 166 136 149 172 62 158 201 100 103 76 57 165 117 176 73 184 189 12 174 202 196 94 159 184 119 136 106 111 117 94 53 91 77 93 40 82 136 191 204 41 209 164 43 64 138 54 35 119 164 112 80 53 245 144 196 72 95 105 118 169 171 110 93 97 167 91 110 155 49 162 111 127 132 137 122 32 73 29 91 163 122 76 80 132 77 176 119 143 66 174 186 17 181 119 89 110 91 197 135 56 169 87 105 124 59 194 102 73 106 51 32 25 179 39 73 61 43 19 50 180 156 97 78 124 183 176 74 218 10 63 180 228 121 123 161 51 67 240 105 84 71 103 43 93 106 35 119 165 74 43 89 85 163 158 97 122 108 63 83 238 144 176 52 178 120 196 215 110 36 73 123 57 12 74 100 139 161 36 63 107 166 228 64 104 112 192 215 94 192 117 115 97 127 33 129 170 228 86 186 86 108 126 124 154 31 86 83 44 73 54 44 74 81 134 122 181 49 81 132 72 115 107 51 126 178 152 150 183 240 61 31 64 86 165 92 202 98 105 126 63 30 95 183 53 52 70 66 153 146 56 169 124 190 82 143 135 113 139 192 46 140 112 82 158 163 114 159 188 68 70 182 75 101 187 124 145 250 158 48 192 10 40 211 97 158 108 146 95 125 64 32 142 16 174 62 193 63 160 58 99 99 90 168 36 57 85 213 128 115 151 114 119 182 65 211 55 92 67 120 111 42 105 82 
99 140 154 97 106 184 213 206 208 255 205 201 226 177 284 277 228 152 254 302 290 288 112 185 122 295 289 296 281 285 220 192 176 249 202 224 238 277 219 311 190 160 186 282 246 223 195 330 143 223 173 167 242 231 245 167 171 132 254 263 353 163 219 237 269 208 256 194 307 191 0 188 145 212 193 164 179 214 224 250 286 194 149 270 238 153 256 173 204 239 153 163 305 268 222 197 187 299 173 220 237 205 167 300 254 218 293 271 218 296 163 242 181 217 300 291 274 228 276 248 300 142 217 172 220 293 266 242 274 107 271 222 103 281 251 291 261 235 317 129 233 256 185 177 162 165 112 218 261 212 243 157 253 212 150 310 208 234 123 301 254 322 163 231 151 275 251 151 299 246 114 229 192 177 129 258 279 169 139 326 175 239 161 204 277 280 253 234 168 120 179 250 187 192 189 177 205 199 271 336 187 122 313 283 288 120 271 230 268 254 270 217 259 313 194 207 218 212 167 220 241 141 231 212 296 167 115 257 230 248 147 199 249 272 282 295 172 174 287 270 100 344 268 287 158 226 165 288 130 135 140 299 209 250 206 268 340 299 253 257 135 254 179 296 146 243 177 189 194 184 122 266 287 268 200 138 233 172 264 108 301 236 197 279 250 283 228 209 202 182 216 250 238 220 196 227 183 159 274 255 301 186 179 251 221 187 240 183 231 124 126 164 228 244 243 282 261 248 280 220 270 283 212 296 168 251 220 266 262 166 161 274 299 285 240 260 241 321 179 229 181 123 199 218 287 213 250 126 234 189 251 103 142 338 213 240 284 169 231 241 281 289 195 218 271 195 294 118 274 304 210 306 173 231 263 189 263 285 303 301 157 208 263 260 221 250 231 221 251 258 311 125 184 226 258 135 249 292 284 228 303 181 155 327 186 243 238 208 241 263 168 269 205 275 282 303 240 207 272 186 230 229 247 243 156 323 233 172 301 193 259 146 312 116 316 195 223 143 289 259 161 166 291 162 191 245 247 185 252 278 190 301 148 253 161 225 195 187 217 214 274 161 285 149 272 128 241 209 319 193 351 239 196 240 337 235 102 276 267 171 213 234 262 216 305 292 328 291 296 185 242 214 232 269 244 297 114 219 282 259 
89 48 96 91 82 178 207 200 202 249 199 195 220 167 278 271 222 146 248 296 284 282 102 93 98 289 283 290 275 279 162 182 152 191 110 218 146 271 127 305 184 68 94 276 240 217 189 324 119 217 149 157 236 225 239 143 165 122 248 257 347 153 213 231 263 202 250 184 301 185 188 0 135 120 169 106 155 208 218 244 280 170 139 264 146 61 250 167 146 233 129 157 299 262 216 139 129 293 163 214 231 181 75 294 248 126 287 265 212 290 157 236 171 211 294 285 268 222 270 242 294 50 211 114 214 287 260 236 268 101 265 216 97 275 193 285 255 229 311 105 227 250 161 171 70 159 106 212 255 154 185 65 247 120 126 304 202 142 113 295 248 316 157 225 145 269 245 59 293 240 90 223 186 171 119 252 273 163 115 320 117 233 155 146 271 274 247 228 158 114 121 244 181 134 183 119 147 141 265 330 129 112 307 277 282 114 265 224 262 248 264 211 253 307 170 115 212 120 161 214 235 117 225 206 290 109 91 251 224 190 55 141 243 266 276 289 162 82 281 264 90 338 262 281 134 220 107 282 124 129 116 293 203 244 200 262 334 293 247 251 111 248 173 290 136 237 85 165 188 174 98 260 281 262 142 128 227 162 258 98 295 230 139 273 244 277 222 203 196 90 210 244 232 214 190 221 177 67 268 249 295 176 173 245 129 181 234 125 173 114 116 154 222 238 185 276 255 242 274 214 264 277 206 290 76 245 214 260 256 74 151 268 293 279 234 254 183 315 173 223 89 113 107 126 281 207 244 116 228 183 245 93 50 332 207 234 278 111 139 235 275 283 171 126 265 103 288 94 268 298 204 300 149 139 257 183 257 279 297 295 151 202 257 254 215 244 225 215 245 252 305 115 160 220 252 125 243 286 278 222 297 89 63 321 128 185 232 202 235 257 110 263 147 269 276 297 234 201 266 176 224 223 241 237 64 317 227 166 295 135 253 54 306 106 310 171 217 133 283 253 151 160 285 138 133 239 241 175 246 272 132 295 124 195 103 219 185 181 211 156 268 151 279 139 266 118 235 203 313 187 345 233 172 234 331 229 96 270 261 147 207 228 256 158 299 286 322 285 290 161 236 122 226 263 238 291 90 213 276 253 
46 87 105 48 53 135 164 157 159 206 156 152 177 124 235 228 179 103 205 253 241 239 59 132 69 246 240 247 232 236 171 139 123 200 149 175 185 228 166 262 141 107 133 233 197 174 146 281 90 174 120 114 193 182 196 114 122 79 205 214 304 110 170 188 220 159 207 141 258 142 145 135 0 159 140 115 126 165 175 201 237 141 96 221 185 100 207 124 155 190 100 114 256 219 173 148 138 250 120 171 188 152 114 251 205 165 244 222 169 247 114 193 128 168 251 242 225 179 227 199 251 89 168 123 171 244 217 193 225 58 222 173 54 232 202 242 212 186 268 76 184 207 132 128 109 116 63 169 212 163 194 104 204 159 97 261 159 181 70 252 205 273 114 182 102 226 202 98 250 197 61 180 143 128 76 209 230 120 86 277 126 190 112 155 228 231 204 185 115 71 130 201 138 143 140 128 156 150 222 287 138 69 264 234 239 71 222 181 219 205 221 168 210 264 141 154 169 159 118 171 192 88 182 163 247 118 62 208 181 199 94 150 200 223 233 246 119 121 238 221 47 295 219 238 105 177 116 239 81 86 87 250 160 201 157 219 291 250 204 208 82 205 130 247 93 194 124 136 145 131 69 217 238 219 151 85 184 119 215 55 252 187 148 230 201 234 179 160 153 129 167 201 189 171 147 178 134 106 225 206 252 133 130 202 168 138 191 134 182 71 73 111 179 195 194 233 212 199 231 171 221 234 163 247 115 202 171 217 213 113 108 225 250 236 191 211 192 272 130 180 128 70 146 165 238 164 201 73 185 140 202 50 89 289 164 191 235 120 178 192 232 240 142 165 222 142 245 65 225 255 161 257 120 178 214 140 214 236 254 252 108 159 214 211 172 201 182 172 202 209 262 72 131 177 209 82 200 243 235 179 254 128 102 278 137 194 189 159 192 214 119 220 156 226 233 254 191 158 223 133 181 180 198 194 103 274 184 123 252 144 210 93 263 63 267 142 174 90 240 210 108 117 242 109 142 196 198 132 203 229 141 252 95 204 112 176 142 138 168 165 225 108 236 96 223 75 192 160 270 144 302 190 143 191 288 186 53 227 218 118 164 185 213 167 256 243 279 242 247 132 193 161 183 220 195 248 61 170 233 210 
113 72 120 115 106 202 231 224 226 273 223 219 244 191 302 295 246 170 272 320 308 306 126 117 122 313 307 314 299 303 186 206 176 215 134 242 170 295 151 329 208 92 118 300 264 241 213 348 143 241 173 181 260 249 263 167 189 146 272 281 371 177 237 255 287 226 274 208 325 209 212 120 159 0 193 130 179 232 242 268 304 194 163 288 170 85 274 191 170 257 153 181 323 286 240 163 153 317 187 238 255 205 99 318 272 150 311 289 236 314 181 260 195 235 318 309 292 246 294 266 318 74 235 138 238 311 284 260 292 125 289 240 121 299 217 309 279 253 335 129 251 274 185 195 94 183 130 236 279 178 209 89 271 144 150 328 226 166 137 319 272 340 181 249 169 293 269 83 317 264 114 247 210 195 143 276 297 187 139 344 141 257 179 170 295 298 271 252 182 138 145 268 205 158 207 143 171 165 289 354 153 136 331 301 306 138 289 248 286 272 288 235 277 331 194 139 236 144 185 238 259 141 249 230 314 133 115 275 248 214 79 165 267 290 300 313 186 106 305 288 114 362 286 305 158 244 131 306 148 153 140 317 227 268 224 286 358 317 271 275 135 272 197 314 160 261 109 189 212 198 122 284 305 286 166 152 251 186 282 122 319 254 163 297 268 301 246 227 220 114 234 268 256 238 214 245 201 91 292 273 319 200 197 269 153 205 258 149 197 138 140 178 246 262 209 300 279 266 298 238 288 301 230 314 100 269 238 284 280 98 175 292 317 303 258 278 207 339 197 247 113 137 131 150 305 231 268 140 252 207 269 117 74 356 231 258 302 135 163 259 299 307 195 150 289 127 312 118 292 322 228 324 173 163 281 207 281 303 321 319 175 226 281 278 239 268 249 239 269 276 329 139 184 244 276 149 267 310 302 246 321 113 87 345 152 209 256 226 259 281 134 287 171 293 300 321 258 225 290 200 248 247 265 261 88 341 251 190 319 159 277 78 330 130 334 195 241 157 307 277 175 184 309 162 157 263 265 199 270 296 156 319 148 219 127 243 209 205 235 180 292 175 303 163 290 142 259 227 337 211 369 257 196 258 355 253 120 294 285 171 231 252 280 182 323 310 346 309 314 185 260 146 250 287 262 315 114 237 300 277 
94 121 149 96 87 183 212 205 207 254 204 200 225 172 283 276 227 151 253 301 289 287 107 166 103 294 288 295 280 284 215 187 157 244 183 223 219 276 200 310 189 141 167 281 245 222 194 329 124 222 154 162 241 230 244 148 170 127 253 262 352 158 218 236 268 207 255 189 306 190 193 169 140 193 0 159 160 213 223 249 285 175 144 269 219 134 255 172 199 238 134 162 304 267 221 192 182 298 168 219 236 186 148 299 253 199 292 270 217 295 162 241 176 216 299 290 273 227 275 247 299 123 216 167 219 292 265 241 273 106 270 221 102 280 246 290 260 234 316 110 232 255 166 176 143 164 111 217 260 207 238 138 252 193 131 309 207 215 118 300 253 321 162 230 150 274 250 132 298 245 95 228 191 176 124 257 278 168 120 325 170 238 160 199 276 279 252 233 163 119 174 249 186 187 188 172 200 194 270 335 182 117 312 282 287 119 270 229 267 253 269 216 258 312 175 188 217 193 166 219 240 122 230 211 295 162 96 256 229 243 128 194 248 271 281 294 167 155 286 269 95 343 267 286 139 225 160 287 129 134 121 298 208 249 205 267 339 298 252 256 116 253 178 295 141 242 158 170 193 179 103 265 286 267 195 133 232 167 263 103 300 235 192 278 249 282 227 208 201 163 215 249 237 219 195 226 182 140 273 254 300 181 178 250 202 186 239 178 226 119 121 159 227 243 238 281 260 247 279 219 269 282 211 295 149 250 219 265 261 147 156 273 298 284 239 259 236 320 178 228 162 118 180 199 286 212 249 121 233 188 250 98 123 337 212 239 283 164 212 240 280 288 176 199 270 176 293 99 273 303 209 305 154 212 262 188 262 284 302 300 156 207 262 259 220 249 230 220 250 257 310 120 165 225 257 130 248 291 283 227 302 162 136 326 181 238 237 207 240 262 163 268 200 274 281 302 239 206 271 181 229 228 246 242 137 322 232 171 300 188 258 127 311 111 315 176 222 138 288 258 156 165 290 143 186 244 246 180 251 277 185 300 129 248 156 224 190 186 216 209 273 156 284 144 271 123 240 208 318 192 350 238 177 239 336 234 101 275 266 152 212 233 261 211 304 291 327 290 295 166 241 195 231 268 243 296 95 218 281 258 
69 58 10 67 72 154 183 176 178 225 175 171 196 147 254 247 198 122 224 272 260 258 82 103 88 265 259 266 251 255 76 162 142 105 120 194 156 247 137 281 160 78 104 252 216 193 165 300 109 193 139 137 212 201 215 133 141 102 224 233 323 133 189 207 239 178 226 164 277 161 164 106 115 130 159 0 145 184 194 220 256 160 119 240 156 71 226 143 60 209 119 133 275 238 192 53 43 269 143 190 207 171 85 270 224 136 263 241 188 266 133 212 151 187 270 261 244 198 246 218 270 60 187 28 190 263 236 212 244 77 241 192 73 251 107 261 231 205 287 95 203 226 151 147 80 135 82 188 231 68 99 75 223 130 116 280 178 152 93 271 224 292 133 201 121 245 221 69 269 216 80 199 162 147 99 228 249 139 105 296 31 209 131 60 247 250 223 204 138 90 35 220 157 48 159 33 61 55 241 306 43 92 283 253 258 90 241 200 238 224 240 187 229 283 160 125 188 130 137 190 211 107 201 182 266 23 81 227 200 104 65 55 219 242 252 265 142 92 257 240 70 314 238 257 124 196 21 258 100 105 106 269 179 220 176 238 310 269 223 227 101 224 149 266 116 213 95 155 164 154 88 236 257 238 56 108 203 142 234 78 271 206 53 249 220 253 198 179 172 100 186 220 208 190 166 197 153 77 244 225 271 156 149 221 139 157 210 39 87 94 96 134 198 214 99 252 231 218 250 190 240 253 182 266 86 221 190 236 232 84 131 244 269 255 210 230 97 291 149 199 99 93 117 136 257 183 220 96 204 159 221 73 60 308 183 210 254 25 149 211 251 259 161 136 241 113 264 84 244 274 180 276 139 149 233 159 233 255 273 271 127 178 233 230 191 220 201 191 221 228 281 95 150 196 228 105 219 262 254 198 273 99 73 297 42 99 208 178 211 233 24 239 61 245 252 273 210 177 242 156 200 199 217 213 74 293 203 142 271 49 229 64 282 86 286 161 193 113 259 229 131 136 261 128 47 215 217 155 222 248 46 271 114 109 17 195 165 157 187 70 244 131 255 119 242 98 211 179 289 163 321 209 162 210 307 205 72 246 237 137 183 204 232 72 275 262 298 261 266 151 212 132 202 239 214 267 80 189 252 229 
80 107 135 82 73 169 198 191 193 240 190 186 211 158 269 262 213 137 239 287 275 273 93 152 89 280 274 281 266 270 201 173 143 230 169 209 205 262 186 296 175 127 153 267 231 208 180 315 110 208 140 148 227 216 230 134 156 113 239 248 338 144 204 222 254 193 241 175 292 176 179 155 126 179 160 145 0 199 209 235 271 161 130 255 205 120 241 158 185 224 120 148 290 253 207 178 168 284 154 205 222 172 134 285 239 185 278 256 203 281 148 227 162 202 285 276 259 213 261 233 285 109 202 153 205 278 251 227 259 92 256 207 88 266 232 276 246 220 302 96 218 241 152 162 129 150 97 203 246 193 224 124 238 179 117 295 193 201 104 286 239 307 148 216 136 260 236 118 284 231 81 214 177 162 110 243 264 154 106 311 156 224 146 185 262 265 238 219 149 105 160 235 172 173 174 158 186 180 256 321 168 103 298 268 273 105 256 215 253 239 255 202 244 298 161 174 203 179 152 205 226 108 216 197 281 148 82 242 215 229 114 180 234 257 267 280 153 141 272 255 81 329 253 272 125 211 146 273 115 120 107 284 194 235 191 253 325 284 238 242 102 239 164 281 127 228 144 156 179 165 89 251 272 253 181 119 218 153 249 89 286 221 178 264 235 268 213 194 187 149 201 235 223 205 181 212 168 126 259 240 286 167 164 236 188 172 225 164 212 105 107 145 213 229 224 267 246 233 265 205 255 268 197 281 135 236 205 251 247 133 142 259 284 270 225 245 222 306 164 214 148 104 166 185 272 198 235 107 219 174 236 84 109 323 198 225 269 150 198 226 266 274 162 185 256 162 279 85 259 289 195 291 140 198 248 174 248 270 288 286 142 193 248 245 206 235 216 206 236 243 296 106 151 211 243 116 234 277 269 213 288 148 122 312 167 224 223 193 226 248 149 254 186 260 267 288 225 192 257 167 215 214 232 228 123 308 218 157 286 174 244 113 297 97 301 162 208 124 274 244 142 151 276 129 172 230 232 166 237 263 171 286 115 234 142 210 176 172 202 195 259 142 270 130 257 109 226 194 304 178 336 224 163 225 322 220 87 261 252 138 198 219 247 197 290 277 313 276 281 152 227 181 217 254 229 282 81 204 267 244 
119 160 174 117 126 30 13 14 6 89 15 25 72 197 94 101 74 172 52 102 114 98 132 205 142 129 123 120 115 95 240 212 196 269 222 24 258 101 239 157 36 180 206 116 44 31 215 164 163 69 193 187 88 31 69 187 191 152 78 63 187 183 65 83 93 16 54 214 141 37 214 208 165 232 213 184 199 0 48 96 120 214 169 70 258 173 66 193 224 85 173 183 139 102 20 217 207 107 193 66 47 225 187 134 78 238 127 69 18 96 183 66 201 27 134 115 82 36 122 56 98 162 63 192 44 139 74 88 74 127 105 68 123 127 271 115 107 43 163 149 43 102 205 197 182 185 132 28 107 232 263 177 51 232 170 156 16 254 143 135 78 168 183 39 171 99 97 171 123 70 134 53 212 197 149 82 87 189 159 160 195 85 181 224 77 126 99 44 188 140 199 58 207 212 35 197 225 219 69 170 207 142 159 93 96 140 69 30 66 100 70 27 93 147 214 227 18 232 187 30 49 161 31 20 104 187 135 103 76 268 167 219 49 118 80 105 192 194 121 94 120 178 92 111 178 24 185 88 150 155 160 97 19 58 16 102 174 133 61 65 155 54 199 104 166 51 197 209 40 204 142 90 133 114 220 158 79 192 110 128 147 82 217 87 96 91 52 17 26 202 16 60 48 18 42 25 203 179 98 79 109 206 199 97 241 33 50 203 251 144 146 184 74 44 263 106 95 56 104 20 116 129 10 104 188 97 44 74 72 186 181 74 109 85 86 68 261 167 199 53 201 143 219 238 95 23 50 146 58 35 49 123 162 172 11 38 84 189 251 41 105 97 215 238 69 215 104 138 120 112 18 152 193 251 61 209 63 119 149 99 177 16 87 70 29 96 77 29 49 58 157 145 204 36 68 155 73 138 130 74 137 201 175 161 206 263 48 18 41 87 188 79 225 121 128 111 86 15 70 206 28 75 93 41 176 157 79 192 135 213 69 166 146 136 150 215 69 163 113 57 181 186 99 182 211 91 47 205 60 102 210 101 168 273 181 49 215 33 27 234 120 181 109 169 96 148 87 7 153 39 185 47 216 48 171 45 122 76 65 191 23 32 96 236 113 92 162 91 104 205 88 234 78 77 90 95 134 65 106 69 
129 170 184 127 136 40 35 50 42 111 51 23 82 207 130 99 84 182 88 124 112 134 142 215 152 151 145 118 137 131 250 222 206 279 232 46 268 99 249 167 46 190 216 138 80 67 225 186 173 79 203 197 98 53 67 197 201 162 76 85 209 193 75 93 91 52 90 224 163 47 224 218 175 242 223 194 209 48 0 106 142 224 179 92 268 183 102 203 234 95 183 193 161 124 56 227 217 143 203 76 83 235 197 156 76 248 149 105 40 118 193 64 211 63 156 113 118 72 132 92 134 172 73 202 42 149 110 98 96 137 127 78 133 137 281 113 117 79 173 159 79 112 215 207 192 195 142 64 117 242 273 187 87 242 180 166 52 264 153 157 76 178 193 75 181 97 107 181 121 68 144 51 222 207 159 80 123 199 169 182 205 95 191 234 99 136 109 80 198 150 209 94 217 222 45 207 235 229 105 192 217 152 169 129 132 150 105 52 102 110 92 63 115 169 224 237 40 242 197 66 85 171 53 56 140 197 145 113 86 278 177 229 71 128 116 141 202 204 143 92 130 200 90 109 188 60 195 110 160 165 170 133 55 94 52 124 196 155 97 101 165 76 209 140 176 87 207 219 50 214 152 88 143 124 230 168 89 202 120 138 157 92 227 123 106 127 50 53 24 212 38 96 84 54 52 61 213 189 96 77 145 216 209 107 251 43 86 213 261 154 156 194 84 66 273 104 117 92 102 42 126 139 46 140 198 107 42 110 108 196 191 96 145 107 96 104 271 177 209 51 211 153 229 248 131 59 72 156 56 45 85 133 172 194 47 74 106 199 261 63 103 133 225 248 105 225 140 148 130 148 54 162 203 261 97 219 85 141 159 135 187 52 85 106 65 106 87 65 85 80 167 155 214 72 104 165 71 148 140 84 159 211 185 183 216 273 84 54 63 85 198 115 235 131 138 147 96 51 106 216 64 85 103 77 186 179 89 202 157 223 105 176 168 146 172 225 79 173 111 93 191 196 135 192 221 101 69 215 96 100 220 123 178 283 191 47 225 43 63 244 130 191 107 179 94 158 97 43 175 49 207 83 226 84 193 81 132 98 101 201 59 68 118 246 149 114 184 113 140 215 98 244 88 113 100 131 144 75 104 105 
155 196 210 153 162 66 95 88 90 137 87 83 108 233 166 159 110 208 136 184 172 170 168 241 178 177 171 178 163 167 276 248 232 305 258 106 294 159 275 193 72 216 242 164 128 105 251 212 199 105 229 223 124 113 127 223 227 188 136 145 235 219 101 119 151 90 138 250 189 73 250 244 201 268 249 220 235 96 106 0 168 250 205 152 294 209 138 229 260 121 209 219 187 150 104 253 243 181 229 102 119 261 223 182 136 274 175 153 100 178 219 124 237 99 182 173 156 110 158 130 182 198 99 228 102 175 148 124 156 163 153 104 159 163 307 173 143 117 199 185 115 138 241 233 218 221 168 100 143 268 299 213 135 268 206 192 90 290 179 183 136 204 219 113 207 157 133 207 181 128 170 111 248 233 185 140 161 225 195 208 231 121 217 260 159 162 135 116 224 176 235 132 243 248 71 233 261 255 153 218 243 178 195 165 170 176 153 112 150 136 152 99 141 195 250 263 100 268 223 102 123 197 113 94 178 223 171 139 112 304 203 255 131 154 164 177 228 230 169 152 156 226 150 169 214 108 221 170 186 191 196 181 91 132 88 150 222 181 135 139 191 136 235 178 202 125 233 245 76 240 178 148 169 150 256 194 115 228 146 164 183 118 253 161 132 165 110 91 84 238 98 132 120 102 78 109 239 215 156 137 183 242 235 133 277 69 122 239 287 180 182 220 110 126 299 164 143 130 162 102 152 165 94 178 224 133 102 148 144 222 217 156 181 167 122 142 297 203 235 111 237 179 255 274 169 95 132 182 116 71 133 159 198 220 95 122 166 225 287 123 163 171 251 274 153 251 176 174 156 186 92 188 229 287 145 245 145 167 185 183 213 90 145 142 103 132 113 103 133 140 193 181 240 108 140 191 131 174 166 110 185 237 211 209 242 299 120 90 123 145 224 151 261 157 164 185 122 89 154 242 112 111 129 125 212 205 115 228 183 249 141 202 194 172 198 251 105 199 171 141 217 222 173 218 247 127 129 241 134 160 246 183 204 309 217 107 251 69 99 270 156 217 167 205 154 184 123 91 201 75 233 121 252 122 219 117 158 158 149 227 95 116 144 272 187 174 210 173 178 241 124 270 114 151 126 179 170 101 164 141 
191 232 246 189 198 102 107 122 114 31 123 119 144 269 202 195 146 244 160 196 208 206 204 277 214 71 65 214 57 203 312 284 268 341 294 118 330 195 311 229 108 252 278 58 152 139 287 106 235 141 265 259 160 125 163 259 263 224 172 157 129 255 137 155 187 124 162 286 83 109 286 280 237 304 285 256 271 120 142 168 0 286 241 164 330 245 174 265 296 157 245 255 81 44 128 289 279 215 265 138 155 297 259 76 172 310 69 177 112 190 255 160 273 135 76 209 190 144 194 164 206 234 135 264 138 211 182 160 168 199 47 140 195 199 343 209 179 151 235 221 151 174 277 269 254 257 204 136 179 304 335 249 159 304 242 228 124 326 215 77 172 240 255 147 243 193 169 243 217 164 206 147 284 269 221 176 195 261 231 102 267 157 253 296 171 198 171 152 260 212 271 166 279 284 107 269 297 291 177 112 279 214 231 201 204 212 177 124 174 172 164 135 35 89 286 299 112 304 259 138 157 233 125 128 212 259 207 175 148 340 239 291 143 190 188 213 264 266 63 188 192 120 186 205 250 132 257 182 222 227 232 205 127 166 124 44 116 75 169 173 227 148 271 212 238 159 269 281 112 276 214 184 205 186 292 230 151 264 182 200 219 154 289 195 168 199 146 125 120 274 110 168 156 126 114 133 275 251 192 173 217 278 271 169 313 105 158 275 323 216 218 256 146 138 335 200 37 164 198 114 188 201 118 212 260 169 138 182 180 258 253 168 217 179 158 176 333 239 271 147 273 215 291 310 203 131 144 218 152 107 157 195 234 114 119 146 178 261 323 135 199 205 287 310 177 287 212 210 192 220 126 224 265 323 169 281 157 61 221 207 249 124 181 178 137 168 149 137 157 152 229 217 276 144 176 227 167 210 202 146 79 273 247 103 278 335 156 126 135 181 260 187 297 193 200 219 158 123 178 278 136 147 165 149 248 99 151 264 77 285 177 238 88 208 92 287 141 235 207 165 253 258 207 254 283 163 141 277 168 196 282 195 240 345 253 143 287 105 135 306 192 253 203 241 190 220 159 115 95 111 127 155 288 156 113 153 194 170 173 263 131 140 38 308 221 186 104 185 212 277 160 306 150 185 162 203 206 137 200 177 
95 122 150 97 88 184 213 206 208 255 205 201 226 173 284 277 228 152 254 302 290 288 108 167 104 295 289 296 281 285 216 188 158 245 184 224 220 277 201 311 190 142 168 282 246 223 195 330 125 223 155 163 242 231 245 149 171 128 254 263 353 159 219 237 269 208 256 190 307 191 194 170 141 194 175 160 161 214 224 250 286 0 145 270 220 135 256 173 200 239 135 163 305 268 222 193 183 299 169 220 237 187 149 300 254 200 293 271 218 296 163 242 177 217 300 291 274 228 276 248 300 124 217 168 220 293 266 242 274 107 271 222 103 281 247 291 261 235 317 111 233 256 167 177 144 165 112 218 261 208 239 139 253 194 132 310 208 216 119 301 254 322 163 231 151 275 251 133 299 246 96 229 192 177 125 258 279 169 121 326 171 239 161 200 277 280 253 234 164 120 175 250 187 188 189 173 201 195 271 336 183 118 313 283 288 120 271 230 268 254 270 217 259 313 176 189 218 194 167 220 241 123 231 212 296 163 97 257 230 244 129 195 249 272 282 295 168 156 287 270 96 344 268 287 140 226 161 288 130 135 122 299 209 250 206 268 340 299 253 257 117 254 179 296 142 243 159 171 194 180 104 266 287 268 196 134 233 168 264 104 301 236 193 279 250 283 228 209 202 164 216 250 238 220 196 227 183 141 274 255 301 182 179 251 203 187 240 179 227 120 122 160 228 244 239 282 261 248 280 220 270 283 212 296 150 251 220 266 262 148 157 274 299 285 240 260 237 321 179 229 163 119 181 200 287 213 250 122 234 189 251 99 124 338 213 240 284 165 213 241 281 289 177 200 271 177 294 100 274 304 210 306 155 213 263 189 263 285 303 301 157 208 263 260 221 250 231 221 251 258 311 121 166 226 258 131 249 292 284 228 303 163 137 327 182 239 238 208 241 263 164 269 201 275 282 303 240 207 272 182 230 229 247 243 138 323 233 172 301 189 259 128 312 112 316 177 223 139 289 259 157 166 291 144 187 245 247 181 252 278 186 301 130 249 157 225 191 187 217 210 274 157 285 145 272 124 241 209 319 193 351 239 178 240 337 235 102 276 267 153 213 234 262 212 305 292 328 291 296 167 242 196 232 269 244 297 96 219 282 259 
50 91 109 52 57 139 168 161 163 210 160 156 181 128 239 232 183 107 209 257 245 243 63 136 73 250 244 251 236 240 175 143 127 204 153 179 189 232 170 266 145 111 137 237 201 178 150 285 94 178 124 118 197 186 200 118 126 83 209 218 308 114 174 192 224 163 211 145 262 146 149 139 96 163 144 119 130 169 179 205 241 145 0 225 189 104 211 128 159 194 104 118 260 223 177 152 142 254 124 175 192 156 118 255 209 169 248 226 173 251 118 197 132 172 255 246 229 183 231 203 255 93 172 127 175 248 221 197 229 62 226 177 58 236 206 246 216 190 272 80 188 211 136 132 113 120 67 173 216 167 198 108 208 163 101 265 163 185 74 256 209 277 118 186 106 230 206 102 254 201 65 184 147 132 80 213 234 124 90 281 130 194 116 159 232 235 208 189 119 75 134 205 142 147 144 132 160 154 226 291 142 73 268 238 243 75 226 185 223 209 225 172 214 268 145 158 173 163 122 175 196 92 186 167 251 122 66 212 185 203 98 154 204 227 237 250 123 125 242 225 51 299 223 242 109 181 120 243 85 90 91 254 164 205 161 223 295 254 208 212 86 209 134 251 97 198 128 140 149 135 73 221 242 223 155 89 188 123 219 59 256 191 152 234 205 238 183 164 157 133 171 205 193 175 151 182 138 110 229 210 256 137 134 206 172 142 195 138 186 75 77 115 183 199 198 237 216 203 235 175 225 238 167 251 119 206 175 221 217 117 112 229 254 240 195 215 196 276 134 184 132 74 150 169 242 168 205 77 189 144 206 54 93 293 168 195 239 124 182 196 236 244 146 169 226 146 249 69 229 259 165 261 124 182 218 144 218 240 258 256 112 163 218 215 176 205 186 176 206 213 266 76 135 181 213 86 204 247 239 183 258 132 106 282 141 198 193 163 196 218 123 224 160 230 237 258 195 162 227 137 185 184 202 198 107 278 188 127 256 148 214 97 267 67 271 146 178 94 244 214 112 121 246 113 146 200 202 136 207 233 145 256 99 208 116 180 146 142 172 169 229 112 240 100 227 79 196 164 274 148 306 194 147 195 292 190 57 231 222 122 168 189 217 171 260 247 283 246 251 136 197 165 187 224 199 252 65 174 237 214 
175 216 230 173 182 86 57 72 64 133 73 69 125 253 152 145 130 228 110 146 158 156 188 261 198 173 167 164 159 153 296 268 252 325 278 68 314 145 295 210 92 236 262 160 102 89 271 208 219 125 249 243 141 75 113 243 247 208 122 107 231 239 121 139 137 74 112 270 185 93 270 264 221 288 269 240 255 70 92 152 164 270 225 0 314 229 124 249 280 138 229 239 183 146 78 273 263 165 249 122 105 281 243 178 122 294 171 127 62 140 239 110 257 85 178 159 140 94 178 114 156 218 119 248 88 192 132 144 118 183 149 124 179 180 327 159 163 101 216 205 101 158 261 253 238 241 188 86 163 288 319 233 109 288 226 209 74 310 199 179 122 221 239 97 227 143 150 227 167 114 190 97 268 253 205 126 145 245 215 204 251 141 237 280 121 179 155 102 244 196 255 116 263 268 91 253 281 275 127 214 263 198 212 151 154 196 127 74 124 156 114 85 137 191 270 283 62 288 243 88 107 217 75 78 162 243 191 156 132 324 223 275 93 171 138 163 248 250 165 138 176 222 136 155 234 82 241 132 206 211 216 155 77 116 74 146 218 177 119 123 211 98 255 162 222 109 253 265 96 260 198 134 186 170 276 214 135 248 163 184 200 135 273 145 149 149 96 75 70 258 60 118 106 76 98 83 259 235 142 123 167 262 255 153 297 89 108 259 307 200 202 240 130 88 319 150 139 114 148 64 172 182 68 162 244 150 88 132 130 242 237 118 167 129 142 126 317 220 255 97 257 199 275 294 153 81 94 202 102 91 107 179 218 216 69 96 128 245 307 85 149 155 271 294 127 271 162 194 173 170 76 205 249 307 119 265 107 163 202 157 233 74 131 128 87 152 130 87 107 102 210 201 260 94 126 211 117 191 183 127 181 257 231 205 262 319 106 76 85 131 244 137 281 177 181 169 139 73 128 262 86 131 149 99 232 201 135 248 179 269 127 222 190 192 194 271 125 219 157 115 237 242 157 238 267 144 91 261 118 146 266 145 224 329 237 93 271 89 85 290 173 237 153 225 140 204 143 65 197 95 229 105 272 106 215 103 178 120 123 247 81 90 140 292 171 136 206 135 162 261 144 290 134 135 143 153 190 121 150 127 
139 98 146 141 132 228 257 250 252 299 249 245 270 217 328 321 272 196 298 346 334 332 152 143 148 339 333 340 325 329 212 232 202 241 160 268 196 321 177 355 234 118 144 326 290 267 239 374 169 267 199 207 286 275 289 193 215 172 298 307 397 203 263 281 313 252 300 234 351 235 238 146 185 170 219 156 205 258 268 294 330 220 189 314 0 111 300 217 196 283 179 207 349 312 266 189 179 343 213 264 281 231 125 344 298 176 337 315 262 340 207 286 221 261 344 335 318 272 320 292 344 100 261 164 264 337 310 286 318 151 315 266 147 325 243 335 305 279 361 155 277 300 211 221 120 209 156 262 305 204 235 115 297 170 176 354 252 192 163 345 298 366 207 275 195 319 295 109 343 290 140 273 236 221 169 302 323 213 165 370 167 283 205 196 321 324 297 278 208 164 171 294 231 184 233 169 197 191 315 380 179 162 357 327 332 164 315 274 312 298 314 261 303 357 220 165 262 170 211 264 285 167 275 256 340 159 141 301 274 240 105 191 293 316 326 339 212 132 331 314 140 388 312 331 184 270 157 332 174 179 166 343 253 294 250 312 384 343 297 301 161 298 223 340 186 287 135 215 238 224 148 310 331 312 192 178 277 212 308 148 345 280 189 323 294 327 272 253 246 140 260 294 282 264 240 271 227 117 318 299 345 226 223 295 179 231 284 175 223 164 166 204 272 288 235 326 305 292 324 264 314 327 256 340 126 295 264 310 306 124 201 318 343 329 284 304 233 365 223 273 139 163 157 176 331 257 294 166 278 233 295 143 100 382 257 284 328 161 189 285 325 333 221 176 315 153 338 144 318 348 254 350 199 189 307 233 307 329 347 345 201 252 307 304 265 294 275 265 295 302 355 165 210 270 302 175 293 336 328 272 347 139 113 371 178 235 282 252 285 307 160 313 197 319 326 347 284 251 316 226 274 273 291 287 114 367 277 216 345 185 303 104 356 156 360 221 267 183 333 303 201 210 335 188 183 289 291 225 296 322 182 345 174 245 153 269 235 231 261 206 318 201 329 189 316 168 285 253 363 237 395 283 222 284 381 279 146 320 311 197 257 278 306 208 349 336 372 335 340 211 286 172 276 313 288 341 140 263 326 303 
54 13 61 56 47 143 172 165 167 214 164 160 185 132 243 236 187 111 213 261 249 247 67 58 63 254 248 255 240 244 127 147 117 156 75 183 111 236 92 270 149 33 59 241 205 182 154 289 84 182 114 122 201 190 204 108 130 87 213 222 312 118 178 196 228 167 215 149 266 150 153 61 100 85 134 71 120 173 183 209 245 135 104 229 111 0 215 132 111 198 94 122 264 227 181 104 94 258 128 179 196 146 40 259 213 91 252 230 177 255 122 201 136 176 259 250 233 187 235 207 259 15 176 79 179 252 225 201 233 66 230 181 62 240 158 250 220 194 276 70 192 215 126 136 35 124 71 177 220 119 150 30 212 85 91 269 167 107 78 260 213 281 122 190 110 234 210 24 258 205 55 188 151 136 84 217 238 128 80 285 82 198 120 111 236 239 212 193 123 79 86 209 146 99 148 84 112 106 230 295 94 77 272 242 247 79 230 189 227 213 229 176 218 272 135 80 177 85 126 179 200 82 190 171 255 74 56 216 189 155 20 106 208 231 241 254 127 47 246 229 55 303 227 246 99 185 72 247 89 94 81 258 168 209 165 227 299 258 212 216 76 213 138 255 101 202 50 130 153 139 63 225 246 227 107 93 192 127 223 63 260 195 104 238 209 242 187 168 161 55 175 209 197 179 155 186 142 32 233 214 260 141 138 210 94 146 199 90 138 79 81 119 187 203 150 241 220 207 239 179 229 242 171 255 41 210 179 225 221 39 116 233 258 244 199 219 148 280 138 188 54 78 72 91 246 172 209 81 193 148 210 58 15 297 172 199 243 76 104 200 240 248 136 91 230 68 253 59 233 263 169 265 114 104 222 148 222 244 262 260 116 167 222 219 180 209 190 180 210 217 270 80 125 185 217 90 208 251 243 187 262 54 28 286 93 150 197 167 200 222 75 228 112 234 241 262 199 166 231 141 189 188 206 202 29 282 192 131 260 100 218 19 271 71 275 136 182 98 248 218 116 125 250 103 98 204 206 140 211 237 97 260 89 160 68 184 150 146 176 121 233 116 244 104 231 83 200 168 278 152 310 198 137 199 296 194 61 235 226 112 172 193 221 123 264 251 287 250 255 126 201 87 191 228 203 256 55 178 241 218 
161 202 216 159 168 72 67 52 60 143 51 79 114 239 130 155 116 214 106 156 168 134 174 247 184 183 177 174 169 131 282 254 238 311 264 78 300 155 281 199 78 222 248 170 98 69 257 218 205 111 235 229 130 85 123 229 233 194 132 117 241 225 107 125 147 54 108 256 195 79 256 250 207 274 255 226 241 66 102 138 174 256 211 124 300 215 0 235 266 127 215 225 193 156 74 259 249 145 235 108 83 267 229 188 132 280 181 123 72 150 225 120 243 63 188 169 120 74 164 94 152 204 105 234 98 181 112 130 128 169 159 110 165 169 313 169 149 81 205 191 79 144 247 239 224 227 174 64 149 274 305 219 105 274 212 198 54 296 185 189 132 210 225 77 213 153 139 213 177 124 176 107 254 239 191 136 125 231 201 214 237 127 223 266 131 168 141 80 230 182 241 96 249 254 77 239 267 261 123 224 249 184 201 129 134 182 123 84 120 142 124 63 147 201 256 269 72 274 229 66 87 203 85 58 142 229 177 145 118 310 209 261 103 160 134 141 234 236 175 148 162 232 146 165 220 78 227 142 192 197 202 151 55 96 52 156 228 187 99 103 197 108 241 142 208 89 239 251 82 246 184 144 175 156 262 200 121 234 152 170 189 124 259 125 138 129 106 55 80 244 70 96 84 72 84 79 245 221 152 133 147 248 241 139 283 75 86 245 293 186 188 226 116 98 305 160 149 94 158 74 158 171 64 142 230 139 98 112 108 228 223 128 145 139 128 106 303 209 241 107 243 185 261 280 133 59 104 188 112 77 103 165 204 226 65 92 138 231 293 95 159 135 257 280 123 257 140 180 162 150 56 194 235 293 115 251 117 173 191 153 219 54 141 106 67 138 119 67 103 112 199 187 246 72 104 197 127 180 172 116 191 243 217 215 248 305 84 54 95 141 230 115 267 163 170 149 128 53 124 248 82 117 135 95 218 211 121 234 189 255 105 208 200 178 204 257 111 205 167 111 223 228 137 224 253 133 101 247 98 156 252 155 210 315 223 103 257 75 63 276 162 223 163 211 150 190 129 61 207 81 239 85 258 86 225 81 164 130 119 233 59 86 150 278 151 146 216 145 142 247 130 276 120 115 132 149 176 107 160 105 
78 119 133 76 85 163 192 185 187 234 184 180 205 156 263 256 207 131 233 281 269 267 91 164 101 274 268 275 260 264 199 171 155 228 181 203 217 256 198 290 169 139 165 261 225 202 174 309 122 202 152 146 221 210 224 146 150 111 233 242 332 142 198 216 248 187 235 173 286 170 173 167 124 191 172 143 158 193 203 229 265 173 128 249 217 132 235 0 183 218 132 142 284 247 201 176 166 278 152 199 216 184 146 279 233 197 272 250 197 275 142 221 160 196 279 270 253 207 255 227 279 121 196 151 199 272 245 221 253 86 250 201 82 260 230 270 240 214 296 108 212 235 164 156 141 144 91 197 240 191 222 136 232 191 129 289 187 213 102 280 233 301 142 210 130 254 230 130 278 225 93 208 171 156 108 237 258 148 118 305 154 218 140 183 256 259 232 213 147 99 158 229 166 171 168 156 184 178 250 315 166 101 292 262 267 99 250 209 247 233 249 196 238 292 173 186 197 191 146 199 220 120 210 191 275 146 94 236 209 227 126 178 228 251 261 274 151 153 266 249 79 323 247 266 137 205 144 267 109 114 119 278 188 229 185 247 319 278 232 236 114 233 158 275 125 222 156 168 173 163 101 245 266 247 179 117 212 151 243 87 280 215 176 258 229 262 207 188 181 161 195 229 217 199 175 206 162 138 253 234 280 165 158 230 200 166 219 162 210 103 105 143 207 223 222 261 240 227 259 199 249 262 191 275 147 230 199 245 241 145 140 253 278 264 219 239 220 300 158 208 160 102 178 197 266 192 229 105 213 168 230 82 121 317 192 219 263 148 210 220 260 268 174 197 250 174 273 97 253 283 189 285 152 210 242 168 242 264 282 280 136 187 242 239 200 229 210 200 230 237 290 104 163 205 237 114 228 271 263 207 282 160 134 306 165 222 217 187 220 242 147 248 184 254 261 282 219 186 251 165 209 208 226 222 135 302 212 151 280 172 238 125 291 95 295 174 202 122 268 238 140 145 270 141 170 224 226 164 231 257 169 280 127 232 140 204 174 166 196 193 253 140 264 128 251 107 220 188 298 172 330 218 175 219 316 214 81 255 246 150 192 213 241 195 284 271 307 270 275 164 221 193 211 248 223 276 93 198 261 238 
109 98 50 107 112 194 223 216 218 265 215 211 236 187 294 287 238 162 264 312 300 298 122 143 128 305 299 306 291 295 116 202 182 145 160 234 196 287 177 321 200 118 144 292 256 233 205 340 149 233 179 177 252 241 255 173 181 142 264 273 363 173 229 247 279 218 266 204 317 201 204 146 155 170 199 60 185 224 234 260 296 200 159 280 196 111 266 183 0 249 159 173 315 278 232 93 83 309 183 230 247 211 125 310 264 176 303 281 228 306 173 252 191 227 310 301 284 238 286 258 310 100 227 68 230 303 276 252 284 117 281 232 113 291 147 301 271 245 327 135 243 266 191 187 120 175 122 228 271 108 139 115 263 170 156 320 218 192 133 311 264 332 173 241 161 285 261 109 309 256 120 239 202 187 139 268 289 179 145 336 71 249 171 100 287 290 263 244 178 130 75 260 197 88 199 73 101 95 281 346 83 132 323 293 298 130 281 240 278 264 280 227 269 323 200 165 228 170 177 230 251 147 241 222 306 63 121 267 240 144 105 95 259 282 292 305 182 132 297 280 110 354 278 297 164 236 61 298 140 145 146 309 219 260 216 278 350 309 263 267 141 264 189 306 156 253 135 195 204 194 128 276 297 278 96 148 243 182 274 118 311 246 93 289 260 293 238 219 212 140 226 260 248 230 206 237 193 117 284 265 311 196 189 261 179 197 250 79 127 134 136 174 238 254 139 292 271 258 290 230 280 293 222 306 126 261 230 276 272 124 171 284 309 295 250 270 137 331 189 239 139 133 157 176 297 223 260 136 244 199 261 113 100 348 223 250 294 65 189 251 291 299 201 176 281 153 304 124 284 314 220 316 179 189 273 199 273 295 313 311 167 218 273 270 231 260 241 231 261 268 321 135 190 236 268 145 259 302 294 238 313 139 113 337 82 139 248 218 251 273 64 279 101 285 292 313 250 217 282 196 240 239 257 253 114 333 243 182 311 89 269 104 322 126 326 201 233 153 299 269 171 176 301 168 87 255 257 195 262 288 86 311 154 149 57 235 205 197 227 110 284 171 295 159 282 138 251 219 329 203 361 249 202 250 347 245 112 286 277 177 223 244 272 112 315 302 338 301 306 191 252 172 242 279 254 307 120 229 292 269 
144 185 199 142 151 55 81 77 79 126 76 72 13 222 155 148 99 197 125 170 161 159 157 230 167 166 160 167 152 156 265 237 221 294 247 92 283 148 264 98 61 205 231 153 117 94 240 201 188 94 218 212 29 99 116 212 216 177 125 131 224 208 90 108 140 79 127 239 178 62 239 233 190 257 238 209 224 85 95 121 157 239 194 138 283 198 127 218 249 0 198 208 176 139 93 242 232 170 218 91 108 250 212 171 125 263 164 142 86 164 208 113 226 88 171 162 145 99 147 119 171 187 88 217 91 80 137 113 142 152 142 93 148 68 296 162 132 106 104 174 104 127 230 222 207 210 157 89 132 257 288 202 124 257 195 97 79 279 168 172 125 109 208 102 196 146 38 196 170 117 159 100 237 222 174 129 150 214 184 197 220 110 206 249 145 67 124 105 213 165 224 121 232 237 60 222 250 244 142 207 232 167 100 154 159 165 142 98 139 125 138 88 130 184 239 252 86 257 212 91 112 186 99 83 167 212 160 44 101 293 192 244 117 59 153 166 217 219 158 141 145 215 139 158 203 97 210 156 175 180 185 170 80 121 77 139 211 170 124 128 180 122 224 167 191 114 222 234 65 229 167 137 74 139 245 183 104 217 51 153 88 23 242 150 37 154 99 80 73 227 84 121 109 91 67 98 228 204 145 126 172 231 224 122 266 58 111 228 276 169 171 209 99 112 288 153 132 119 151 88 141 70 83 167 213 38 91 137 133 211 206 142 170 153 111 131 286 108 224 100 226 168 244 263 158 84 118 171 105 60 122 148 187 209 84 111 152 214 276 109 152 160 240 263 142 240 165 163 61 175 81 93 218 276 134 234 131 156 90 172 202 79 134 131 92 121 18 92 122 126 98 170 229 97 129 180 120 79 71 15 174 226 200 198 231 288 109 79 109 134 213 140 250 146 69 174 27 78 143 231 101 100 118 114 201 194 104 217 172 238 130 191 183 161 187 240 94 188 160 130 206 211 162 207 236 32 115 230 123 149 235 169 193 298 206 96 240 58 88 259 61 206 156 194 143 173 112 80 190 64 222 110 241 111 208 106 147 144 138 216 84 105 133 261 176 160 199 159 167 230 113 259 103 140 31 168 159 90 153 130 
54 81 109 56 47 143 172 165 167 214 164 160 185 132 243 236 187 111 213 261 249 247 67 126 63 254 248 255 240 244 175 147 117 204 143 183 179 236 160 270 149 101 127 241 205 182 154 289 84 182 114 122 201 190 204 108 130 87 213 222 312 118 178 196 228 167 215 149 266 150 153 129 100 153 134 119 120 173 183 209 245 135 104 229 179 94 215 132 159 198 0 122 264 227 181 152 142 258 128 179 196 146 108 259 213 159 252 230 177 255 122 201 136 176 259 250 233 187 235 207 259 83 176 127 179 252 225 201 233 66 230 181 62 240 206 250 220 194 276 70 192 215 126 136 103 124 71 177 220 167 198 98 212 153 91 269 167 175 78 260 213 281 122 190 110 234 210 92 258 205 55 188 151 136 84 217 238 128 80 285 130 198 120 159 236 239 212 193 123 79 134 209 146 147 148 132 160 154 230 295 142 77 272 242 247 79 230 189 227 213 229 176 218 272 135 148 177 153 126 179 200 82 190 171 255 122 56 216 189 203 88 154 208 231 241 254 127 115 246 229 55 303 227 246 99 185 120 247 89 94 81 258 168 209 165 227 299 258 212 216 76 213 138 255 101 202 118 130 153 139 63 225 246 227 155 93 192 127 223 63 260 195 152 238 209 242 187 168 161 123 175 209 197 179 155 186 142 100 233 214 260 141 138 210 162 146 199 138 186 79 81 119 187 203 198 241 220 207 239 179 229 242 171 255 109 210 179 225 221 107 116 233 258 244 199 219 196 280 138 188 122 78 140 159 246 172 209 81 193 148 210 58 83 297 172 199 243 124 172 200 240 248 136 159 230 136 253 59 233 263 169 265 114 172 222 148 222 244 262 260 116 167 222 219 180 209 190 180 210 217 270 80 125 185 217 90 208 251 243 187 262 122 96 286 141 198 197 167 200 222 123 228 160 234 241 262 199 166 231 141 189 188 206 202 97 282 192 131 260 148 218 87 271 71 275 136 182 98 248 218 116 125 250 103 146 204 206 140 211 237 145 260 89 208 116 184 150 146 176 169 233 116 244 104 231 83 200 168 278 152 310 198 137 199 296 194 61 235 226 112 172 193 221 171 264 251 287 250 255 126 201 155 191 228 203 256 55 178 241 218 
68 109 123 66 75 153 182 175 177 224 174 170 195 146 253 246 197 121 223 271 259 257 81 154 91 264 258 265 250 254 189 161 145 218 171 193 207 246 188 280 159 129 155 251 215 192 164 299 112 192 142 136 211 200 214 136 140 101 223 232 322 132 188 206 238 177 225 163 276 160 163 157 114 181 162 133 148 183 193 219 255 163 118 239 207 122 225 142 173 208 122 0 274 237 191 166 156 268 142 189 206 174 136 269 223 187 262 240 187 265 132 211 150 186 269 260 243 197 245 217 269 111 186 141 189 262 235 211 243 76 240 191 72 250 220 260 230 204 286 98 202 225 154 146 131 134 81 187 230 181 212 126 222 181 119 279 177 203 92 270 223 291 132 200 120 244 220 120 268 215 83 198 161 146 98 227 248 138 108 295 144 208 130 173 246 249 222 203 137 89 148 219 156 161 158 146 174 168 240 305 156 91 282 252 257 89 240 199 237 223 239 186 228 282 163 176 187 181 136 189 210 110 200 181 265 136 84 226 199 217 116 168 218 241 251 264 141 143 256 239 69 313 237 256 127 195 134 257 99 104 109 268 178 219 175 237 309 268 222 226 104 223 148 265 115 212 146 158 163 153 91 235 256 237 169 107 202 141 233 77 270 205 166 248 219 252 197 178 171 151 185 219 207 189 165 196 152 128 243 224 270 155 148 220 190 156 209 152 200 93 95 133 197 213 212 251 230 217 249 189 239 252 181 265 137 220 189 235 231 135 130 243 268 254 209 229 210 290 148 198 150 92 168 187 256 182 219 95 203 158 220 72 111 307 182 209 253 138 200 210 250 258 164 187 240 164 263 87 243 273 179 275 142 200 232 158 232 254 272 270 126 177 232 229 190 219 200 190 220 227 280 94 153 195 227 104 218 261 253 197 272 150 124 296 155 212 207 177 210 232 137 238 174 244 251 272 209 176 241 155 199 198 216 212 125 292 202 141 270 162 228 115 281 85 285 164 192 112 258 228 130 135 260 131 160 214 216 154 221 247 159 270 117 222 130 194 164 156 186 183 243 130 254 118 241 97 210 178 288 162 320 208 165 209 306 204 71 245 236 140 182 203 231 185 274 261 297 260 265 154 211 183 201 238 213 266 83 188 251 228 
210 251 265 208 217 121 126 141 133 50 142 138 163 288 221 214 165 263 179 215 227 225 223 296 233 90 84 233 76 222 331 303 287 360 313 137 349 214 330 248 127 271 297 77 171 158 306 125 254 160 284 278 179 144 182 278 282 243 191 176 148 274 156 174 206 143 181 305 102 128 305 299 256 323 304 275 290 139 161 187 81 305 260 183 349 264 193 284 315 176 264 274 0 63 147 308 298 234 284 157 174 316 278 95 191 329 88 196 131 209 274 179 292 154 95 228 209 163 213 183 225 253 154 283 157 230 201 179 187 218 66 159 214 218 362 228 198 170 254 240 170 193 296 288 273 276 223 155 198 323 354 268 178 323 261 247 143 345 234 96 191 259 274 166 262 212 188 262 236 183 225 166 303 288 240 195 214 280 250 121 286 176 272 315 190 217 190 171 279 231 290 185 298 303 126 288 316 310 196 131 298 233 250 220 223 231 196 143 193 191 183 154 54 108 305 318 131 323 278 157 176 252 144 147 231 278 226 194 167 359 258 310 162 209 207 232 283 285 82 207 211 139 205 224 269 151 276 201 241 246 251 224 146 185 143 63 135 94 188 192 246 167 290 231 257 178 288 300 131 295 233 203 224 205 311 249 170 283 201 219 238 173 308 214 187 218 165 144 139 293 129 187 175 145 133 152 294 270 211 192 236 297 290 188 332 124 177 294 342 235 237 275 165 157 354 219 56 183 217 133 207 220 137 231 279 188 157 201 199 277 272 187 236 198 177 195 352 258 290 166 292 234 310 329 222 150 163 237 171 126 176 214 253 133 138 165 197 280 342 154 218 224 306 329 196 306 231 229 211 239 145 243 284 342 188 300 176 80 240 226 268 143 200 197 156 187 168 156 176 171 248 236 295 163 195 246 186 229 221 165 98 292 266 122 297 354 175 145 154 200 279 206 316 212 219 238 177 142 197 297 155 166 184 168 267 118 170 283 96 304 196 257 107 227 111 306 160 254 226 184 272 277 226 273 302 182 160 296 187 215 301 214 259 364 272 162 306 124 154 325 211 272 222 260 209 239 178 134 114 130 146 174 307 175 132 172 213 189 192 282 150 159 57 327 240 205 123 204 231 296 179 325 169 204 181 222 225 156 219 196 
173 214 228 171 180 84 89 104 96 13 105 101 126 251 184 177 128 226 142 178 190 188 186 259 196 53 47 196 39 185 294 266 250 323 276 100 312 177 293 211 90 234 260 40 134 121 269 88 217 123 247 241 142 107 145 241 245 206 154 139 111 237 119 137 169 106 144 268 65 91 268 262 219 286 267 238 253 102 124 150 44 268 223 146 312 227 156 247 278 139 227 237 63 0 110 271 261 197 247 120 137 279 241 58 154 292 51 159 94 172 237 142 255 117 58 191 172 126 176 146 188 216 117 246 120 193 164 142 150 181 29 122 177 181 325 191 161 133 217 203 133 156 259 251 236 239 186 118 161 286 317 231 141 286 224 210 106 308 197 59 154 222 237 129 225 175 151 225 199 146 188 129 266 251 203 158 177 243 213 84 249 139 235 278 153 180 153 134 242 194 253 148 261 266 89 251 279 273 159 94 261 196 213 183 186 194 159 106 156 154 146 117 17 71 268 281 94 286 241 120 139 215 107 110 194 241 189 157 130 322 221 273 125 172 170 195 246 248 45 170 174 102 168 187 232 114 239 164 204 209 214 187 109 148 106 26 98 57 151 155 209 130 253 194 220 141 251 263 94 258 196 166 187 168 274 212 133 246 164 182 201 136 271 177 150 181 128 107 102 256 92 150 138 108 96 115 257 233 174 155 199 260 253 151 295 87 140 257 305 198 200 238 128 120 317 182 19 146 180 96 170 183 100 194 242 151 120 164 162 240 235 150 199 161 140 158 315 221 253 129 255 197 273 292 185 113 126 200 134 89 139 177 216 96 101 128 160 243 305 117 181 187 269 292 159 269 194 192 174 202 108 206 247 305 151 263 139 43 203 189 231 106 163 160 119 150 131 119 139 134 211 199 258 126 158 209 149 192 184 128 61 255 229 85 260 317 138 108 117 163 242 169 279 175 182 201 140 105 160 260 118 129 147 131 230 81 133 246 59 267 159 220 70 190 74 269 123 217 189 147 235 240 189 236 265 145 123 259 150 178 264 177 222 327 235 125 269 87 117 288 174 235 185 223 172 202 141 97 77 93 109 137 270 138 95 135 176 152 155 245 113 122 20 290 203 168 86 167 194 259 142 288 132 167 144 185 188 119 182 159 
127 168 182 125 134 38 21 22 14 97 23 33 80 205 102 109 82 180 60 110 122 106 140 213 150 137 131 128 123 103 248 220 204 277 230 32 266 109 247 165 44 188 214 124 52 39 223 172 171 77 201 195 96 39 77 195 199 160 86 71 195 191 73 91 101 24 62 222 149 45 222 216 173 240 221 192 207 20 56 104 128 222 177 78 266 181 74 201 232 93 181 191 147 110 0 225 215 115 201 74 55 233 195 142 86 246 135 77 26 104 191 74 209 35 142 123 90 44 130 64 106 170 71 200 52 147 82 96 82 135 113 76 131 135 279 123 115 51 171 157 51 110 213 205 190 193 140 36 115 240 271 185 59 240 178 164 24 262 151 143 86 176 191 47 179 107 105 179 131 78 142 61 220 205 157 90 95 197 167 168 203 93 189 232 85 134 107 52 196 148 207 66 215 220 43 205 233 227 77 178 215 150 167 101 104 148 77 38 74 108 78 35 101 155 222 235 26 240 195 38 57 169 39 28 112 195 143 111 84 276 175 227 57 126 88 113 200 202 129 102 128 186 100 119 186 32 193 96 158 163 168 105 27 66 24 110 182 141 69 73 163 62 207 112 174 59 205 217 48 212 150 98 141 122 228 166 87 200 118 136 155 90 225 95 104 99 60 25 34 210 24 68 56 26 50 33 211 187 106 87 117 214 207 105 249 41 58 211 259 152 154 192 82 52 271 114 103 64 112 28 124 137 18 112 196 105 52 82 80 194 189 82 117 93 94 76 269 175 207 61 209 151 227 246 103 31 58 154 66 43 57 131 170 180 19 46 92 197 259 49 113 105 223 246 77 223 112 146 128 120 26 160 201 259 69 217 71 127 157 107 185 24 95 78 37 104 85 37 57 66 165 153 212 44 76 163 81 146 138 82 145 209 183 169 214 271 56 26 49 95 196 87 233 129 136 119 94 23 78 214 36 83 101 49 184 165 87 200 143 221 77 174 154 144 158 223 77 171 121 65 189 194 107 190 219 99 55 213 68 110 218 109 176 281 189 57 223 41 35 242 128 189 117 177 104 156 95 15 161 47 193 55 224 56 179 53 130 84 73 199 31 40 104 244 121 100 170 99 112 213 96 242 86 85 98 103 142 73 114 77 
102 91 43 100 105 187 216 209 211 258 208 204 229 180 287 280 231 155 257 305 293 291 115 136 121 298 292 299 284 288 109 195 175 138 153 227 189 280 170 314 193 111 137 285 249 226 198 333 142 226 172 170 245 234 248 166 174 135 257 266 356 166 222 240 272 211 259 197 310 194 197 139 148 163 192 53 178 217 227 253 289 193 152 273 189 104 259 176 93 242 152 166 308 271 225 0 76 302 176 223 240 204 118 303 257 169 296 274 221 299 166 245 184 220 303 294 277 231 279 251 303 93 220 61 223 296 269 245 277 110 274 225 106 284 140 294 264 238 320 128 236 259 184 180 113 168 115 221 264 101 132 108 256 163 149 313 211 185 126 304 257 325 166 234 154 278 254 102 302 249 113 232 195 180 132 261 282 172 138 329 64 242 164 93 280 283 256 237 171 123 68 253 190 81 192 66 94 88 274 339 76 125 316 286 291 123 274 233 271 257 273 220 262 316 193 158 221 163 170 223 244 140 234 215 299 56 114 260 233 137 98 88 252 275 285 298 175 125 290 273 103 347 271 290 157 229 54 291 133 138 139 302 212 253 209 271 343 302 256 260 134 257 182 299 149 246 128 188 197 187 121 269 290 271 89 141 236 175 267 111 304 239 86 282 253 286 231 212 205 133 219 253 241 223 199 230 186 110 277 258 304 189 182 254 172 190 243 72 120 127 129 167 231 247 132 285 264 251 283 223 273 286 215 299 119 254 223 269 265 117 164 277 302 288 243 263 130 324 182 232 132 126 150 169 290 216 253 129 237 192 254 106 93 341 216 243 287 58 182 244 284 292 194 169 274 146 297 117 277 307 213 309 172 182 266 192 266 288 306 304 160 211 266 263 224 253 234 224 254 261 314 128 183 229 261 138 252 295 287 231 306 132 106 330 75 132 241 211 244 266 57 272 94 278 285 306 243 210 275 189 233 232 250 246 107 326 236 175 304 82 262 97 315 119 319 194 226 146 292 262 164 169 294 161 80 248 250 188 255 281 79 304 147 142 50 228 198 190 220 103 277 164 288 152 275 131 244 212 322 196 354 242 195 243 340 238 105 279 270 170 216 237 265 105 308 295 331 294 299 184 245 165 235 272 247 300 113 222 285 262 
92 81 33 90 95 177 206 199 201 248 198 194 219 170 277 270 221 145 247 295 283 281 105 126 111 288 282 289 274 278 99 185 165 128 143 217 179 270 160 304 183 101 127 275 239 216 188 323 132 216 162 160 235 224 238 156 164 125 247 256 346 156 212 230 262 201 249 187 300 184 187 129 138 153 182 43 168 207 217 243 279 183 142 263 179 94 249 166 83 232 142 156 298 261 215 76 0 292 166 213 230 194 108 293 247 159 286 264 211 289 156 235 174 210 293 284 267 221 269 241 293 83 210 51 213 286 259 235 267 100 264 215 96 274 130 284 254 228 310 118 226 249 174 170 103 158 105 211 254 91 122 98 246 153 139 303 201 175 116 294 247 315 156 224 144 268 244 92 292 239 103 222 185 170 122 251 272 162 128 319 54 232 154 83 270 273 246 227 161 113 58 243 180 71 182 56 84 78 264 329 66 115 306 276 281 113 264 223 261 247 263 210 252 306 183 148 211 153 160 213 234 130 224 205 289 46 104 250 223 127 88 78 242 265 275 288 165 115 280 263 93 337 261 280 147 219 44 281 123 128 129 292 202 243 199 261 333 292 246 250 124 247 172 289 139 236 118 178 187 177 111 259 280 261 79 131 226 165 257 101 294 229 76 272 243 276 221 202 195 123 209 243 231 213 189 220 176 100 267 248 294 179 172 244 162 180 233 62 110 117 119 157 221 237 122 275 254 241 273 213 263 276 205 289 109 244 213 259 255 107 154 267 292 278 233 253 120 314 172 222 122 116 140 159 280 206 243 119 227 182 244 96 83 331 206 233 277 48 172 234 274 282 184 159 264 136 287 107 267 297 203 299 162 172 256 182 256 278 296 294 150 201 256 253 214 243 224 214 244 251 304 118 173 219 251 128 242 285 277 221 296 122 96 320 65 122 231 201 234 256 47 262 84 268 275 296 233 200 265 179 223 222 240 236 97 316 226 165 294 72 252 87 305 109 309 184 216 136 282 252 154 159 284 151 70 238 240 178 245 271 69 294 137 132 40 218 188 180 210 93 267 154 278 142 265 121 234 202 312 186 344 232 185 233 330 228 95 269 260 160 206 227 255 95 298 285 321 284 289 174 235 155 225 262 237 290 103 212 275 252 
204 245 259 202 211 115 108 93 101 184 94 120 157 282 173 196 159 257 147 197 209 177 217 290 227 224 218 215 210 174 325 297 281 354 307 119 343 196 324 242 121 265 291 211 139 110 300 259 248 154 278 272 173 126 164 272 276 237 173 158 282 268 150 168 188 95 149 299 236 122 299 293 250 317 298 269 284 107 143 181 215 299 254 165 343 258 145 278 309 170 258 268 234 197 115 302 292 0 278 151 126 310 272 229 173 323 222 164 113 191 268 161 286 106 229 210 161 115 207 135 193 247 148 277 139 224 153 173 169 212 200 153 208 212 356 210 192 122 248 234 122 187 290 282 267 270 217 107 192 317 348 262 146 317 255 241 95 339 228 230 173 253 268 118 256 194 182 256 218 165 219 148 297 282 234 177 166 274 244 255 280 170 266 309 172 211 184 123 273 225 284 137 292 297 120 282 310 304 164 265 292 227 244 172 175 225 164 125 161 185 165 106 188 242 299 312 113 317 272 109 128 246 126 99 183 272 220 188 161 353 252 304 144 203 175 184 277 279 216 189 205 273 187 206 263 119 270 183 235 240 245 192 98 137 95 197 269 228 140 144 240 149 284 183 251 130 282 294 125 289 227 185 218 199 305 243 164 277 195 213 232 167 302 166 181 170 147 96 121 287 111 139 127 113 127 120 288 264 193 174 188 291 284 182 326 118 129 288 336 229 231 269 159 139 348 201 190 135 199 115 201 214 105 183 273 182 139 153 151 271 266 169 188 180 171 147 346 252 284 148 286 228 304 323 174 102 145 231 153 120 144 208 247 267 106 133 179 274 336 136 200 176 300 323 164 300 183 223 205 191 97 237 278 336 156 294 158 214 234 194 262 95 182 149 108 181 162 108 144 153 242 230 289 115 147 240 168 223 215 159 232 286 260 256 291 348 127 97 136 182 273 158 310 206 213 190 171 94 165 291 123 160 178 136 261 252 164 277 230 298 148 251 241 221 245 300 154 248 208 152 266 271 178 267 296 176 142 290 139 197 295 196 253 358 266 144 300 118 106 319 205 266 204 254 191 233 172 102 248 124 280 126 301 127 266 124 207 171 160 276 102 127 191 321 192 187 257 186 183 290 173 319 163 156 175 190 219 150 201 148 
74 115 133 76 81 163 192 185 187 234 184 180 205 152 263 256 207 131 233 281 269 267 87 160 97 274 268 275 260 264 199 167 151 228 177 203 213 256 194 290 169 135 161 261 225 202 174 309 118 202 148 142 221 210 224 142 150 107 233 242 332 138 198 216 248 187 235 169 286 170 173 163 120 187 168 143 154 193 203 229 265 169 124 249 213 128 235 152 183 218 128 142 284 247 201 176 166 278 0 199 216 180 142 279 233 193 272 250 197 275 142 221 156 196 279 270 253 207 255 227 279 117 196 151 199 272 245 221 253 86 250 201 82 260 230 270 240 214 296 104 212 235 160 156 137 144 91 197 240 191 222 132 232 187 125 289 187 209 98 280 233 301 142 210 130 254 230 126 278 225 89 208 171 156 104 237 258 148 114 305 154 218 140 183 256 259 232 213 143 99 158 229 166 171 168 156 184 178 250 315 166 97 292 262 267 99 250 209 247 233 249 196 238 292 169 182 197 187 146 199 220 116 210 191 275 146 90 236 209 227 122 178 228 251 261 274 147 149 266 249 75 323 247 266 133 205 144 267 109 114 115 278 188 229 185 247 319 278 232 236 110 233 158 275 121 222 152 164 173 159 97 245 266 247 179 113 212 147 243 83 280 215 176 258 229 262 207 188 181 157 195 229 217 199 175 206 162 134 253 234 280 161 158 230 196 166 219 162 210 99 101 139 207 223 222 261 240 227 259 199 249 262 191 275 143 230 199 245 241 141 136 253 278 264 219 239 220 300 158 208 156 98 174 193 266 192 229 101 213 168 230 78 117 317 192 219 263 148 206 220 260 268 170 193 250 170 273 93 253 283 189 285 148 206 242 168 242 264 282 280 136 187 242 239 200 229 210 200 230 237 290 100 159 205 237 110 228 271 263 207 282 156 130 306 165 222 217 187 220 242 147 248 184 254 261 282 219 186 251 161 209 208 226 222 131 302 212 151 280 172 238 121 291 91 295 170 202 118 268 238 136 145 270 137 170 224 226 160 231 257 169 280 123 232 140 204 170 166 196 193 253 136 264 124 251 103 220 188 298 172 330 218 171 219 316 214 81 255 246 146 192 213 241 195 284 271 307 270 275 160 221 189 211 248 223 276 89 198 261 238 
125 166 180 123 132 36 65 58 60 107 57 53 78 203 136 129 80 178 106 154 142 140 138 211 148 147 141 148 133 137 246 218 202 275 228 76 264 129 245 163 42 186 212 134 98 75 221 182 169 75 199 193 94 83 97 193 197 158 106 115 205 189 71 89 121 60 108 220 159 43 220 214 171 238 219 190 205 66 76 102 138 220 175 122 264 179 108 199 230 91 179 189 157 120 74 223 213 151 199 0 89 231 193 152 106 244 145 123 70 148 189 94 207 69 152 143 126 80 128 100 152 168 69 198 72 145 118 94 126 133 123 74 129 133 277 143 113 87 169 155 85 108 211 203 188 191 138 70 113 238 269 183 105 238 176 162 60 260 149 153 106 174 189 83 177 127 103 177 151 98 140 81 218 203 155 110 131 195 165 178 201 91 187 230 129 132 105 86 194 146 205 102 213 218 41 203 231 225 123 188 213 148 165 135 140 146 123 82 120 106 122 69 111 165 220 233 70 238 193 72 93 167 83 64 148 193 141 109 82 274 173 225 101 124 134 147 198 200 139 122 126 196 120 139 184 78 191 140 156 161 166 151 61 102 58 120 192 151 105 109 161 106 205 148 172 95 203 215 46 210 148 118 139 120 226 164 85 198 116 134 153 88 223 131 102 135 80 61 54 208 68 102 90 72 48 79 209 185 126 107 153 212 205 103 247 39 92 209 257 150 152 190 80 96 269 134 113 100 132 72 122 135 64 148 194 103 72 118 114 192 187 126 151 137 92 112 267 173 205 81 207 149 225 244 139 65 102 152 86 41 103 129 168 190 65 92 136 195 257 93 133 141 221 244 123 221 146 144 126 156 62 158 199 257 115 215 115 137 155 153 183 60 115 112 73 102 83 73 103 110 163 151 210 78 110 161 101 144 136 80 155 207 181 179 212 269 90 60 93 115 194 121 231 127 134 155 92 59 124 212 82 81 99 95 182 175 85 198 153 219 111 172 164 142 168 221 75 169 141 111 187 192 143 188 217 97 99 211 104 130 216 153 174 279 187 77 221 39 69 240 126 187 137 175 124 154 93 61 171 45 203 91 222 92 189 87 128 128 119 197 65 86 114 242 157 144 180 143 148 211 94 240 84 121 96 149 140 71 134 111 
142 183 197 140 149 53 48 33 41 124 32 60 95 220 111 136 97 195 87 137 149 115 155 228 165 164 158 155 150 112 263 235 219 292 245 59 281 136 262 180 59 203 229 151 79 50 238 199 186 92 216 210 111 66 104 210 214 175 113 98 222 206 88 106 128 35 89 237 176 60 237 231 188 255 236 207 222 47 83 119 155 237 192 105 281 196 83 216 247 108 196 206 174 137 55 240 230 126 216 89 0 248 210 169 113 261 162 104 53 131 206 101 224 44 169 150 101 55 145 75 133 185 86 215 79 162 93 111 109 150 140 91 146 150 294 150 130 62 186 172 60 125 228 220 205 208 155 45 130 255 286 200 86 255 193 179 35 277 166 170 113 191 206 58 194 134 120 194 158 105 157 88 235 220 172 117 106 212 182 195 218 108 204 247 112 149 122 61 211 163 222 77 230 235 58 220 248 242 104 205 230 165 182 110 115 163 104 65 101 123 105 44 128 182 237 250 53 255 210 47 68 184 66 39 123 210 158 126 99 291 190 242 84 141 115 122 215 217 156 129 143 213 127 146 201 59 208 123 173 178 183 132 36 77 33 137 209 168 80 84 178 89 222 123 189 70 220 232 63 227 165 125 156 137 243 181 102 215 133 151 170 105 240 106 119 110 87 36 61 225 51 77 65 53 65 60 226 202 133 114 128 229 222 120 264 56 67 226 274 167 169 207 97 79 286 141 130 75 139 55 139 152 45 123 211 120 79 93 89 209 204 109 126 120 109 87 284 190 222 88 224 166 242 261 114 40 85 169 93 58 84 146 185 207 46 73 119 212 274 76 140 116 238 261 104 238 121 161 143 131 37 175 216 274 96 232 98 154 172 134 200 35 122 87 48 119 100 48 84 93 180 168 227 53 85 178 108 161 153 97 172 224 198 196 229 286 65 35 76 122 211 96 248 144 151 130 109 34 105 229 63 98 116 76 199 192 102 215 170 236 86 189 181 159 185 238 92 186 148 92 204 209 118 205 234 114 82 228 79 137 233 136 191 296 204 84 238 56 44 257 143 204 144 192 131 171 110 42 188 62 220 66 239 67 206 62 145 111 100 214 40 67 131 259 132 127 197 126 123 228 111 257 101 96 113 130 157 88 141 86 
106 133 161 108 99 195 224 217 219 266 216 212 237 184 295 288 239 163 265 313 301 299 119 178 115 306 300 307 292 296 227 199 169 256 195 235 231 288 212 322 201 153 179 293 257 234 206 341 136 234 166 174 253 242 256 160 182 139 265 274 364 170 230 248 280 219 267 201 318 202 205 181 152 205 186 171 172 225 235 261 297 187 156 281 231 146 267 184 211 250 146 174 316 279 233 204 194 310 180 231 248 0 160 311 265 211 304 282 229 307 174 253 188 228 311 302 285 239 287 259 311 135 228 179 231 304 277 253 285 118 282 233 114 292 258 302 272 246 328 122 244 267 178 188 155 176 123 229 272 219 250 150 264 205 143 321 219 227 130 312 265 333 174 242 162 286 262 144 310 257 107 240 203 188 136 269 290 180 132 337 182 250 172 211 288 291 264 245 175 131 186 261 198 199 200 184 212 206 282 347 194 129 324 294 299 131 282 241 279 265 281 228 270 324 187 200 229 205 178 231 252 134 242 223 307 174 108 268 241 255 140 206 260 283 293 306 179 167 298 281 107 355 279 298 151 237 172 299 141 146 133 310 220 261 217 279 351 310 264 268 128 265 190 307 153 254 170 182 205 191 115 277 298 279 207 145 244 179 275 115 312 247 204 290 261 294 239 220 213 175 227 261 249 231 207 238 194 152 285 266 312 193 190 262 214 198 251 190 238 131 133 171 239 255 250 293 272 259 291 231 281 294 223 307 161 262 231 277 273 159 168 285 310 296 251 271 248 332 190 240 174 130 192 211 298 224 261 133 245 200 262 110 135 349 224 251 295 176 224 252 292 300 188 211 282 188 305 111 285 315 221 317 166 224 274 200 274 296 314 312 168 219 274 271 232 261 242 232 262 269 322 132 177 237 269 142 260 303 295 239 314 174 148 338 193 250 249 219 252 274 175 280 212 286 293 314 251 218 283 193 241 240 258 254 149 334 244 183 312 200 270 139 323 123 327 188 234 150 300 270 168 177 302 155 198 256 258 192 263 289 197 312 141 260 168 236 202 198 228 221 285 168 296 156 283 135 252 220 330 204 362 250 189 251 348 246 113 287 278 164 224 245 273 223 316 303 339 302 307 178 253 207 243 280 255 308 107 230 293 270 
68 27 75 70 61 157 186 179 181 228 178 174 199 146 257 250 201 125 227 275 263 261 81 72 77 268 262 269 254 258 141 161 131 170 89 197 125 250 106 284 163 47 73 255 219 196 168 303 98 196 128 136 215 204 218 122 144 101 227 236 326 132 192 210 242 181 229 163 280 164 167 75 114 99 148 85 134 187 197 223 259 149 118 243 125 40 229 146 125 212 108 136 278 241 195 118 108 272 142 193 210 160 0 273 227 105 266 244 191 269 136 215 150 190 273 264 247 201 249 221 273 29 190 93 193 266 239 215 247 80 244 195 76 254 172 264 234 208 290 84 206 229 140 150 49 138 85 191 234 133 164 44 226 99 105 283 181 121 92 274 227 295 136 204 124 248 224 38 272 219 69 202 165 150 98 231 252 142 94 299 96 212 134 125 250 253 226 207 137 93 100 223 160 113 162 98 126 120 244 309 108 91 286 256 261 93 244 203 241 227 243 190 232 286 149 94 191 99 140 193 214 96 204 185 269 88 70 230 203 169 34 120 222 245 255 268 141 61 260 243 69 317 241 260 113 199 86 261 103 108 95 272 182 223 179 241 313 272 226 230 90 227 152 269 115 216 64 144 167 153 77 239 260 241 121 107 206 141 237 77 274 209 118 252 223 256 201 182 175 69 189 223 211 193 169 200 156 46 247 228 274 155 152 224 108 160 213 104 152 93 95 133 201 217 164 255 234 221 253 193 243 256 185 269 55 224 193 239 235 53 130 247 272 258 213 233 162 294 152 202 68 92 86 105 260 186 223 95 207 162 224 72 29 311 186 213 257 90 118 214 254 262 150 105 244 82 267 73 247 277 183 279 128 118 236 162 236 258 276 274 130 181 236 233 194 223 204 194 224 231 284 94 139 199 231 104 222 265 257 201 276 68 42 300 107 164 211 181 214 236 89 242 126 248 255 276 213 180 245 155 203 202 220 216 43 296 206 145 274 114 232 33 285 85 289 150 196 112 262 232 130 139 264 117 112 218 220 154 225 251 111 274 103 174 82 198 164 160 190 135 247 130 258 118 245 97 214 182 292 166 324 212 151 213 310 208 75 249 240 126 186 207 235 137 278 265 301 264 269 140 215 101 205 242 217 270 69 192 255 232 
205 246 260 203 212 116 121 136 128 45 137 133 158 283 216 209 160 258 174 210 222 220 218 291 228 85 79 228 71 217 326 298 282 355 308 132 344 209 325 243 122 266 292 72 166 153 301 120 249 155 279 273 174 139 177 273 277 238 186 171 143 269 151 169 201 138 176 300 97 123 300 294 251 318 299 270 285 134 156 182 76 300 255 178 344 259 188 279 310 171 259 269 95 58 142 303 293 229 279 152 169 311 273 0 186 324 83 191 126 204 269 174 287 149 90 223 204 158 208 178 220 248 149 278 152 225 196 174 182 213 61 154 209 213 357 223 193 165 249 235 165 188 291 283 268 271 218 150 193 318 349 263 173 318 256 242 138 340 229 91 186 254 269 161 257 207 183 257 231 178 220 161 298 283 235 190 209 275 245 116 281 171 267 310 185 212 185 166 274 226 285 180 293 298 121 283 311 305 191 126 293 228 245 215 218 226 191 138 188 186 178 149 49 103 300 313 126 318 273 152 171 247 139 142 226 273 221 189 162 354 253 305 157 204 202 227 278 280 77 202 206 134 200 219 264 146 271 196 236 241 246 219 141 180 138 58 130 89 183 187 241 162 285 226 252 173 283 295 126 290 228 198 219 200 306 244 165 278 196 214 233 168 303 209 182 213 160 139 134 288 124 182 170 140 128 147 289 265 206 187 231 292 285 183 327 119 172 289 337 230 232 270 160 152 349 214 51 178 212 128 202 215 132 226 274 183 152 196 194 272 267 182 231 193 172 190 347 253 285 161 287 229 305 324 217 145 158 232 166 121 171 209 248 128 133 160 192 275 337 149 213 219 301 324 191 301 226 224 206 234 140 238 279 337 183 295 171 75 235 221 263 138 195 192 151 182 163 151 171 166 243 231 290 158 190 241 181 224 216 160 93 287 261 117 292 349 170 140 149 195 274 201 311 207 214 233 172 137 192 292 150 161 179 163 262 113 165 278 91 299 191 252 102 222 106 301 155 249 221 179 267 272 221 268 297 177 155 291 182 210 296 209 254 359 267 157 301 119 149 320 206 267 217 255 204 234 173 129 109 125 141 169 302 170 127 167 208 184 187 277 145 154 52 322 235 200 118 199 226 291 174 320 164 199 176 217 220 151 214 191 
159 200 214 157 166 70 65 80 72 141 81 53 112 237 160 129 114 212 118 154 142 164 172 245 182 181 175 148 167 161 280 252 236 309 262 76 298 129 279 197 76 220 246 168 110 97 255 216 203 109 233 227 128 83 97 227 231 192 106 115 239 223 105 123 121 82 120 254 193 77 254 248 205 272 253 224 239 78 76 136 172 254 209 122 298 213 132 233 264 125 213 223 191 154 86 257 247 173 233 106 113 265 227 186 0 278 179 135 70 148 223 94 241 93 186 143 148 102 162 122 164 202 103 232 72 179 140 128 126 167 157 108 163 167 311 143 147 109 203 189 109 142 245 237 222 225 172 94 147 272 303 217 117 272 210 196 82 294 183 187 106 208 223 105 211 127 137 211 151 98 174 81 252 237 189 110 153 229 199 212 235 125 221 264 129 166 139 110 228 180 239 124 247 252 75 237 265 259 135 222 247 182 199 159 162 180 135 82 132 140 122 93 145 199 254 267 70 272 227 96 115 201 83 86 170 227 175 143 116 308 207 259 101 158 146 171 232 234 173 122 160 230 120 139 218 90 225 140 190 195 200 163 85 124 82 154 226 185 127 131 195 106 239 170 206 117 237 249 80 244 182 118 173 154 260 198 119 232 150 168 187 122 257 153 136 157 80 83 54 242 68 126 114 84 82 91 243 219 126 107 175 246 239 137 281 73 116 243 291 184 186 224 114 96 303 134 147 122 132 72 156 169 76 170 228 137 72 140 138 226 221 126 175 137 126 134 301 207 239 81 241 183 259 278 161 89 102 186 86 75 115 163 202 224 77 104 136 229 291 93 133 163 255 278 135 255 170 178 160 178 84 192 233 291 127 249 115 171 189 165 217 82 115 136 95 136 117 95 115 110 197 185 244 102 134 195 101 178 170 114 189 241 215 213 246 303 114 84 93 115 228 145 265 161 168 177 126 81 136 246 94 115 133 107 216 209 119 232 187 253 135 206 198 176 202 255 109 203 141 123 221 226 165 222 251 131 99 245 126 130 250 153 208 313 221 77 255 73 93 274 160 221 137 209 124 188 127 73 205 79 237 113 256 114 223 111 162 128 131 231 89 98 148 276 179 144 214 143 170 245 128 274 118 143 130 161 174 105 134 135 
119 78 126 121 112 208 237 230 232 279 229 225 250 197 308 301 252 176 278 326 314 312 132 123 128 319 313 320 305 309 192 212 182 221 140 248 176 301 157 335 214 98 124 306 270 247 219 354 149 247 179 187 266 255 269 173 195 152 278 287 377 183 243 261 293 232 280 214 331 215 218 126 165 150 199 136 185 238 248 274 310 200 169 294 176 91 280 197 176 263 159 187 329 292 246 169 159 323 193 244 261 211 105 324 278 0 317 295 242 320 187 266 201 241 324 315 298 252 300 272 324 80 241 144 244 317 290 266 298 131 295 246 127 305 223 315 285 259 341 135 257 280 191 201 100 189 136 242 285 184 215 95 277 150 156 334 232 172 143 325 278 346 187 255 175 299 275 89 323 270 120 253 216 201 149 282 303 193 145 350 147 263 185 176 301 304 277 258 188 144 151 274 211 164 213 149 177 171 295 360 159 142 337 307 312 144 295 254 292 278 294 241 283 337 200 145 242 150 191 244 265 147 255 236 320 139 121 281 254 220 85 171 273 296 306 319 192 112 311 294 120 368 292 311 164 250 137 312 154 159 146 323 233 274 230 292 364 323 277 281 141 278 203 320 166 267 115 195 218 204 128 290 311 292 172 158 257 192 288 128 325 260 169 303 274 307 252 233 226 120 240 274 262 244 220 251 207 97 298 279 325 206 203 275 159 211 264 155 203 144 146 184 252 268 215 306 285 272 304 244 294 307 236 320 106 275 244 290 286 104 181 298 323 309 264 284 213 345 203 253 119 143 137 156 311 237 274 146 258 213 275 123 80 362 237 264 308 141 169 265 305 313 201 156 295 133 318 124 298 328 234 330 179 169 287 213 287 309 327 325 181 232 287 284 245 274 255 245 275 282 335 145 190 250 282 155 273 316 308 252 327 119 93 351 158 215 262 232 265 287 140 293 177 299 306 327 264 231 296 206 254 253 271 267 94 347 257 196 325 165 283 84 336 136 340 201 247 163 313 283 181 190 315 168 163 269 271 205 276 302 162 325 154 225 133 249 215 211 241 186 298 181 309 169 296 148 265 233 343 217 375 263 202 264 361 259 126 300 291 177 237 258 286 188 329 316 352 315 320 191 266 152 256 293 268 321 120 243 306 283 
198 239 253 196 205 109 114 129 121 38 130 126 151 276 209 202 153 251 167 203 215 213 211 284 221 78 72 221 64 210 319 291 275 348 301 125 337 202 318 236 115 259 285 65 159 146 294 113 242 148 272 266 167 132 170 266 270 231 179 164 136 262 144 162 194 131 169 293 90 116 293 287 244 311 292 263 278 127 149 175 69 293 248 171 337 252 181 272 303 164 252 262 88 51 135 296 286 222 272 145 162 304 266 83 179 317 0 184 119 197 262 167 280 142 83 216 197 151 201 171 213 241 142 271 145 218 189 167 175 206 54 147 202 206 350 216 186 158 242 228 158 181 284 276 261 264 211 143 186 311 342 256 166 311 249 235 131 333 222 84 179 247 262 154 250 200 176 250 224 171 213 154 291 276 228 183 202 268 238 109 274 164 260 303 178 205 178 159 267 219 278 173 286 291 114 276 304 298 184 119 286 221 238 208 211 219 184 131 181 179 171 142 42 96 293 306 119 311 266 145 164 240 132 135 219 266 214 182 155 347 246 298 150 197 195 220 271 273 70 195 199 127 193 212 257 139 264 189 229 234 239 212 134 173 131 51 123 82 176 180 234 155 278 219 245 166 276 288 119 283 221 191 212 193 299 237 158 271 189 207 226 161 296 202 175 206 153 132 127 281 117 175 163 133 121 140 282 258 199 180 224 285 278 176 320 112 165 282 330 223 225 263 153 145 342 207 44 171 205 121 195 208 125 219 267 176 145 189 187 265 260 175 224 186 165 183 340 246 278 154 280 222 298 317 210 138 151 225 159 114 164 202 241 121 126 153 185 268 330 142 206 212 294 317 184 294 219 217 199 227 133 231 272 330 176 288 164 68 228 214 256 131 188 185 144 175 156 144 164 159 236 224 283 151 183 234 174 217 209 153 86 280 254 110 285 342 163 133 142 188 267 194 304 200 207 226 165 130 185 285 143 154 172 156 255 106 158 271 84 292 184 245 95 215 99 294 148 242 214 172 260 265 214 261 290 170 148 284 175 203 289 202 247 352 260 150 294 112 142 313 199 260 210 248 197 227 166 122 102 118 134 162 295 163 120 160 201 177 180 270 138 147 45 315 228 193 111 192 219 284 167 313 157 192 169 210 213 144 207 184 
176 217 231 174 183 87 70 71 63 146 72 82 129 254 151 158 131 229 109 159 171 155 189 262 199 186 180 177 172 152 297 269 253 326 279 81 315 158 296 214 93 237 263 173 101 88 272 221 220 126 250 244 145 88 126 244 248 209 135 120 244 240 122 140 150 73 111 271 198 94 271 265 222 289 270 241 256 69 105 153 177 271 226 127 315 230 123 250 281 142 230 240 196 159 77 274 264 164 250 123 104 282 244 191 135 295 184 0 75 153 240 123 258 84 191 172 139 93 179 113 155 219 120 249 101 196 131 145 131 184 162 125 180 184 328 172 164 100 220 206 100 159 262 254 239 242 189 85 164 289 320 234 108 289 227 213 73 311 200 192 135 225 240 96 228 156 154 228 180 127 191 110 269 254 206 139 144 246 216 217 252 142 238 281 134 183 156 101 245 197 256 115 264 269 92 254 282 276 126 227 264 199 216 150 153 197 126 87 123 157 127 84 150 204 271 284 75 289 244 87 106 218 88 77 161 244 192 160 133 325 224 276 106 175 137 162 249 251 178 151 177 235 149 168 235 81 242 145 207 212 217 154 76 115 73 159 231 190 118 122 212 111 256 161 223 108 254 266 97 261 199 147 190 171 277 215 136 249 167 185 204 139 274 144 153 148 109 74 83 259 73 117 105 75 99 82 260 236 155 136 166 263 256 154 298 90 107 260 308 201 203 241 131 101 320 163 152 113 161 77 173 186 67 161 245 154 101 131 129 243 238 131 166 142 143 125 318 224 256 110 258 200 276 295 152 80 107 203 115 92 106 180 219 229 68 95 141 246 308 98 162 154 272 295 126 272 161 195 177 169 75 209 250 308 118 266 120 176 206 156 234 73 144 127 86 153 134 86 106 115 214 202 261 93 125 212 130 195 187 131 194 258 232 218 263 320 105 75 98 144 245 136 282 178 185 168 143 72 127 263 85 132 150 98 233 214 136 249 192 270 126 223 203 193 207 272 126 220 170 114 238 243 156 239 268 148 104 262 117 159 267 158 225 330 238 106 272 90 84 291 177 238 166 226 153 205 144 64 210 96 242 104 273 105 228 102 179 133 122 248 80 89 153 293 170 149 219 148 161 262 145 291 135 134 147 152 191 122 163 126 
123 164 178 121 130 34 5 20 12 81 21 17 73 201 100 93 78 176 58 94 106 104 136 209 146 121 115 112 107 101 244 216 200 273 226 16 262 93 243 158 40 184 210 108 50 37 219 156 167 73 197 191 89 23 61 191 195 156 70 55 179 187 69 87 85 22 60 218 133 41 218 212 169 236 217 188 203 18 40 100 112 218 173 62 262 177 72 197 228 86 177 187 131 94 26 221 211 113 197 70 53 229 191 126 70 242 119 75 0 88 187 58 205 33 126 107 88 42 126 62 104 166 67 196 36 140 80 92 66 131 97 72 127 128 275 107 111 49 164 153 49 106 209 201 186 189 136 34 111 236 267 181 57 236 174 157 22 258 147 127 70 169 187 45 175 91 98 175 115 62 138 45 216 201 153 74 93 193 163 152 199 89 185 228 69 127 103 50 192 144 203 64 211 216 39 201 229 223 75 162 211 146 160 99 102 144 75 22 72 104 62 33 85 139 218 231 10 236 191 36 55 165 23 26 110 191 139 104 80 272 171 223 41 119 86 111 196 198 113 86 124 170 84 103 182 30 189 80 154 159 164 103 25 64 22 94 166 125 67 71 159 46 203 110 170 57 201 213 44 208 146 82 134 118 224 162 83 196 111 132 148 83 221 93 97 97 44 23 18 206 8 66 54 24 46 31 207 183 90 71 115 210 203 101 245 37 56 207 255 148 150 188 78 36 267 98 87 62 96 12 120 130 16 110 192 98 36 80 78 190 185 66 115 77 90 74 265 168 203 45 205 147 223 242 101 29 42 150 50 39 55 127 166 164 17 44 76 193 255 33 97 103 219 242 75 219 110 142 121 118 24 153 197 255 67 213 55 111 150 105 181 22 79 76 35 100 78 35 55 50 158 149 208 42 74 159 65 139 131 75 129 205 179 153 210 267 54 24 33 79 192 85 229 125 129 117 87 21 76 210 34 79 97 47 180 149 83 196 127 217 75 170 138 140 142 219 73 167 105 63 185 190 105 186 215 92 39 209 66 94 214 93 172 277 185 41 219 37 33 238 121 185 101 173 88 152 91 13 145 43 177 53 220 54 163 51 126 68 71 195 29 38 88 240 119 84 154 83 110 209 92 238 82 83 91 101 138 69 98 75 
201 242 256 199 208 112 83 98 90 159 99 95 151 279 178 171 156 254 136 172 184 182 214 287 224 199 193 190 185 179 322 294 278 351 304 94 340 171 321 236 118 262 288 186 128 115 297 234 245 151 275 269 167 101 139 269 273 234 148 133 257 265 147 165 163 100 138 296 211 119 296 290 247 314 295 266 281 96 118 178 190 296 251 140 340 255 150 275 306 164 255 265 209 172 104 299 289 191 275 148 131 307 269 204 148 320 197 153 88 0 265 136 283 111 204 185 166 120 204 140 182 244 145 274 114 218 158 170 144 209 175 150 205 206 353 185 189 127 242 231 127 184 287 279 264 267 214 112 189 314 345 259 135 314 252 235 100 336 225 205 148 247 265 123 253 169 176 253 193 140 216 123 294 279 231 152 171 271 241 230 277 167 263 306 147 205 181 128 270 222 281 142 289 294 117 279 307 301 153 240 289 224 238 177 180 222 153 100 150 182 140 111 163 217 296 309 88 314 269 114 133 243 101 104 188 269 217 182 158 350 249 301 119 197 164 189 274 276 191 164 202 248 162 181 260 108 267 158 232 237 242 181 103 142 100 172 244 203 145 149 237 124 281 188 248 135 279 291 122 286 224 160 212 196 302 240 161 274 189 210 226 161 299 171 175 175 122 101 96 284 86 144 132 102 124 109 285 261 168 149 193 288 281 179 323 115 134 285 333 226 228 266 156 114 345 176 165 140 174 90 198 208 94 188 270 176 114 158 156 268 263 144 193 155 168 152 343 246 281 123 283 225 301 320 179 107 120 228 128 117 133 205 244 242 95 122 154 271 333 111 175 181 297 320 153 297 188 220 199 196 102 231 275 333 145 291 133 189 228 183 259 100 157 154 113 178 156 113 133 128 236 227 286 120 152 237 143 217 209 153 207 283 257 231 288 345 132 102 111 157 270 163 307 203 207 195 165 99 154 288 112 157 175 125 258 227 161 274 205 295 153 248 216 218 220 297 151 245 183 141 263 268 183 264 293 170 117 287 144 172 292 171 250 355 263 119 297 115 111 316 199 263 179 251 166 230 169 91 223 121 255 131 298 132 241 129 204 146 149 273 107 116 166 318 197 162 232 161 188 287 170 316 160 161 169 179 216 147 176 153 
68 109 123 66 75 153 182 175 177 224 174 170 195 146 253 246 197 121 223 271 259 257 81 154 91 264 258 265 250 254 189 161 145 218 171 193 207 246 188 280 159 129 155 251 215 192 164 299 112 192 142 136 211 200 214 136 140 101 223 232 322 132 188 206 238 177 225 163 276 160 163 157 114 181 162 133 148 183 193 219 255 163 118 239 207 122 225 142 173 208 122 132 274 237 191 166 156 268 142 189 206 174 136 269 223 187 262 240 187 265 0 211 150 186 269 260 243 197 245 217 269 111 186 141 189 262 235 211 243 76 240 191 72 250 220 260 230 204 286 98 202 225 154 146 131 134 81 187 230 181 212 126 222 181 119 279 177 203 92 270 223 291 132 200 120 244 220 120 268 215 83 198 161 146 98 227 248 138 108 295 144 208 130 173 246 249 222 203 137 89 148 219 156 161 158 146 174 168 240 305 156 91 282 252 257 89 240 199 237 223 239 186 228 282 163 176 187 181 136 189 210 110 200 181 265 136 84 226 199 217 116 168 218 241 251 264 141 143 256 239 69 313 237 256 127 195 134 257 99 104 109 268 178 219 175 237 309 268 222 226 104 223 148 265 115 212 146 158 163 153 91 235 256 237 169 107 202 141 233 77 270 205 166 248 219 252 197 178 171 151 185 219 207 189 165 196 152 128 243 224 270 155 148 220 190 156 209 152 200 93 95 133 197 213 212 251 230 217 249 189 239 252 181 265 137 220 189 235 231 135 130 243 268 254 209 229 210 290 148 198 150 92 168 187 256 182 219 95 203 158 220 72 111 307 182 209 253 138 200 210 250 258 164 187 240 164 263 87 243 273 179 275 142 200 232 158 232 254 272 270 126 177 232 229 190 219 200 190 220 227 280 94 153 195 227 104 218 261 253 197 272 150 124 296 155 212 207 177 210 232 137 238 174 244 251 272 209 176 241 155 199 198 216 212 125 292 202 141 270 162 228 115 281 85 285 164 192 112 258 228 130 135 260 131 160 214 216 154 221 247 159 270 117 222 130 194 164 156 186 183 243 130 254 118 241 97 210 178 288 162 320 208 165 209 306 204 71 245 236 140 182 203 231 185 274 261 297 260 265 154 211 183 201 238 213 266 83 188 251 228 
147 188 202 145 154 58 53 68 60 129 69 41 100 225 148 117 102 200 106 142 130 152 160 233 170 169 163 136 155 149 268 240 224 297 250 64 286 117 267 185 64 208 234 156 98 85 243 204 191 97 221 215 116 71 85 215 219 180 94 103 227 211 93 111 109 70 108 242 181 65 242 236 193 260 241 212 227 66 64 124 160 242 197 110 286 201 120 221 252 113 201 211 179 142 74 245 235 161 221 94 101 253 215 174 94 266 167 123 58 136 211 0 229 81 174 131 136 90 150 110 152 190 91 220 60 167 128 116 114 155 145 96 151 155 299 131 135 97 191 177 97 130 233 225 210 213 160 82 135 260 291 205 105 260 198 184 70 282 171 175 94 196 211 93 199 115 125 199 139 86 162 69 240 225 177 98 141 217 187 200 223 113 209 252 117 154 127 98 216 168 227 112 235 240 63 225 253 247 123 210 235 170 187 147 150 168 123 70 120 128 110 81 133 187 242 255 58 260 215 84 103 189 71 74 158 215 163 131 104 296 195 247 89 146 134 159 220 222 161 110 148 218 108 127 206 78 213 128 178 183 188 151 73 112 70 142 214 173 115 119 183 94 227 158 194 105 225 237 68 232 170 106 161 142 248 186 107 220 138 156 175 110 245 141 124 145 68 71 42 230 56 114 102 72 70 79 231 207 114 95 163 234 227 125 269 61 104 231 279 172 174 212 102 84 291 122 135 110 120 60 144 157 64 158 216 125 60 128 126 214 209 114 163 125 114 122 289 195 227 69 229 171 247 266 149 77 90 174 74 63 103 151 190 212 65 92 124 217 279 81 121 151 243 266 123 243 158 166 148 166 72 180 221 279 115 237 103 159 177 153 205 70 103 124 83 124 105 83 103 98 185 173 232 90 122 183 89 166 158 102 177 229 203 201 234 291 102 72 81 103 216 133 253 149 156 165 114 69 124 234 82 103 121 95 204 197 107 220 175 241 123 194 186 164 190 243 97 191 129 111 209 214 153 210 239 119 87 233 114 118 238 141 196 301 209 65 243 61 81 262 148 209 125 197 112 176 115 61 193 67 225 101 244 102 211 99 150 116 119 219 77 86 136 264 167 132 202 131 158 233 116 262 106 131 118 149 162 93 122 123 
82 123 141 84 89 171 200 193 195 242 192 188 213 160 271 264 215 139 241 289 277 275 95 168 105 282 276 283 268 272 207 175 159 236 185 211 221 264 202 298 177 143 169 269 233 210 182 317 126 210 156 150 229 218 232 150 158 115 241 250 340 146 206 224 256 195 243 177 294 178 181 171 128 195 176 151 162 201 211 237 273 177 132 257 221 136 243 160 191 226 136 150 292 255 209 184 174 286 156 207 224 188 150 287 241 201 280 258 205 283 150 229 0 204 287 278 261 215 263 235 287 125 204 159 207 280 253 229 261 94 258 209 90 268 238 278 248 222 304 112 220 243 168 164 145 152 99 205 248 199 230 140 240 195 133 297 195 217 106 288 241 309 150 218 138 262 238 134 286 233 97 216 179 164 112 245 266 156 122 313 162 226 148 191 264 267 240 221 151 107 166 237 174 179 176 164 192 186 258 323 174 105 300 270 275 107 258 217 255 241 257 204 246 300 177 190 205 195 154 207 228 124 218 199 283 154 98 244 217 235 130 186 236 259 269 282 155 157 274 257 83 331 255 274 141 213 152 275 117 122 123 286 196 237 193 255 327 286 240 244 118 241 166 283 129 230 160 172 181 167 105 253 274 255 187 121 220 155 251 91 288 223 184 266 237 270 215 196 189 165 203 237 225 207 183 214 170 142 261 242 288 169 166 238 204 174 227 170 218 107 109 147 215 231 230 269 248 235 267 207 257 270 199 283 151 238 207 253 249 149 144 261 286 272 227 247 228 308 166 216 164 106 182 201 274 200 237 109 221 176 238 86 125 325 200 227 271 156 214 228 268 276 178 201 258 178 281 101 261 291 197 293 156 214 250 176 250 272 290 288 144 195 250 247 208 237 218 208 238 245 298 108 167 213 245 118 236 279 271 215 290 164 138 314 173 230 225 195 228 250 155 256 192 262 269 290 227 194 259 169 217 216 234 230 139 310 220 159 288 180 246 129 299 99 303 178 210 126 276 246 144 153 278 145 178 232 234 168 239 265 177 288 131 240 148 212 178 174 204 201 261 144 272 132 259 111 228 196 306 180 338 226 179 227 324 222 89 263 254 154 200 221 249 203 292 279 315 278 283 168 229 197 219 256 231 284 97 206 269 246 
122 163 177 120 129 33 28 13 21 104 12 40 75 200 91 116 77 175 67 117 129 95 135 208 145 144 138 135 130 92 243 215 199 272 225 39 261 116 242 160 39 183 209 131 59 30 218 179 166 72 196 190 91 46 84 190 194 155 93 78 202 186 68 86 108 15 69 217 156 40 217 211 168 235 216 187 202 27 63 99 135 217 172 85 261 176 63 196 227 88 176 186 154 117 35 220 210 106 196 69 44 228 190 149 93 241 142 84 33 111 186 81 204 0 149 130 81 35 125 55 113 165 66 195 59 142 73 91 89 130 120 71 126 130 274 130 110 42 166 152 40 105 208 200 185 188 135 25 110 235 266 180 66 235 173 159 15 257 146 150 93 171 186 38 174 114 100 174 138 85 137 68 215 200 152 97 86 192 162 175 198 88 184 227 92 129 102 41 191 143 202 57 210 215 38 200 228 222 84 185 210 145 162 90 95 143 84 45 81 103 85 24 108 162 217 230 33 235 190 27 48 164 46 19 103 190 138 106 79 271 170 222 64 121 95 102 195 197 136 109 123 193 107 126 181 39 188 103 153 158 163 112 16 57 13 117 189 148 60 64 158 69 202 103 169 50 200 212 43 207 145 105 136 117 223 161 82 195 113 131 150 85 220 86 99 90 67 16 41 205 31 57 45 33 45 40 206 182 113 94 108 209 202 100 244 36 47 206 254 147 149 187 77 59 266 121 110 55 119 35 119 132 25 103 191 100 59 73 69 189 184 89 106 100 89 67 264 170 202 68 204 146 222 241 94 20 65 149 73 38 64 126 165 187 26 53 99 192 254 56 120 96 218 241 84 218 101 141 123 111 17 155 196 254 76 212 78 134 152 114 180 15 102 67 28 99 80 28 64 73 160 148 207 33 65 158 88 141 133 77 152 204 178 176 209 266 45 15 56 102 191 76 228 124 131 110 89 14 85 209 43 78 96 56 179 172 82 195 150 216 66 169 161 139 165 218 72 166 128 72 184 189 98 185 214 94 62 208 59 117 213 116 171 276 184 64 218 36 24 237 123 184 124 172 111 151 90 22 168 42 200 46 219 47 186 42 125 91 80 194 20 47 111 239 112 107 177 106 103 208 91 237 81 76 93 110 137 68 121 66 
205 246 260 203 212 116 121 136 128 45 137 133 158 283 216 209 160 258 174 210 222 220 218 291 228 85 79 228 71 217 326 298 282 355 308 132 344 209 325 243 122 266 292 72 166 153 301 120 249 155 279 273 174 139 177 273 277 238 186 171 143 269 151 169 201 138 176 300 97 123 300 294 251 318 299 270 285 134 156 182 76 300 255 178 344 259 188 279 310 171 259 269 95 58 142 303 293 229 279 152 169 311 273 90 186 324 83 191 126 204 269 174 287 149 0 223 204 158 208 178 220 248 149 278 152 225 196 174 182 213 61 154 209 213 357 223 193 165 249 235 165 188 291 283 268 271 218 150 193 318 349 263 173 318 256 242 138 340 229 91 186 254 269 161 257 207 183 257 231 178 220 161 298 283 235 190 209 275 245 116 281 171 267 310 185 212 185 166 274 226 285 180 293 298 121 283 311 305 191 126 293 228 245 215 218 226 191 138 188 186 178 149 49 103 300 313 126 318 273 152 171 247 139 142 226 273 221 189 162 354 253 305 157 204 202 227 278 280 77 202 206 134 200 219 264 146 271 196 236 241 246 219 141 180 138 58 130 89 183 187 241 162 285 226 252 173 283 295 126 290 228 198 219 200 306 244 165 278 196 214 233 168 303 209 182 213 160 139 134 288 124 182 170 140 128 147 289 265 206 187 231 292 285 183 327 119 172 289 337 230 232 270 160 152 349 214 51 178 212 128 202 215 132 226 274 183 152 196 194 272 267 182 231 193 172 190 347 253 285 161 287 229 305 324 217 145 158 232 166 121 171 209 248 128 133 160 192 275 337 149 213 219 301 324 191 301 226 224 206 234 140 238 279 337 183 295 171 75 235 221 263 138 195 192 151 182 163 151 171 166 243 231 290 158 190 241 181 224 216 160 93 287 261 117 292 349 170 140 149 195 274 201 311 207 214 233 172 137 192 292 150 161 179 163 262 113 165 278 91 299 191 252 102 222 106 301 155 249 221 179 267 272 221 268 297 177 155 291 182 210 296 209 254 359 267 157 301 119 149 320 206 267 217 255 204 234 173 129 109 125 141 169 302 170 127 167 208 184 187 277 145 154 52 322 235 200 118 199 226 291 174 320 164 199 176 217 220 151 214 191 
196 237 251 194 203 107 102 117 109 178 118 90 149 274 197 166 151 249 155 191 179 201 209 282 219 218 212 185 204 198 317 289 273 346 299 113 335 166 316 234 113 257 283 205 147 134 292 253 240 146 270 264 165 120 134 264 268 229 143 152 276 260 142 160 158 119 157 291 230 114 291 285 242 309 290 261 276 115 113 173 209 291 246 159 335 250 169 270 301 162 250 260 228 191 123 294 284 210 270 143 150 302 264 223 143 315 216 172 107 185 260 131 278 130 223 0 185 139 199 159 201 239 140 269 109 216 177 165 163 204 194 145 200 204 348 180 184 146 240 226 146 179 282 274 259 262 209 131 184 309 340 254 154 309 247 233 119 331 220 224 143 245 260 142 248 164 174 248 188 135 211 118 289 274 226 147 190 266 236 249 272 162 258 301 166 203 176 147 265 217 276 161 284 289 112 274 302 296 172 259 284 219 236 196 199 217 172 119 169 177 159 130 182 236 291 304 107 309 264 133 152 238 120 123 207 264 212 180 153 345 244 296 138 195 183 208 269 271 210 159 197 267 157 176 255 127 262 177 227 232 237 200 122 161 119 191 263 222 164 168 232 143 276 207 243 154 274 286 117 281 219 155 210 191 297 235 156 269 187 205 224 159 294 190 173 194 117 120 91 279 105 163 151 121 119 128 280 256 163 144 212 283 276 174 318 110 153 280 328 221 223 261 151 133 340 171 184 159 169 109 193 206 113 207 265 174 109 177 175 263 258 163 212 174 163 171 338 244 276 118 278 220 296 315 198 126 139 223 123 112 152 200 239 261 114 141 173 266 328 130 170 200 292 315 172 292 207 215 197 215 121 229 270 328 164 286 152 208 226 202 254 119 152 173 132 173 154 132 152 147 234 222 281 139 171 232 138 215 207 151 226 278 252 250 283 340 151 121 130 152 265 182 302 198 205 214 163 118 173 283 131 152 170 144 253 246 156 269 224 290 172 243 235 213 239 292 146 240 178 160 258 263 202 259 288 168 136 282 163 167 287 190 245 350 258 114 292 110 130 311 197 258 174 246 161 225 164 110 242 116 274 150 293 151 260 148 199 165 168 268 126 135 185 313 216 181 251 180 207 282 165 311 155 180 167 198 211 142 171 172 
179 220 234 177 186 90 83 68 76 159 69 95 132 257 148 171 134 232 122 172 184 152 192 265 202 199 193 190 185 149 300 272 256 329 282 94 318 171 299 217 96 240 266 186 114 85 275 234 223 129 253 247 148 101 139 247 251 212 148 133 257 243 125 143 163 70 124 274 211 97 274 268 225 292 273 244 259 82 118 156 190 274 229 140 318 233 120 253 284 145 233 243 209 172 90 277 267 161 253 126 101 285 247 204 148 298 197 139 88 166 243 136 261 81 204 185 0 90 182 110 168 222 123 252 114 199 128 148 144 187 175 128 183 187 331 185 167 97 223 209 97 162 265 257 242 245 192 82 167 292 323 237 121 292 230 216 70 314 203 205 148 228 243 93 231 169 157 231 193 140 194 123 272 257 209 152 141 249 219 230 255 145 241 284 147 186 159 98 248 200 259 112 267 272 95 257 285 279 139 240 267 202 219 147 150 200 139 100 136 160 140 81 163 217 274 287 88 292 247 84 103 221 101 74 158 247 195 163 136 328 227 279 119 178 150 159 252 254 191 164 180 248 162 181 238 94 245 158 210 215 220 167 73 112 70 172 244 203 115 119 215 124 259 158 226 105 257 269 100 264 202 160 193 174 280 218 139 252 170 188 207 142 277 141 156 145 122 71 96 262 86 114 102 88 102 95 263 239 168 149 163 266 259 157 301 93 104 263 311 204 206 244 134 114 323 176 165 110 174 90 176 189 80 158 248 157 114 128 126 246 241 144 163 155 146 122 321 227 259 123 261 203 279 298 149 77 120 206 128 95 119 183 222 242 81 108 154 249 311 111 175 151 275 298 139 275 158 198 180 166 72 212 253 311 131 269 133 189 209 169 237 70 157 124 83 156 137 83 119 128 217 205 264 90 122 215 143 198 190 134 207 261 235 231 266 323 102 72 111 157 248 133 285 181 188 165 146 69 140 266 98 135 153 111 236 227 139 252 205 273 123 226 216 196 220 275 129 223 183 127 241 246 153 242 271 151 117 265 114 172 270 171 228 333 241 119 275 93 81 294 180 241 179 229 166 208 147 77 223 99 255 101 276 102 241 99 182 146 135 251 77 102 166 296 167 162 232 161 158 265 148 294 138 131 150 165 194 125 176 123 
133 174 188 131 140 44 37 22 30 113 23 49 86 211 102 125 88 186 76 126 138 106 146 219 156 153 147 144 139 103 254 226 210 283 236 48 272 125 253 171 50 194 220 140 68 39 229 188 177 83 207 201 102 55 93 201 205 166 102 87 211 197 79 97 117 24 78 228 165 51 228 222 179 246 227 198 213 36 72 110 144 228 183 94 272 187 74 207 238 99 187 197 163 126 44 231 221 115 207 80 55 239 201 158 102 252 151 93 42 120 197 90 215 35 158 139 90 0 136 64 122 176 77 206 68 153 82 102 98 141 129 82 137 141 285 139 121 51 177 163 51 116 219 211 196 199 146 36 121 246 277 191 75 246 184 170 24 268 157 159 102 182 197 47 185 123 111 185 147 94 148 77 226 211 163 106 95 203 173 184 209 99 195 238 101 140 113 52 202 154 213 66 221 226 49 211 239 233 93 194 221 156 173 101 104 154 93 54 90 114 94 35 117 171 228 241 42 246 201 38 57 175 55 28 112 201 149 117 90 282 181 233 73 132 104 113 206 208 145 118 134 202 116 135 192 48 199 112 164 169 174 121 27 66 24 126 198 157 69 73 169 78 213 112 180 59 211 223 54 218 156 114 147 128 234 172 93 206 124 142 161 96 231 95 110 99 76 25 50 216 40 68 56 42 56 49 217 193 122 103 117 220 213 111 255 47 58 217 265 158 160 198 88 68 277 130 119 64 128 44 130 143 34 112 202 111 68 82 80 200 195 98 117 109 100 76 275 181 213 77 215 157 233 252 103 31 74 160 82 49 73 137 176 196 35 62 108 203 265 65 129 105 229 252 93 229 112 152 134 120 26 166 207 265 85 223 87 143 163 123 191 24 111 78 37 110 91 37 73 82 171 159 218 44 76 169 97 152 144 88 161 215 189 185 220 277 56 26 65 111 202 87 239 135 142 119 100 23 94 220 52 89 107 65 190 181 93 206 159 227 77 180 170 150 174 229 83 177 137 81 195 200 107 196 225 105 71 219 68 126 224 125 182 287 195 73 229 47 35 248 134 195 133 183 120 162 101 31 177 53 209 55 230 56 195 53 136 100 89 205 31 56 120 250 121 116 186 115 112 219 102 248 92 85 104 119 148 79 130 77 
181 222 236 179 188 92 121 114 116 163 113 109 134 259 192 185 136 234 162 210 198 196 194 267 204 203 197 204 189 193 302 274 258 331 284 132 320 185 301 219 98 242 268 190 154 131 277 238 225 131 255 249 150 139 153 249 253 214 162 171 261 245 127 145 177 116 164 276 215 99 276 270 227 294 275 246 261 122 132 158 194 276 231 178 320 235 164 255 286 147 235 245 213 176 130 279 269 207 255 128 145 287 249 208 162 300 201 179 126 204 245 150 263 125 208 199 182 136 0 156 208 224 125 254 128 201 174 150 182 189 179 130 185 189 333 199 169 143 225 211 141 164 267 259 244 247 194 126 169 294 325 239 161 294 232 218 116 316 205 209 162 230 245 139 233 183 159 233 207 154 196 137 274 259 211 166 187 251 221 234 257 147 243 286 185 188 161 142 250 202 261 158 269 274 97 259 287 281 179 244 269 204 221 191 196 202 179 138 176 162 178 125 167 221 276 289 126 294 249 128 149 223 139 120 204 249 197 165 138 330 229 281 157 180 190 203 254 256 195 178 182 252 176 195 240 134 247 196 212 217 222 207 117 158 114 176 248 207 161 165 217 162 261 204 228 151 259 271 102 266 204 174 195 176 282 220 141 254 172 190 209 144 279 187 158 191 136 117 110 264 124 158 146 128 104 135 265 241 182 163 209 268 261 159 303 95 148 265 313 206 208 246 136 152 325 190 169 156 188 128 178 191 120 204 250 159 128 174 170 248 243 182 207 193 148 168 323 229 261 137 263 205 281 300 195 121 158 208 142 97 159 185 224 246 121 148 192 251 313 149 189 197 277 300 179 277 202 200 182 212 118 214 255 313 171 271 171 193 211 209 239 116 171 168 129 158 139 129 159 166 219 207 266 134 166 217 157 200 192 136 211 263 237 235 268 325 146 116 149 171 250 177 287 183 190 211 148 115 180 268 138 137 155 151 238 231 141 254 209 275 167 228 220 198 224 277 131 225 197 167 243 248 199 244 273 153 155 267 160 186 272 209 230 335 243 133 277 95 125 296 182 243 193 231 180 210 149 117 227 101 259 147 278 148 245 143 184 184 175 253 121 142 170 298 213 200 236 199 204 267 150 296 140 177 152 205 196 127 190 167 
153 194 208 151 160 64 57 42 50 133 43 69 106 231 122 145 108 206 96 146 158 126 166 239 176 173 167 164 159 123 274 246 230 303 256 68 292 145 273 191 70 214 240 160 88 59 249 208 197 103 227 221 122 75 113 221 225 186 122 107 231 217 99 117 137 44 98 248 185 71 248 242 199 266 247 218 233 56 92 130 164 248 203 114 292 207 94 227 258 119 207 217 183 146 64 251 241 135 227 100 75 259 221 178 122 272 171 113 62 140 217 110 235 55 178 159 110 64 156 0 142 196 97 226 88 173 102 122 118 161 149 102 157 161 305 159 141 71 197 183 71 136 239 231 216 219 166 56 141 266 297 211 95 266 204 190 44 288 177 179 122 202 217 67 205 143 131 205 167 114 168 97 246 231 183 126 115 223 193 204 229 119 215 258 121 160 133 72 222 174 233 86 241 246 69 231 259 253 113 214 241 176 193 121 124 174 113 74 110 134 114 55 137 191 248 261 62 266 221 58 77 195 75 48 132 221 169 137 110 302 201 253 93 152 124 133 226 228 165 138 154 222 136 155 212 68 219 132 184 189 194 141 47 86 44 146 218 177 89 93 189 98 233 132 200 79 231 243 74 238 176 134 167 148 254 192 113 226 144 162 181 116 251 115 130 119 96 45 70 236 60 88 76 62 76 69 237 213 142 123 137 240 233 131 275 67 78 237 285 178 180 218 108 88 297 150 139 84 148 64 150 163 54 132 222 131 88 102 100 220 215 118 137 129 120 96 295 201 233 97 235 177 253 272 123 51 94 180 102 69 93 157 196 216 55 82 128 223 285 85 149 125 249 272 113 249 132 172 154 140 46 186 227 285 105 243 107 163 183 143 211 44 131 98 57 130 111 57 93 102 191 179 238 64 96 189 117 172 164 108 181 235 209 205 240 297 76 46 85 131 222 107 259 155 162 139 120 43 114 240 72 109 127 85 210 201 113 226 179 247 97 200 190 170 194 249 103 197 157 101 215 220 127 216 245 125 91 239 88 146 244 145 202 307 215 93 249 67 55 268 154 215 153 203 140 182 121 51 197 73 229 75 250 76 215 73 156 120 109 225 51 76 140 270 141 136 206 135 132 239 122 268 112 105 124 139 168 99 150 97 
205 246 260 203 212 116 99 100 92 175 101 111 158 283 180 187 160 258 138 188 200 184 218 291 228 215 209 206 201 181 326 298 282 355 308 110 344 187 325 243 122 266 292 202 130 117 301 250 249 155 279 273 174 117 155 273 277 238 164 149 273 269 151 169 179 102 140 300 227 123 300 294 251 318 299 270 285 98 134 182 206 300 255 156 344 259 152 279 310 171 259 269 225 188 106 303 293 193 279 152 133 311 273 220 164 324 213 155 104 182 269 152 287 113 220 201 168 122 208 142 0 248 149 278 130 225 160 174 160 213 191 154 209 213 357 201 193 129 249 235 129 188 291 283 268 271 218 114 193 318 349 263 137 318 256 242 102 340 229 221 164 254 269 125 257 185 183 257 209 156 220 139 298 283 235 168 173 275 245 246 281 171 267 310 163 212 185 130 274 226 285 144 293 298 121 283 311 305 155 256 293 228 245 179 182 226 155 116 152 186 156 113 179 233 300 313 104 318 273 116 135 247 117 106 190 273 221 189 162 354 253 305 135 204 166 191 278 280 207 180 206 264 178 197 264 110 271 174 236 241 246 183 105 144 102 188 260 219 147 151 241 140 285 190 252 137 283 295 126 290 228 176 219 200 306 244 165 278 196 214 233 168 303 173 182 177 138 103 112 288 102 146 134 104 128 111 289 265 184 165 195 292 285 183 327 119 136 289 337 230 232 270 160 130 349 192 181 142 190 106 202 215 96 190 274 183 130 160 158 272 267 160 195 171 172 154 347 253 285 139 287 229 305 324 181 109 136 232 144 121 135 209 248 258 97 124 170 275 337 127 191 183 301 324 155 301 190 224 206 198 104 238 279 337 147 295 149 205 235 185 263 102 173 156 115 182 163 115 135 144 243 231 290 122 154 241 159 224 216 160 223 287 261 247 292 349 134 104 127 173 274 165 311 207 214 197 172 101 156 292 114 161 179 127 262 243 165 278 221 299 155 252 232 222 236 301 155 249 199 143 267 272 185 268 297 177 133 291 146 188 296 187 254 359 267 135 301 119 113 320 206 267 195 255 182 234 173 93 239 125 271 133 302 134 257 131 208 162 151 277 109 118 182 322 199 178 248 177 190 291 174 320 164 163 176 181 220 151 192 155 
43 2 50 45 36 132 161 154 156 203 153 149 174 121 232 225 176 100 202 250 238 236 56 47 52 243 237 244 229 233 116 136 106 145 64 172 100 225 81 259 138 22 48 230 194 171 143 278 73 171 103 111 190 179 193 97 119 76 202 211 301 107 167 185 217 156 204 138 255 139 142 50 89 74 123 60 109 162 172 198 234 124 93 218 100 15 204 121 100 187 83 111 253 216 170 93 83 247 117 168 185 135 29 248 202 80 241 219 166 244 111 190 125 165 248 239 222 176 224 196 248 0 165 68 168 241 214 190 222 55 219 170 51 229 147 239 209 183 265 59 181 204 115 125 24 113 60 166 209 108 139 19 201 74 80 258 156 96 67 249 202 270 111 179 99 223 199 13 247 194 44 177 140 125 73 206 227 117 69 274 71 187 109 100 225 228 201 182 112 68 75 198 135 88 137 73 101 95 219 284 83 66 261 231 236 68 219 178 216 202 218 165 207 261 124 69 166 74 115 168 189 71 179 160 244 63 45 205 178 144 9 95 197 220 230 243 116 36 235 218 44 292 216 235 88 174 61 236 78 83 70 247 157 198 154 216 288 247 201 205 65 202 127 244 90 191 39 119 142 128 52 214 235 216 96 82 181 116 212 52 249 184 93 227 198 231 176 157 150 44 164 198 186 168 144 175 131 21 222 203 249 130 127 199 83 135 188 79 127 68 70 108 176 192 139 230 209 196 228 168 218 231 160 244 30 199 168 214 210 28 105 222 247 233 188 208 137 269 127 177 43 67 61 80 235 161 198 70 182 137 199 47 4 286 161 188 232 65 93 189 229 237 125 80 219 57 242 48 222 252 158 254 103 93 211 137 211 233 251 249 105 156 211 208 169 198 179 169 199 206 259 69 114 174 206 79 197 240 232 176 251 43 17 275 82 139 186 156 189 211 64 217 101 223 230 251 188 155 220 130 178 177 195 191 18 271 181 120 249 89 207 8 260 60 264 125 171 87 237 207 105 114 239 92 87 193 195 129 200 226 86 249 78 149 57 173 139 135 165 110 222 105 233 93 220 72 189 157 267 141 299 187 126 188 285 183 50 224 215 101 161 182 210 112 253 240 276 239 244 115 190 76 180 217 192 245 44 167 230 207 
122 163 177 120 129 33 62 55 57 104 54 50 75 200 133 126 77 175 103 151 139 137 135 208 145 144 138 145 130 134 243 215 199 272 225 73 261 126 242 160 39 183 209 131 95 72 218 179 166 72 196 190 91 80 94 190 194 155 103 112 202 186 68 86 118 57 105 217 156 40 217 211 168 235 216 187 202 63 73 99 135 217 172 119 261 176 105 196 227 88 176 186 154 117 71 220 210 148 196 69 86 228 190 149 103 241 142 120 67 145 186 91 204 66 149 140 123 77 125 97 149 165 0 195 69 142 115 91 123 130 120 71 126 130 274 140 110 84 166 152 82 105 208 200 185 188 135 67 110 235 266 180 102 235 173 159 57 257 146 150 103 171 186 80 174 124 100 174 148 95 137 78 215 200 152 107 128 192 162 175 198 88 184 227 126 129 102 83 191 143 202 99 210 215 38 200 228 222 120 185 210 145 162 132 137 143 120 79 117 103 119 66 108 162 217 230 67 235 190 69 90 164 80 61 145 190 138 106 79 271 170 222 98 121 131 144 195 197 136 119 123 193 117 136 181 75 188 137 153 158 163 148 58 99 55 117 189 148 102 106 158 103 202 145 169 92 200 212 43 207 145 115 136 117 223 161 82 195 113 131 150 85 220 128 99 132 77 58 51 205 65 99 87 69 45 76 206 182 123 104 150 209 202 100 244 36 89 206 254 147 149 187 77 93 266 131 110 97 129 69 119 132 61 145 191 100 69 115 111 189 184 123 148 134 89 109 264 170 202 78 204 146 222 241 136 62 99 149 83 38 100 126 165 187 62 89 133 192 254 90 130 138 218 241 120 218 143 141 123 153 59 155 196 254 112 212 112 134 152 150 180 57 112 109 70 99 80 70 100 107 160 148 207 75 107 158 98 141 133 77 152 204 178 176 209 266 87 57 90 112 191 118 228 124 131 152 89 56 121 209 79 78 96 92 179 172 82 195 150 216 108 169 161 139 165 218 72 166 138 108 184 189 140 185 214 94 96 208 101 127 213 150 171 276 184 74 218 36 66 237 123 184 134 172 121 151 90 58 168 42 200 88 219 89 186 84 125 125 116 194 62 83 111 239 154 141 177 140 145 208 91 237 81 118 93 146 137 68 131 108 
77 66 18 75 80 162 191 184 186 233 183 179 204 155 262 255 206 130 232 280 268 266 90 111 96 273 267 274 259 263 84 170 150 113 128 202 164 255 145 289 168 86 112 260 224 201 173 308 117 201 147 145 220 209 223 141 149 110 232 241 331 141 197 215 247 186 234 172 285 169 172 114 123 138 167 28 153 192 202 228 264 168 127 248 164 79 234 151 68 217 127 141 283 246 200 61 51 277 151 198 215 179 93 278 232 144 271 249 196 274 141 220 159 195 278 269 252 206 254 226 278 68 195 0 198 271 244 220 252 85 249 200 81 259 115 269 239 213 295 103 211 234 159 155 88 143 90 196 239 76 107 83 231 138 124 288 186 160 101 279 232 300 141 209 129 253 229 77 277 224 88 207 170 155 107 236 257 147 113 304 39 217 139 68 255 258 231 212 146 98 43 228 165 56 167 41 69 63 249 314 51 100 291 261 266 98 249 208 246 232 248 195 237 291 168 133 196 138 145 198 219 115 209 190 274 31 89 235 208 112 73 63 227 250 260 273 150 100 265 248 78 322 246 265 132 204 29 266 108 113 114 277 187 228 184 246 318 277 231 235 109 232 157 274 124 221 103 163 172 162 96 244 265 246 64 116 211 150 242 86 279 214 61 257 228 261 206 187 180 108 194 228 216 198 174 205 161 85 252 233 279 164 157 229 147 165 218 47 95 102 104 142 206 222 107 260 239 226 258 198 248 261 190 274 94 229 198 244 240 92 139 252 277 263 218 238 105 299 157 207 107 101 125 144 265 191 228 104 212 167 229 81 68 316 191 218 262 33 157 219 259 267 169 144 249 121 272 92 252 282 188 284 147 157 241 167 241 263 281 279 135 186 241 238 199 228 209 199 229 236 289 103 158 204 236 113 227 270 262 206 281 107 81 305 50 107 216 186 219 241 32 247 69 253 260 281 218 185 250 164 208 207 225 221 82 301 211 150 279 57 237 72 290 94 294 169 201 121 267 237 139 144 269 136 55 223 225 163 230 256 54 279 122 117 25 203 173 165 195 78 252 139 263 127 250 106 219 187 297 171 329 217 170 218 315 213 80 254 245 145 191 212 240 80 283 270 306 269 274 159 220 140 210 247 222 275 88 197 260 237 
125 166 180 123 132 36 31 46 38 107 47 19 78 203 126 95 80 178 84 120 108 130 138 211 148 147 141 114 133 127 246 218 202 275 228 42 264 95 245 163 42 186 212 134 76 63 221 182 169 75 199 193 94 49 63 193 197 158 72 81 205 189 71 89 87 48 86 220 159 43 220 214 171 238 219 190 205 44 42 102 138 220 175 88 264 179 98 199 230 91 179 189 157 120 52 223 213 139 199 72 79 231 193 152 72 244 145 101 36 114 189 60 207 59 152 109 114 68 128 88 130 168 69 198 0 145 106 94 92 133 123 74 129 133 277 109 113 75 169 155 75 108 211 203 188 191 138 60 113 238 269 183 83 238 176 162 48 260 149 153 72 174 189 71 177 93 103 177 117 64 140 47 218 203 155 76 119 195 165 178 201 91 187 230 95 132 105 76 194 146 205 90 213 218 41 203 231 225 101 188 213 148 165 125 128 146 101 48 98 106 88 59 111 165 220 233 36 238 193 62 81 167 49 52 136 193 141 109 82 274 173 225 67 124 112 137 198 200 139 88 126 196 86 105 184 56 191 106 156 161 166 129 51 90 48 120 192 151 93 97 161 72 205 136 172 83 203 215 46 210 148 84 139 120 226 164 85 198 116 134 153 88 223 119 102 123 46 49 20 208 34 92 80 50 48 57 209 185 92 73 141 212 205 103 247 39 82 209 257 150 152 190 80 62 269 100 113 88 98 38 122 135 42 136 194 103 38 106 104 192 187 92 141 103 92 100 267 173 205 47 207 149 225 244 127 55 68 152 52 41 81 129 168 190 43 70 102 195 257 59 99 129 221 244 101 221 136 144 126 144 50 158 199 257 93 215 81 137 155 131 183 48 81 102 61 102 83 61 81 76 163 151 210 68 100 161 67 144 136 80 155 207 181 179 212 269 80 50 59 81 194 111 231 127 134 143 92 47 102 212 60 81 99 73 182 175 85 198 153 219 101 172 164 142 168 221 75 169 107 89 187 192 131 188 217 97 65 211 92 96 216 119 174 279 187 43 221 39 59 240 126 187 103 175 90 154 93 39 171 45 203 79 222 80 189 77 128 94 97 197 55 64 114 242 145 110 180 109 136 211 94 240 84 109 96 127 140 71 100 101 
198 239 253 196 205 109 135 131 133 180 130 126 67 276 209 202 153 251 179 224 215 213 211 284 221 220 214 221 206 210 319 291 275 348 301 146 337 202 318 152 115 259 285 207 171 148 294 255 242 148 272 266 83 153 170 266 270 231 179 185 278 262 144 162 194 133 181 293 232 116 293 287 244 311 292 263 278 139 149 175 211 293 248 192 337 252 181 272 303 80 252 262 230 193 147 296 286 224 272 145 162 304 266 225 179 317 218 196 140 218 262 167 280 142 225 216 199 153 201 173 225 241 142 271 145 0 191 167 196 206 196 147 202 122 350 216 186 160 158 228 158 181 284 276 261 264 211 143 186 311 342 256 178 311 249 151 133 333 222 226 179 163 262 156 250 200 92 250 224 171 213 154 291 276 228 183 204 268 238 251 274 164 260 303 199 121 178 159 267 219 278 175 286 291 114 276 304 298 196 261 286 221 154 208 213 219 196 152 193 179 192 142 184 238 293 306 140 311 266 145 166 240 153 137 221 266 214 98 155 347 246 298 171 113 207 220 271 273 212 195 199 269 193 212 257 151 264 210 229 234 239 224 134 175 131 193 265 224 178 182 234 176 278 221 245 168 276 288 119 283 221 191 128 193 299 237 158 271 105 207 142 77 296 204 91 208 153 134 127 281 138 175 163 145 121 152 282 258 199 180 226 285 278 176 320 112 165 282 330 223 225 263 153 166 342 207 186 173 205 142 195 124 137 221 267 92 145 191 187 265 260 196 224 207 165 185 340 162 278 154 280 222 298 317 212 138 172 225 159 114 176 202 241 263 138 165 206 268 330 163 206 214 294 317 196 294 219 217 115 229 135 147 272 330 188 288 185 210 144 226 256 133 188 185 146 175 72 146 176 180 152 224 283 151 183 234 174 133 125 69 228 280 254 252 285 342 163 133 163 188 267 194 304 200 123 228 81 132 197 285 155 154 172 168 255 248 158 271 226 292 184 245 237 215 241 294 148 242 214 184 260 265 216 261 290 86 169 284 177 203 289 223 247 352 260 150 294 112 142 313 115 260 210 248 197 227 166 134 244 118 276 164 295 165 262 160 201 198 192 270 138 159 187 315 230 214 253 213 221 284 167 313 157 194 85 222 213 144 207 184 
171 212 226 169 178 82 75 60 68 151 61 87 124 249 140 163 126 224 114 164 176 144 184 257 194 191 185 182 177 141 292 264 248 321 274 86 310 163 291 209 88 232 258 178 106 77 267 226 215 121 245 239 140 93 131 239 243 204 140 125 249 235 117 135 155 62 116 266 203 89 266 260 217 284 265 236 251 74 110 148 182 266 221 132 310 225 112 245 276 137 225 235 201 164 82 269 259 153 245 118 93 277 239 196 140 290 189 131 80 158 235 128 253 73 196 177 128 82 174 102 160 214 115 244 106 191 0 140 136 179 167 120 175 179 323 177 159 89 215 201 89 154 257 249 234 237 184 74 159 284 315 229 113 284 222 208 62 306 195 197 140 220 235 85 223 161 149 223 185 132 186 115 264 249 201 144 133 241 211 222 247 137 233 276 139 178 151 90 240 192 251 104 259 264 87 249 277 271 131 232 259 194 211 139 142 192 131 92 128 152 132 73 155 209 266 279 80 284 239 76 95 213 93 66 150 239 187 155 128 320 219 271 111 170 142 151 244 246 183 156 172 240 154 173 230 86 237 150 202 207 212 159 65 104 62 164 236 195 107 111 207 116 251 150 218 97 249 261 92 256 194 152 185 166 272 210 131 244 162 180 199 134 269 133 148 137 114 63 88 254 78 106 94 80 94 87 255 231 160 141 155 258 251 149 293 85 96 255 303 196 198 236 126 106 315 168 157 102 166 82 168 181 72 150 240 149 106 120 118 238 233 136 155 147 138 114 313 219 251 115 253 195 271 290 141 69 112 198 120 87 111 175 214 234 73 100 146 241 303 103 167 143 267 290 131 267 150 190 172 158 64 204 245 303 123 261 125 181 201 161 229 62 149 116 75 148 129 75 111 120 209 197 256 82 114 207 135 190 182 126 199 253 227 223 258 315 94 64 103 149 240 125 277 173 180 157 138 61 132 258 90 127 145 103 228 219 131 244 197 265 115 218 208 188 212 267 121 215 175 119 233 238 145 234 263 143 109 257 106 164 262 163 220 325 233 111 267 85 73 286 172 233 171 221 158 200 139 69 215 91 247 93 268 94 233 91 174 138 127 243 69 94 158 288 159 154 224 153 150 257 140 286 130 123 142 157 186 117 168 115 
147 188 202 145 154 58 87 80 82 129 79 75 100 225 158 151 102 200 128 176 164 162 160 233 170 169 163 170 155 159 268 240 224 297 250 98 286 151 267 185 64 208 234 156 120 97 243 204 191 97 221 215 116 105 119 215 219 180 128 137 227 211 93 111 143 82 130 242 181 65 242 236 193 260 241 212 227 88 98 124 160 242 197 144 286 201 130 221 252 113 201 211 179 142 96 245 235 173 221 94 111 253 215 174 128 266 167 145 92 170 211 116 229 91 174 165 148 102 150 122 174 190 91 220 94 167 140 0 148 155 145 96 151 155 299 165 135 109 191 177 107 130 233 225 210 213 160 92 135 260 291 205 127 260 198 184 82 282 171 175 128 196 211 105 199 149 125 199 173 120 162 103 240 225 177 132 153 217 187 200 223 113 209 252 151 154 127 108 216 168 227 124 235 240 63 225 253 247 145 210 235 170 187 157 162 168 145 104 142 128 144 91 133 187 242 255 92 260 215 94 115 189 105 86 170 215 163 131 104 296 195 247 123 146 156 169 220 222 161 144 148 218 142 161 206 100 213 162 178 183 188 173 83 124 80 142 214 173 127 131 183 128 227 170 194 117 225 237 68 232 170 140 161 142 248 186 107 220 138 156 175 110 245 153 124 157 102 83 76 230 90 124 112 94 70 101 231 207 148 129 175 234 227 125 269 61 114 231 279 172 174 212 102 118 291 156 135 122 154 94 144 157 86 170 216 125 94 140 136 214 209 148 173 159 114 134 289 195 227 103 229 171 247 266 161 87 124 174 108 63 125 151 190 212 87 114 158 217 279 115 155 163 243 266 145 243 168 166 148 178 84 180 221 279 137 237 137 159 177 175 205 82 137 134 95 124 105 95 125 132 185 173 232 100 132 183 123 166 158 102 177 229 203 201 234 291 112 82 115 137 216 143 253 149 156 177 114 81 146 234 104 103 121 117 204 197 107 220 175 241 133 194 186 164 190 243 97 191 163 133 209 214 165 210 239 119 121 233 126 152 238 175 196 301 209 99 243 61 91 262 148 209 159 197 146 176 115 83 193 67 225 113 244 114 211 109 150 150 141 219 87 108 136 264 179 166 202 165 170 233 116 262 106 143 118 171 162 93 156 133 
179 220 234 177 186 90 61 76 68 137 77 73 129 257 156 149 134 232 114 150 162 160 192 265 202 177 171 168 163 157 300 272 256 329 282 72 318 149 299 214 96 240 266 164 106 93 275 212 223 129 253 247 145 79 117 247 251 212 126 111 235 243 125 143 141 78 116 274 189 97 274 268 225 292 273 244 259 74 96 156 168 274 229 118 318 233 128 253 284 142 233 243 187 150 82 277 267 169 253 126 109 285 247 182 126 298 175 131 66 144 243 114 261 89 182 163 144 98 182 118 160 222 123 252 92 196 136 148 0 187 153 128 183 184 331 163 167 105 220 209 105 162 265 257 242 245 192 90 167 292 323 237 113 292 230 213 78 314 203 183 126 225 243 101 231 147 154 231 171 118 194 101 272 257 209 130 149 249 219 208 255 145 241 284 125 183 159 106 248 200 259 120 267 272 95 257 285 279 131 218 267 202 216 155 158 200 131 78 128 160 118 89 141 195 274 287 66 292 247 92 111 221 79 82 166 247 195 160 136 328 227 279 97 175 142 167 252 254 169 142 180 226 140 159 238 86 245 136 210 215 220 159 81 120 78 150 222 181 123 127 215 102 259 166 226 113 257 269 100 264 202 138 190 174 280 218 139 252 167 188 204 139 277 149 153 153 100 79 74 262 64 122 110 80 102 87 263 239 146 127 171 266 259 157 301 93 112 263 311 204 206 244 134 92 323 154 143 118 152 68 176 186 72 166 248 154 92 136 134 246 241 122 171 133 146 130 321 224 259 101 261 203 279 298 157 85 98 206 106 95 111 183 222 220 73 100 132 249 311 89 153 159 275 298 131 275 166 198 177 174 80 209 253 311 123 269 111 167 206 161 237 78 135 132 91 156 134 91 111 106 214 205 264 98 130 215 121 195 187 131 185 261 235 209 266 323 110 80 89 135 248 141 285 181 185 173 143 77 132 266 90 135 153 103 236 205 139 252 183 273 131 226 194 196 198 275 129 223 161 119 241 246 161 242 271 148 95 265 122 150 270 149 228 333 241 97 275 93 89 294 177 241 157 229 144 208 147 69 201 99 233 109 276 110 219 107 182 124 127 251 85 94 144 296 175 140 210 139 166 265 148 294 138 139 147 157 194 125 154 131 
12 53 67 10 19 97 126 119 121 168 118 114 139 90 197 190 141 65 167 215 203 201 25 98 35 208 202 209 194 198 133 105 89 162 115 137 151 190 132 224 103 73 99 195 159 136 108 243 56 136 86 80 155 144 158 80 84 45 167 176 266 76 132 150 182 121 169 107 220 104 107 101 58 125 106 77 92 127 137 163 199 107 62 183 151 66 169 86 117 152 66 76 218 181 135 110 100 212 86 133 150 118 80 213 167 131 206 184 131 209 76 155 94 130 213 204 187 141 189 161 213 55 130 85 133 206 179 155 187 0 184 135 16 194 164 204 174 148 230 42 146 169 98 90 75 78 25 131 174 125 156 70 166 125 63 223 121 147 36 214 167 235 76 144 64 188 164 64 212 159 27 142 105 90 42 171 192 82 52 239 88 152 74 117 190 193 166 147 81 33 92 163 100 105 102 90 118 112 184 249 100 35 226 196 201 33 184 143 181 167 183 130 172 226 107 120 131 125 80 133 154 54 144 125 209 80 28 170 143 161 60 112 162 185 195 208 85 87 200 183 13 257 181 200 71 139 78 201 43 48 53 212 122 163 119 181 253 212 166 170 48 167 92 209 59 156 90 102 107 97 35 179 200 181 113 51 146 85 177 21 214 149 110 192 163 196 141 122 115 95 129 163 151 133 109 140 96 72 187 168 214 99 92 164 134 100 153 96 144 37 39 77 141 157 156 195 174 161 193 133 183 196 125 209 81 164 133 179 175 79 74 187 212 198 153 173 154 234 92 142 94 36 112 131 200 126 163 39 147 102 164 16 55 251 126 153 197 82 144 154 194 202 108 131 184 108 207 31 187 217 123 219 86 144 176 102 176 198 216 214 70 121 176 173 134 163 144 134 164 171 224 38 97 139 171 48 162 205 197 141 216 94 68 240 99 156 151 121 154 176 81 182 118 188 195 216 153 120 185 99 143 142 160 156 69 236 146 85 214 106 172 59 225 29 229 108 136 56 202 172 74 79 204 75 104 158 160 98 165 191 103 214 61 166 74 138 108 100 130 127 187 74 198 62 185 41 154 122 232 106 264 152 109 153 250 148 15 189 180 84 126 147 175 129 218 205 241 204 209 98 155 127 145 182 157 210 27 132 195 172 
176 217 231 174 183 87 92 107 99 16 108 104 129 254 187 180 131 229 145 181 193 191 189 262 199 56 50 199 42 188 297 269 253 326 279 103 315 180 296 214 93 237 263 43 137 124 272 91 220 126 250 244 145 110 148 244 248 209 157 142 114 240 122 140 172 109 147 271 68 94 271 265 222 289 270 241 256 105 127 153 47 271 226 149 315 230 159 250 281 142 230 240 66 29 113 274 264 200 250 123 140 282 244 61 157 295 54 162 97 175 240 145 258 120 61 194 175 129 179 149 191 219 120 249 123 196 167 145 153 184 0 125 180 184 328 194 164 136 220 206 136 159 262 254 239 242 189 121 164 289 320 234 144 289 227 213 109 311 200 62 157 225 240 132 228 178 154 228 202 149 191 132 269 254 206 161 180 246 216 87 252 142 238 281 156 183 156 137 245 197 256 151 264 269 92 254 282 276 162 97 264 199 216 186 189 197 162 109 159 157 149 120 20 74 271 284 97 289 244 123 142 218 110 113 197 244 192 160 133 325 224 276 128 175 173 198 249 251 48 173 177 105 171 190 235 117 242 167 207 212 217 190 112 151 109 29 101 60 154 158 212 133 256 197 223 144 254 266 97 261 199 169 190 171 277 215 136 249 167 185 204 139 274 180 153 184 131 110 105 259 95 153 141 111 99 118 260 236 177 158 202 263 256 154 298 90 143 260 308 201 203 241 131 123 320 185 22 149 183 99 173 186 103 197 245 154 123 167 165 243 238 153 202 164 143 161 318 224 256 132 258 200 276 295 188 116 129 203 137 92 142 180 219 99 104 131 163 246 308 120 184 190 272 295 162 272 197 195 177 205 111 209 250 308 154 266 142 46 206 192 234 109 166 163 122 153 134 122 142 137 214 202 261 129 161 212 152 195 187 131 64 258 232 88 263 320 141 111 120 166 245 172 282 178 185 204 143 108 163 263 121 132 150 134 233 84 136 249 62 270 162 223 73 193 77 272 126 220 192 150 238 243 192 239 268 148 126 262 153 181 267 180 225 330 238 128 272 90 120 291 177 238 188 226 175 205 144 100 80 96 112 140 273 141 98 138 179 155 158 248 116 125 23 293 206 171 89 170 197 262 145 291 135 170 147 188 191 122 185 162 
127 168 182 125 134 38 67 60 62 109 59 55 80 205 138 131 82 180 108 156 144 142 140 213 150 149 143 150 135 139 248 220 204 277 230 78 266 131 247 165 44 188 214 136 100 77 223 184 171 77 201 195 96 85 99 195 199 160 108 117 207 191 73 91 123 62 110 222 161 45 222 216 173 240 221 192 207 68 78 104 140 222 177 124 266 181 110 201 232 93 181 191 159 122 76 225 215 153 201 74 91 233 195 154 108 246 147 125 72 150 191 96 209 71 154 145 128 82 130 102 154 170 71 200 74 147 120 96 128 135 125 0 131 135 279 145 115 89 171 157 87 110 213 205 190 193 140 72 115 240 271 185 107 240 178 164 62 262 151 155 108 176 191 85 179 129 105 179 153 100 142 83 220 205 157 112 133 197 167 180 203 93 189 232 131 134 107 88 196 148 207 104 215 220 43 205 233 227 125 190 215 150 167 137 142 148 125 84 122 108 124 71 113 167 222 235 72 240 195 74 95 169 85 66 150 195 143 111 84 276 175 227 103 126 136 149 200 202 141 124 128 198 122 141 186 80 193 142 158 163 168 153 63 104 60 122 194 153 107 111 163 108 207 150 174 97 205 217 48 212 150 120 141 122 228 166 87 200 118 136 155 90 225 133 104 137 82 63 56 210 70 104 92 74 50 81 211 187 128 109 155 214 207 105 249 41 94 211 259 152 154 192 82 98 271 136 115 102 134 74 124 137 66 150 196 105 74 120 116 194 189 128 153 139 94 114 269 175 207 83 209 151 227 246 141 67 104 154 88 43 105 131 170 192 67 94 138 197 259 95 135 143 223 246 125 223 148 146 128 158 64 160 201 259 117 217 117 139 157 155 185 62 117 114 75 104 85 75 105 112 165 153 212 80 112 163 103 146 138 82 157 209 183 181 214 271 92 62 95 117 196 123 233 129 136 157 94 61 126 214 84 83 101 97 184 177 87 200 155 221 113 174 166 144 170 223 77 171 143 113 189 194 145 190 219 99 101 213 106 132 218 155 176 281 189 79 223 41 71 242 128 189 139 177 126 156 95 63 173 47 205 93 224 94 191 89 130 130 121 199 67 88 116 244 159 146 182 145 150 213 96 242 86 123 98 151 142 73 136 113 
8 49 63 6 15 93 122 115 117 164 114 110 135 86 193 186 137 61 163 211 199 197 21 94 31 204 198 205 190 194 129 101 85 158 111 133 147 186 128 220 99 69 95 191 155 132 104 239 52 132 82 76 151 140 154 76 80 41 163 172 262 72 128 146 178 117 165 103 216 100 103 97 54 121 102 73 88 123 133 159 195 103 58 179 147 62 165 82 113 148 62 72 214 177 131 106 96 208 82 129 146 114 76 209 163 127 202 180 127 205 72 151 90 126 209 200 183 137 185 157 209 51 126 81 129 202 175 151 183 16 180 131 0 190 160 200 170 144 226 38 142 165 94 86 71 74 21 127 170 121 152 66 162 121 59 219 117 143 32 210 163 231 72 140 60 184 160 60 208 155 23 138 101 86 38 167 188 78 48 235 84 148 70 113 186 189 162 143 77 29 88 159 96 101 98 86 114 108 180 245 96 31 222 192 197 29 180 139 177 163 179 126 168 222 103 116 127 121 76 129 150 50 140 121 205 76 24 166 139 157 56 108 158 181 191 204 81 83 196 179 9 253 177 196 67 135 74 197 39 44 49 208 118 159 115 177 249 208 162 166 44 163 88 205 55 152 86 98 103 93 31 175 196 177 109 47 142 81 173 17 210 145 106 188 159 192 137 118 111 91 125 159 147 129 105 136 92 68 183 164 210 95 88 160 130 96 149 92 140 33 35 73 137 153 152 191 170 157 189 129 179 192 121 205 77 160 129 175 171 75 70 183 208 194 149 169 150 230 88 138 90 32 108 127 196 122 159 35 143 98 160 12 51 247 122 149 193 78 140 150 190 198 104 127 180 104 203 27 183 213 119 215 82 140 172 98 172 194 212 210 66 117 172 169 130 159 140 130 160 167 220 34 93 135 167 44 158 201 193 137 212 90 64 236 95 152 147 117 150 172 77 178 114 184 191 212 149 116 181 95 139 138 156 152 65 232 142 81 210 102 168 55 221 25 225 104 132 52 198 168 70 75 200 71 100 154 156 94 161 187 99 210 57 162 70 134 104 96 126 123 183 70 194 58 181 37 150 118 228 102 260 148 105 149 246 144 11 185 176 80 122 143 171 125 214 201 237 200 205 94 151 123 141 178 153 206 23 128 191 168 
186 227 241 184 193 97 123 119 121 168 118 114 55 264 197 190 141 239 167 212 203 201 199 272 209 208 202 209 194 198 307 279 263 336 289 134 325 190 306 140 103 247 273 195 159 136 282 243 230 136 260 254 71 141 158 254 258 219 167 173 266 250 132 150 182 121 169 281 220 104 281 275 232 299 280 251 266 127 137 163 199 281 236 180 325 240 169 260 291 68 240 250 218 181 135 284 274 212 260 133 150 292 254 213 167 305 206 184 128 206 250 155 268 130 213 204 187 141 189 161 213 229 130 259 133 122 179 155 184 194 184 135 190 0 338 204 174 148 146 216 146 169 272 264 249 252 199 131 174 299 330 244 166 299 237 139 121 321 210 214 167 151 250 144 238 188 80 238 212 159 201 142 279 264 216 171 192 256 226 239 262 152 248 291 187 109 166 147 255 207 266 163 274 279 102 264 292 286 184 249 274 209 142 196 201 207 184 140 181 167 180 130 172 226 281 294 128 299 254 133 154 228 141 125 209 254 202 86 143 335 234 286 159 101 195 208 259 261 200 183 187 257 181 200 245 139 252 198 217 222 227 212 122 163 119 181 253 212 166 170 222 164 266 209 233 156 264 276 107 271 209 179 116 181 287 225 146 259 93 195 130 65 284 192 79 196 141 122 115 269 126 163 151 133 109 140 270 246 187 168 214 273 266 164 308 100 153 270 318 211 213 251 141 154 330 195 174 161 193 130 183 112 125 209 255 80 133 179 175 253 248 184 212 195 153 173 328 150 266 142 268 210 286 305 200 126 160 213 147 102 164 190 229 251 126 153 194 256 318 151 194 202 282 305 184 282 207 205 103 217 123 135 260 318 176 276 173 198 132 214 244 121 176 173 134 163 60 134 164 168 140 212 271 139 171 222 162 121 113 57 216 268 242 240 273 330 151 121 151 176 255 182 292 188 111 216 69 120 185 273 143 142 160 156 243 236 146 259 214 280 172 233 225 203 229 282 136 230 202 172 248 253 204 249 278 74 157 272 165 191 277 211 235 340 248 138 282 100 130 301 103 248 198 236 185 215 154 122 232 106 264 152 283 153 250 148 189 186 180 258 126 147 175 303 218 202 241 201 209 272 155 301 145 182 73 210 201 132 195 172 
156 145 97 154 159 241 270 263 265 312 262 258 283 234 341 334 285 209 311 359 347 345 169 190 175 352 346 353 338 342 163 249 229 192 207 281 243 334 224 368 247 165 191 339 303 280 252 387 196 280 226 224 299 288 302 220 228 189 311 320 410 220 276 294 326 265 313 251 364 248 251 193 202 217 246 107 232 271 281 307 343 247 206 327 243 158 313 230 147 296 206 220 362 325 279 140 130 356 230 277 294 258 172 357 311 223 350 328 275 353 220 299 238 274 357 348 331 285 333 305 357 147 274 115 277 350 323 299 331 164 328 279 160 338 0 348 318 292 374 182 290 313 238 234 167 222 169 275 318 155 186 162 310 217 203 367 265 239 180 358 311 379 220 288 208 332 308 156 356 303 167 286 249 234 186 315 336 226 192 383 118 296 218 147 334 337 310 291 225 177 122 307 244 135 246 120 148 142 328 393 130 179 370 340 345 177 328 287 325 311 327 274 316 370 247 212 275 217 224 277 298 194 288 269 353 110 168 314 287 191 152 142 306 329 339 352 229 179 344 327 157 401 325 344 211 283 108 345 187 192 193 356 266 307 263 325 397 356 310 314 188 311 236 353 203 300 182 242 251 241 175 323 344 325 143 195 290 229 321 165 358 293 140 336 307 340 285 266 259 187 273 307 295 277 253 284 240 164 331 312 358 243 236 308 226 244 297 126 174 181 183 221 285 301 186 339 318 305 337 277 327 340 269 353 173 308 277 323 319 171 218 331 356 342 297 317 184 378 236 286 186 180 204 223 344 270 307 183 291 246 308 160 147 395 270 297 341 112 236 298 338 346 248 223 328 200 351 171 331 361 267 363 226 236 320 246 320 342 360 358 214 265 320 317 278 307 288 278 308 315 368 182 237 283 315 192 306 349 341 285 360 186 160 384 129 186 295 265 298 320 111 326 148 332 339 360 297 264 329 243 287 286 304 300 161 380 290 229 358 136 316 151 369 173 373 248 280 200 346 316 218 223 348 215 134 302 304 242 309 335 133 358 201 196 104 282 252 244 274 157 331 218 342 206 329 185 298 266 376 250 408 296 249 297 394 292 159 333 324 224 270 291 319 159 362 349 385 348 353 238 299 219 289 326 301 354 167 276 339 316 
196 237 251 194 203 107 102 117 109 178 118 90 149 274 197 166 151 249 155 191 179 201 209 282 219 218 212 185 204 198 317 289 273 346 299 113 335 166 316 234 113 257 283 205 147 134 292 253 240 146 270 264 165 120 134 264 268 229 143 152 276 260 142 160 158 119 157 291 230 114 291 285 242 309 290 261 276 115 113 173 209 291 246 159 335 250 169 270 301 162 250 260 228 191 123 294 284 210 270 143 150 302 264 223 143 315 216 172 107 185 260 131 278 130 223 180 185 139 199 159 201 239 140 269 109 216 177 165 163 204 194 145 200 204 348 0 184 146 240 226 146 179 282 274 259 262 209 131 184 309 340 254 154 309 247 233 119 331 220 224 143 245 260 142 248 164 174 248 188 135 211 118 289 274 226 147 190 266 236 249 272 162 258 301 166 203 176 147 265 217 276 161 284 289 112 274 302 296 172 259 284 219 236 196 199 217 172 119 169 177 159 130 182 236 291 304 107 309 264 133 152 238 120 123 207 264 212 180 153 345 244 296 138 195 183 208 269 271 210 159 197 267 157 176 255 127 262 177 227 232 237 200 122 161 119 191 263 222 164 168 232 143 276 207 243 154 274 286 117 281 219 155 210 191 297 235 156 269 187 205 224 159 294 190 173 194 117 120 91 279 105 163 151 121 119 128 280 256 163 144 212 283 276 174 318 110 153 280 328 221 223 261 151 133 340 171 184 159 169 109 193 206 113 207 265 174 109 177 175 263 258 163 212 174 163 171 338 244 276 118 278 220 296 315 198 126 139 223 123 112 152 200 239 261 114 141 173 266 328 130 170 200 292 315 172 292 207 215 197 215 121 229 270 328 164 286 152 208 226 202 254 119 152 173 132 173 154 132 152 147 234 222 281 139 171 232 138 215 207 151 226 278 252 250 283 340 151 121 130 152 265 182 302 198 205 214 163 118 173 283 131 152 170 144 253 246 156 269 224 290 172 243 235 213 239 292 146 240 178 160 258 263 202 259 288 168 136 282 163 167 287 190 245 350 258 114 292 110 130 311 197 258 174 246 161 225 164 110 242 116 274 150 293 151 260 148 199 165 168 268 126 135 185 313 216 181 251 180 207 282 165 311 155 180 167 198 211 142 171 172 
166 207 221 164 173 77 106 99 101 148 98 94 119 244 177 170 121 219 147 195 183 181 179 252 189 188 182 189 174 178 287 259 243 316 269 117 305 170 286 204 83 227 253 175 139 116 262 223 210 116 240 234 135 124 138 234 238 199 147 156 246 230 112 130 162 101 149 261 200 84 261 255 212 279 260 231 246 107 117 143 179 261 216 163 305 220 149 240 271 132 220 230 198 161 115 264 254 192 240 113 130 272 234 193 147 285 186 164 111 189 230 135 248 110 193 184 167 121 169 141 193 209 110 239 113 186 159 135 167 174 164 115 170 174 318 184 0 128 210 196 126 149 252 244 229 232 179 111 154 279 310 224 146 279 217 203 101 301 190 194 147 215 230 124 218 168 144 218 192 139 181 122 259 244 196 151 172 236 206 219 242 132 228 271 170 173 146 127 235 187 246 143 254 259 82 244 272 266 164 229 254 189 206 176 181 187 164 123 161 147 163 110 152 206 261 274 111 279 234 113 134 208 124 105 189 234 182 150 123 315 214 266 142 165 175 188 239 241 180 163 167 237 161 180 225 119 232 181 197 202 207 192 102 143 99 161 233 192 146 150 202 147 246 189 213 136 244 256 87 251 189 159 180 161 267 205 126 239 157 175 194 129 264 172 143 176 121 102 95 249 109 143 131 113 89 120 250 226 167 148 194 253 246 144 288 80 133 250 298 191 193 231 121 137 310 175 154 141 173 113 163 176 105 189 235 144 113 159 155 233 228 167 192 178 133 153 308 214 246 122 248 190 266 285 180 106 143 193 127 82 144 170 209 231 106 133 177 236 298 134 174 182 262 285 164 262 187 185 167 197 103 199 240 298 156 256 156 178 196 194 224 101 156 153 114 143 124 114 144 151 204 192 251 119 151 202 142 185 177 121 196 248 222 220 253 310 131 101 134 156 235 162 272 168 175 196 133 100 165 253 123 122 140 136 223 216 126 239 194 260 152 213 205 183 209 262 116 210 182 152 228 233 184 229 258 138 140 252 145 171 257 194 215 320 228 118 262 80 110 281 167 228 178 216 165 195 134 102 212 86 244 132 263 133 230 128 169 169 160 238 106 127 155 283 198 185 221 184 189 252 135 281 125 162 137 190 181 112 175 152 
140 181 195 138 147 51 44 29 37 120 30 56 93 218 109 132 95 193 83 133 145 113 153 226 163 160 154 151 146 110 261 233 217 290 243 55 279 132 260 178 57 201 227 147 75 46 236 195 184 90 214 208 109 62 100 208 212 173 109 94 218 204 86 104 124 31 85 235 172 58 235 229 186 253 234 205 220 43 79 117 151 235 190 101 279 194 81 214 245 106 194 204 170 133 51 238 228 122 214 87 62 246 208 165 109 259 158 100 49 127 204 97 222 42 165 146 97 51 143 71 129 183 84 213 75 160 89 109 105 148 136 89 144 148 292 146 128 0 184 170 58 123 226 218 203 206 153 43 128 253 284 198 82 253 191 177 31 275 164 166 109 189 204 54 192 130 118 192 154 101 155 84 233 218 170 113 102 210 180 191 216 106 202 245 108 147 120 59 209 161 220 73 228 233 56 218 246 240 100 201 228 163 180 108 111 161 100 61 97 121 101 42 124 178 235 248 49 253 208 45 64 182 62 35 119 208 156 124 97 289 188 240 80 139 111 120 213 215 152 125 141 209 123 142 199 55 206 119 171 176 181 128 34 73 31 133 205 164 76 80 176 85 220 119 187 66 218 230 61 225 163 121 154 135 241 179 100 213 131 149 168 103 238 102 117 106 83 32 57 223 47 75 63 49 63 56 224 200 129 110 124 227 220 118 262 54 65 224 272 165 167 205 95 75 284 137 126 71 135 51 137 150 41 119 209 118 75 89 87 207 202 105 124 116 107 83 282 188 220 84 222 164 240 259 110 38 81 167 89 56 80 144 183 203 42 69 115 210 272 72 136 112 236 259 100 236 119 159 141 127 33 173 214 272 92 230 94 150 170 130 198 31 118 85 44 117 98 44 80 89 178 166 225 51 83 176 104 159 151 95 168 222 196 192 227 284 63 33 72 118 209 94 246 142 149 126 107 30 101 227 59 96 114 72 197 188 100 213 166 234 84 187 177 157 181 236 90 184 144 88 202 207 114 203 232 112 78 226 75 133 231 132 189 294 202 80 236 54 42 255 141 202 140 190 127 169 108 38 184 60 216 62 237 63 202 60 143 107 96 212 38 63 127 257 128 123 193 122 119 226 109 255 99 92 111 126 155 86 137 84 
222 263 277 220 229 133 159 155 157 204 154 150 91 300 233 226 177 275 203 248 239 237 235 308 245 244 238 245 230 234 343 315 299 372 325 170 361 226 342 176 139 283 309 231 195 172 318 279 266 172 296 290 107 177 194 290 294 255 203 209 302 286 168 186 218 157 205 317 256 140 317 311 268 335 316 287 302 163 173 199 235 317 272 216 361 276 205 296 327 104 276 286 254 217 171 320 310 248 296 169 186 328 290 249 203 341 242 220 164 242 286 191 304 166 249 240 223 177 225 197 249 265 166 295 169 158 215 191 220 230 220 171 226 146 374 240 210 184 0 252 182 205 308 300 285 288 235 167 210 335 366 280 202 335 273 175 157 357 246 250 203 187 286 180 274 224 116 274 248 195 237 178 315 300 252 207 228 292 262 275 298 188 284 327 223 145 202 183 291 243 302 199 310 315 138 300 328 322 220 285 310 245 178 232 237 243 220 176 217 203 216 166 208 262 317 330 164 335 290 169 190 264 177 161 245 290 238 122 179 371 270 322 195 137 231 244 295 297 236 219 223 293 217 236 281 175 288 234 253 258 263 248 158 199 155 217 289 248 202 206 258 200 302 245 269 192 300 312 143 307 245 215 152 217 323 261 182 295 129 231 166 101 320 228 115 232 177 158 151 305 162 199 187 169 145 176 306 282 223 204 250 309 302 200 344 136 189 306 354 247 249 287 177 190 366 231 210 197 229 166 219 148 161 245 291 116 169 215 211 289 284 220 248 231 189 209 364 186 302 178 304 246 322 341 236 162 196 249 183 138 200 226 265 287 162 189 230 292 354 187 230 238 318 341 220 318 243 241 139 253 159 171 296 354 212 312 209 234 168 250 280 157 212 209 170 199 96 170 200 204 176 248 307 175 207 258 198 157 149 93 252 304 278 276 309 366 187 157 187 212 291 218 328 224 147 252 105 156 221 309 179 178 196 192 279 272 182 295 250 316 208 269 261 239 265 318 172 266 238 208 284 289 240 285 314 110 193 308 201 227 313 247 271 376 284 174 318 136 166 337 139 284 234 272 221 251 190 158 268 142 300 188 319 189 286 184 225 222 216 294 162 183 211 339 254 238 277 237 245 308 191 337 181 218 109 246 237 168 231 208 
30 57 85 32 23 119 148 141 143 190 140 136 161 108 219 212 163 87 189 237 225 223 43 102 39 230 224 231 216 220 151 123 93 180 119 159 155 212 136 246 125 77 103 217 181 158 130 265 60 158 90 98 177 166 180 84 106 63 189 198 288 94 154 172 204 143 191 125 242 126 129 105 76 129 110 95 96 149 159 185 221 111 80 205 155 70 191 108 135 174 70 98 240 203 157 128 118 234 104 155 172 122 84 235 189 135 228 206 153 231 98 177 112 152 235 226 209 163 211 183 235 59 152 103 155 228 201 177 209 42 206 157 38 216 182 226 196 170 252 0 168 191 102 112 79 100 47 153 196 143 174 74 188 129 67 245 143 151 54 236 189 257 98 166 86 210 186 68 234 181 31 164 127 112 60 193 214 104 56 261 106 174 96 135 212 215 188 169 99 55 110 185 122 123 124 108 136 130 206 271 118 53 248 218 223 55 206 165 203 189 205 152 194 248 111 124 153 129 102 155 176 58 166 147 231 98 32 192 165 179 64 130 184 207 217 230 103 91 222 205 31 279 203 222 75 161 96 223 65 70 57 234 144 185 141 203 275 234 188 192 52 189 114 231 77 178 94 106 129 115 39 201 222 203 131 69 168 103 199 39 236 171 128 214 185 218 163 144 137 99 151 185 173 155 131 162 118 76 209 190 236 117 114 186 138 122 175 114 162 55 57 95 163 179 174 217 196 183 215 155 205 218 147 231 85 186 155 201 197 83 92 209 234 220 175 195 172 256 114 164 98 54 116 135 222 148 185 57 169 124 186 34 59 273 148 175 219 100 148 176 216 224 112 135 206 112 229 35 209 239 145 241 90 148 198 124 198 220 238 236 92 143 198 195 156 185 166 156 186 193 246 56 101 161 193 66 184 227 219 163 238 98 72 262 117 174 173 143 176 198 99 204 136 210 217 238 175 142 207 117 165 164 182 178 73 258 168 107 236 124 194 63 247 47 251 112 158 74 224 194 92 101 226 79 122 180 182 116 187 213 121 236 65 184 92 160 126 122 152 145 209 92 220 80 207 59 176 144 254 128 286 174 113 175 272 170 37 211 202 88 148 169 197 147 240 227 263 226 231 102 177 131 167 204 179 232 31 154 217 194 
138 179 193 136 145 49 44 29 37 120 28 56 91 216 107 132 93 191 83 133 145 111 151 224 161 160 154 151 146 108 259 231 215 288 241 55 277 132 258 176 55 199 225 147 75 46 234 195 182 88 212 206 107 62 100 206 210 171 109 94 218 202 84 102 124 31 85 233 172 56 233 227 184 251 232 203 218 43 79 115 151 233 188 101 277 192 79 212 243 104 192 202 170 133 51 236 226 122 212 85 60 244 206 165 109 257 158 100 49 127 202 97 220 40 165 146 97 51 141 71 129 181 82 211 75 158 89 107 105 146 136 87 142 146 290 146 126 58 182 168 0 121 224 216 201 204 151 41 126 251 282 196 82 251 189 175 31 273 162 166 109 187 202 54 190 130 116 190 154 101 153 84 231 216 168 113 102 208 178 191 214 104 200 243 108 145 118 57 207 159 218 73 226 231 54 216 244 238 100 201 226 161 178 106 111 159 100 61 97 119 101 40 124 178 233 246 49 251 206 43 64 180 62 35 119 206 154 122 95 287 186 238 80 137 111 118 211 213 152 125 139 209 123 142 197 55 204 119 169 174 179 128 32 73 29 133 205 164 76 80 174 85 218 119 185 66 216 228 59 223 161 121 152 133 239 177 98 211 129 147 166 101 236 102 115 106 83 32 57 221 47 73 61 49 61 56 222 198 129 110 124 225 218 116 260 52 63 222 270 163 165 203 93 75 282 137 126 71 135 51 135 148 41 119 207 116 75 89 85 205 200 105 122 116 105 83 280 186 218 84 220 162 238 257 110 36 81 165 89 54 80 142 181 203 42 69 115 208 270 72 136 112 234 257 100 234 117 157 139 127 33 171 212 270 92 228 94 150 168 130 196 31 118 83 44 115 96 44 80 89 176 164 223 49 81 174 104 157 149 93 168 220 194 192 225 282 61 31 72 118 207 92 244 140 147 126 105 30 101 225 59 94 112 72 195 188 98 211 166 232 82 185 177 155 181 234 88 182 144 88 200 205 114 201 230 110 78 224 75 133 229 132 187 292 200 80 234 52 40 253 139 200 140 188 127 167 106 38 184 58 216 62 235 63 202 58 141 107 96 210 36 63 127 255 128 123 193 122 119 224 107 253 97 92 109 126 153 84 137 82 
161 202 216 159 168 72 101 94 96 143 93 89 114 239 172 165 116 214 142 190 178 176 174 247 184 183 177 184 169 173 282 254 238 311 264 112 300 165 281 199 78 222 248 170 134 111 257 218 205 111 235 229 130 119 133 229 233 194 142 151 241 225 107 125 157 96 144 256 195 79 256 250 207 274 255 226 241 102 112 138 174 256 211 158 300 215 144 235 266 127 215 225 193 156 110 259 249 187 235 108 125 267 229 188 142 280 181 159 106 184 225 130 243 105 188 179 162 116 164 136 188 204 105 234 108 181 154 130 162 169 159 110 165 169 313 179 149 123 205 191 121 0 247 239 224 227 174 106 149 274 305 219 141 274 212 198 96 296 185 189 142 210 225 119 213 163 139 213 187 134 176 117 254 239 191 146 167 231 201 214 237 127 223 266 165 168 141 122 230 182 241 138 249 254 77 239 267 261 159 224 249 184 201 171 176 182 159 118 156 142 158 105 147 201 256 269 106 274 229 108 129 203 119 100 184 229 177 145 118 310 209 261 137 160 170 183 234 236 175 158 162 232 156 175 220 114 227 176 192 197 202 187 97 138 94 156 228 187 141 145 197 142 241 184 208 131 239 251 82 246 184 154 175 156 262 200 121 234 152 170 189 124 259 167 138 171 116 97 90 244 104 138 126 108 84 115 245 221 162 143 189 248 241 139 283 75 128 245 293 186 188 226 116 132 305 170 149 136 168 108 158 171 100 184 230 139 108 154 150 228 223 162 187 173 128 148 303 209 241 117 243 185 261 280 175 101 138 188 122 77 139 165 204 226 101 128 172 231 293 129 169 177 257 280 159 257 182 180 162 192 98 194 235 293 151 251 151 173 191 189 219 96 151 148 109 138 119 109 139 146 199 187 246 114 146 197 137 180 172 116 191 243 217 215 248 305 126 96 129 151 230 157 267 163 170 191 128 95 160 248 118 117 135 131 218 211 121 234 189 255 147 208 200 178 204 257 111 205 177 147 223 228 179 224 253 133 135 247 140 166 252 189 210 315 223 113 257 75 105 276 162 223 173 211 160 190 129 97 207 81 239 127 258 128 225 123 164 164 155 233 101 122 150 278 193 180 216 179 184 247 130 276 120 157 132 185 176 107 170 147 
86 113 141 88 79 175 204 197 199 246 196 192 217 164 275 268 219 143 245 293 281 279 99 158 95 286 280 287 272 276 207 179 149 236 175 215 211 268 192 302 181 133 159 273 237 214 186 321 116 214 146 154 233 222 236 140 162 119 245 254 344 150 210 228 260 199 247 181 298 182 185 161 132 185 166 151 152 205 215 241 277 167 136 261 211 126 247 164 191 230 126 154 296 259 213 184 174 290 160 211 228 178 140 291 245 191 284 262 209 287 154 233 168 208 291 282 265 219 267 239 291 115 208 159 211 284 257 233 265 98 262 213 94 272 238 282 252 226 308 102 224 247 0 168 135 156 103 209 252 199 230 130 244 185 123 301 199 207 110 292 245 313 154 222 142 266 242 124 290 237 87 220 183 168 116 249 270 160 112 317 162 230 152 191 268 271 244 225 155 111 166 241 178 179 180 164 192 186 262 327 174 109 304 274 279 111 262 221 259 245 261 208 250 304 167 180 209 185 158 211 232 114 222 203 287 154 88 248 221 235 120 186 240 263 273 286 159 147 278 261 87 335 259 278 131 217 152 279 121 126 113 290 200 241 197 259 331 290 244 248 108 245 170 287 133 234 150 162 185 171 95 257 278 259 187 125 224 159 255 95 292 227 184 270 241 274 219 200 193 155 207 241 229 211 187 218 174 132 265 246 292 173 170 242 194 178 231 170 218 111 113 151 219 235 230 273 252 239 271 211 261 274 203 287 141 242 211 257 253 139 148 265 290 276 231 251 228 312 170 220 154 110 172 191 278 204 241 113 225 180 242 90 115 329 204 231 275 156 204 232 272 280 168 191 262 168 285 91 265 295 201 297 146 204 254 180 254 276 294 292 148 199 254 251 212 241 222 212 242 249 302 112 157 217 249 122 240 283 275 219 294 154 128 318 173 230 229 199 232 254 155 260 192 266 273 294 231 198 263 173 221 220 238 234 129 314 224 163 292 180 250 119 303 103 307 168 214 130 280 250 148 157 282 135 178 236 238 172 243 269 177 292 121 240 148 216 182 178 208 201 265 148 276 136 263 115 232 200 310 184 342 230 169 231 328 226 93 267 258 144 204 225 253 203 296 283 319 282 287 158 233 187 223 260 235 288 87 210 273 250 
82 123 137 80 89 167 196 189 191 238 188 184 209 160 267 260 211 135 237 285 273 271 95 168 105 278 272 279 264 268 203 175 159 232 185 207 221 260 202 294 173 143 169 265 229 206 178 313 126 206 156 150 225 214 228 150 154 115 237 246 336 146 202 220 252 191 239 177 290 174 177 171 128 195 176 147 162 197 207 233 269 177 132 253 221 136 239 156 187 222 136 146 288 251 205 180 170 282 156 203 220 188 150 283 237 201 276 254 201 279 146 225 164 200 283 274 257 211 259 231 283 125 200 155 203 276 249 225 257 90 254 205 86 264 234 274 244 218 300 112 216 239 168 0 145 148 95 201 244 195 226 140 236 195 133 293 191 217 106 284 237 305 146 214 134 258 234 134 282 229 97 212 175 160 112 241 262 152 122 309 158 222 144 187 260 263 236 217 151 103 162 233 170 175 172 160 188 182 254 319 170 105 296 266 271 103 254 213 251 237 253 200 242 296 177 190 201 195 150 203 224 124 214 195 279 150 98 240 213 231 130 182 232 255 265 278 155 157 270 253 83 327 251 270 141 209 148 271 113 118 123 282 192 233 189 251 323 282 236 240 118 237 162 279 129 226 160 172 177 167 105 249 270 251 183 121 216 155 247 91 284 219 180 262 233 266 211 192 185 165 199 233 221 203 179 210 166 142 257 238 284 169 162 234 204 170 223 166 214 107 109 147 211 227 226 265 244 231 263 203 253 266 195 279 151 234 203 249 245 149 144 257 282 268 223 243 224 304 162 212 164 106 182 201 270 196 233 109 217 172 234 86 125 321 196 223 267 152 214 224 264 272 178 201 254 178 277 101 257 287 193 289 156 214 246 172 246 268 286 284 140 191 246 243 204 233 214 204 234 241 294 108 167 209 241 118 232 275 267 211 286 164 138 310 169 226 221 191 224 246 151 252 188 258 265 286 223 190 255 169 213 212 230 226 139 306 216 155 284 176 242 129 295 99 299 178 206 126 272 242 144 149 274 145 174 228 230 168 235 261 173 284 131 236 144 208 178 170 200 197 257 144 268 132 255 111 224 192 302 176 334 222 179 223 320 218 85 259 250 154 196 217 245 199 288 275 311 274 279 168 225 197 215 252 227 280 97 202 265 242 
63 22 70 65 56 152 181 174 176 223 173 169 194 141 252 245 196 120 222 270 258 256 76 67 72 263 257 264 249 253 136 156 126 165 84 192 120 245 101 279 158 42 68 250 214 191 163 298 93 191 123 131 210 199 213 117 139 96 222 231 321 127 187 205 237 176 224 158 275 159 162 70 109 94 143 80 129 182 192 218 254 144 113 238 120 35 224 141 120 207 103 131 273 236 190 113 103 267 137 188 205 155 49 268 222 100 261 239 186 264 131 210 145 185 268 259 242 196 244 216 268 24 185 88 188 261 234 210 242 75 239 190 71 249 167 259 229 203 285 79 201 224 135 145 0 133 80 186 229 128 159 39 221 94 100 278 176 116 87 269 222 290 131 199 119 243 219 33 267 214 64 197 160 145 93 226 247 137 89 294 91 207 129 120 245 248 221 202 132 88 95 218 155 108 157 93 121 115 239 304 103 86 281 251 256 88 239 198 236 222 238 185 227 281 144 89 186 94 135 188 209 91 199 180 264 83 65 225 198 164 29 115 217 240 250 263 136 56 255 238 64 312 236 255 108 194 81 256 98 103 90 267 177 218 174 236 308 267 221 225 85 222 147 264 110 211 59 139 162 148 72 234 255 236 116 102 201 136 232 72 269 204 113 247 218 251 196 177 170 64 184 218 206 188 164 195 151 41 242 223 269 150 147 219 103 155 208 99 147 88 90 128 196 212 159 250 229 216 248 188 238 251 180 264 50 219 188 234 230 48 125 242 267 253 208 228 157 289 147 197 63 87 81 100 255 181 218 90 202 157 219 67 24 306 181 208 252 85 113 209 249 257 145 100 239 77 262 68 242 272 178 274 123 113 231 157 231 253 271 269 125 176 231 228 189 218 199 189 219 226 279 89 134 194 226 99 217 260 252 196 271 63 37 295 102 159 206 176 209 231 84 237 121 243 250 271 208 175 240 150 198 197 215 211 38 291 201 140 269 109 227 28 280 80 284 145 191 107 257 227 125 134 259 112 107 213 215 149 220 246 106 269 98 169 77 193 159 155 185 130 242 125 253 113 240 92 209 177 287 161 319 207 146 208 305 203 70 244 235 121 181 202 230 132 273 260 296 259 264 135 210 96 200 237 212 265 64 187 250 227 
70 111 125 68 77 155 184 177 179 226 176 172 197 148 255 248 199 123 225 273 261 259 83 156 93 266 260 267 252 256 191 163 147 220 173 195 209 248 190 282 161 131 157 253 217 194 166 301 114 194 144 138 213 202 216 138 142 103 225 234 324 134 190 208 240 179 227 165 278 162 165 159 116 183 164 135 150 185 195 221 257 165 120 241 209 124 227 144 175 210 124 134 276 239 193 168 158 270 144 191 208 176 138 271 225 189 264 242 189 267 134 213 152 188 271 262 245 199 247 219 271 113 188 143 191 264 237 213 245 78 242 193 74 252 222 262 232 206 288 100 204 227 156 148 133 0 83 189 232 183 214 128 224 183 121 281 179 205 94 272 225 293 134 202 122 246 222 122 270 217 85 200 163 148 100 229 250 140 110 297 146 210 132 175 248 251 224 205 139 91 150 221 158 163 160 148 176 170 242 307 158 93 284 254 259 91 242 201 239 225 241 188 230 284 165 178 189 183 138 191 212 112 202 183 267 138 86 228 201 219 118 170 220 243 253 266 143 145 258 241 71 315 239 258 129 197 136 259 101 106 111 270 180 221 177 239 311 270 224 228 106 225 150 267 117 214 148 160 165 155 93 237 258 239 171 109 204 143 235 79 272 207 168 250 221 254 199 180 173 153 187 221 209 191 167 198 154 130 245 226 272 157 150 222 192 158 211 154 202 95 97 135 199 215 214 253 232 219 251 191 241 254 183 267 139 222 191 237 233 137 132 245 270 256 211 231 212 292 150 200 152 94 170 189 258 184 221 97 205 160 222 74 113 309 184 211 255 140 202 212 252 260 166 189 242 166 265 89 245 275 181 277 144 202 234 160 234 256 274 272 128 179 234 231 192 221 202 192 222 229 282 96 155 197 229 106 220 263 255 199 274 152 126 298 157 214 209 179 212 234 139 240 176 246 253 274 211 178 243 157 201 200 218 214 127 294 204 143 272 164 230 117 283 87 287 166 194 114 260 230 132 137 262 133 162 216 218 156 223 249 161 272 119 224 132 196 166 158 188 185 245 132 256 120 243 99 212 180 290 164 322 210 167 211 308 206 73 247 238 142 184 205 233 187 276 263 299 262 267 156 213 185 203 240 215 268 85 190 253 230 
17 58 72 15 24 102 131 124 126 173 123 119 144 95 202 195 146 70 172 220 208 206 30 103 40 213 207 214 199 203 138 110 94 167 120 142 156 195 137 229 108 78 104 200 164 141 113 248 61 141 91 85 160 149 163 85 89 50 172 181 271 81 137 155 187 126 174 112 225 109 112 106 63 130 111 82 97 132 142 168 204 112 67 188 156 71 174 91 122 157 71 81 223 186 140 115 105 217 91 138 155 123 85 218 172 136 211 189 136 214 81 160 99 135 218 209 192 146 194 166 218 60 135 90 138 211 184 160 192 25 189 140 21 199 169 209 179 153 235 47 151 174 103 95 80 83 0 136 179 130 161 75 171 130 68 228 126 152 41 219 172 240 81 149 69 193 169 69 217 164 32 147 110 95 47 176 197 87 57 244 93 157 79 122 195 198 171 152 86 38 97 168 105 110 107 95 123 117 189 254 105 40 231 201 206 38 189 148 186 172 188 135 177 231 112 125 136 130 85 138 159 59 149 130 214 85 33 175 148 166 65 117 167 190 200 213 90 92 205 188 18 262 186 205 76 144 83 206 48 53 58 217 127 168 124 186 258 217 171 175 53 172 97 214 64 161 95 107 112 102 40 184 205 186 118 56 151 90 182 26 219 154 115 197 168 201 146 127 120 100 134 168 156 138 114 145 101 77 192 173 219 104 97 169 139 105 158 101 149 42 44 82 146 162 161 200 179 166 198 138 188 201 130 214 86 169 138 184 180 84 79 192 217 203 158 178 159 239 97 147 99 41 117 136 205 131 168 44 152 107 169 21 60 256 131 158 202 87 149 159 199 207 113 136 189 113 212 36 192 222 128 224 91 149 181 107 181 203 221 219 75 126 181 178 139 168 149 139 169 176 229 43 102 144 176 53 167 210 202 146 221 99 73 245 104 161 156 126 159 181 86 187 123 193 200 221 158 125 190 104 148 147 165 161 74 241 151 90 219 111 177 64 230 34 234 113 141 61 207 177 79 84 209 80 109 163 165 103 170 196 108 219 66 171 79 143 113 105 135 132 192 79 203 67 190 46 159 127 237 111 269 157 114 158 255 153 20 194 185 89 131 152 180 134 223 210 246 209 214 103 160 132 150 187 162 215 32 137 200 177 
123 164 178 121 130 34 29 14 22 105 13 41 76 201 92 117 78 176 68 118 130 96 136 209 146 145 139 136 131 93 244 216 200 273 226 40 262 117 243 161 40 184 210 132 60 31 219 180 167 73 197 191 92 47 85 191 195 156 94 79 203 187 69 87 109 16 70 218 157 41 218 212 169 236 217 188 203 28 64 100 136 218 173 86 262 177 64 197 228 89 177 187 155 118 36 221 211 107 197 70 45 229 191 150 94 242 143 85 34 112 187 82 205 25 150 131 82 36 126 56 114 166 67 196 60 143 74 92 90 131 121 72 127 131 275 131 111 43 167 153 41 106 209 201 186 189 136 0 111 236 267 181 67 236 174 160 16 258 147 151 94 172 187 39 175 115 101 175 139 86 138 69 216 201 153 98 87 193 163 176 199 89 185 228 93 130 103 42 192 144 203 58 211 216 39 201 229 223 85 186 211 146 163 91 96 144 85 46 82 104 86 25 109 163 218 231 34 236 191 28 49 165 47 20 104 191 139 107 80 272 171 223 65 122 96 103 196 198 137 110 124 194 108 127 182 40 189 104 154 159 164 113 17 58 14 118 190 149 61 65 159 70 203 104 170 51 201 213 44 208 146 106 137 118 224 162 83 196 114 132 151 86 221 87 100 91 68 17 42 206 32 58 46 34 46 41 207 183 114 95 109 210 203 101 245 37 48 207 255 148 150 188 78 60 267 122 111 56 120 36 120 133 26 104 192 101 60 74 70 190 185 90 107 101 90 68 265 171 203 69 205 147 223 242 95 21 66 150 74 39 65 127 166 188 27 54 100 193 255 57 121 97 219 242 85 219 102 142 124 112 18 156 197 255 77 213 79 135 153 115 181 16 103 68 29 100 81 29 65 74 161 149 208 34 66 159 89 142 134 78 153 205 179 177 210 267 46 16 57 103 192 77 229 125 132 111 90 15 86 210 44 79 97 57 180 173 83 196 151 217 67 170 162 140 166 219 73 167 129 73 185 190 99 186 215 95 63 209 60 118 214 117 172 277 185 65 219 37 25 238 124 185 125 173 112 152 91 23 169 43 201 47 220 48 187 43 126 92 81 195 21 48 112 240 113 108 178 107 104 209 92 238 82 77 94 111 138 69 122 67 
166 207 221 164 173 77 106 99 101 148 98 94 119 244 177 170 121 219 147 195 183 181 179 252 189 188 182 189 174 178 287 259 243 316 269 117 305 170 286 204 83 227 253 175 139 116 262 223 210 116 240 234 135 124 138 234 238 199 147 156 246 230 112 130 162 101 149 261 200 84 261 255 212 279 260 231 246 107 117 143 179 261 216 163 305 220 149 240 271 132 220 230 198 161 115 264 254 192 240 113 130 272 234 193 147 285 186 164 111 189 230 135 248 110 193 184 167 121 169 141 193 209 110 239 113 186 159 135 167 174 164 115 170 174 318 184 154 128 210 196 126 149 252 244 229 232 179 111 0 279 310 224 146 279 217 203 101 301 190 194 147 215 230 124 218 168 144 218 192 139 181 122 259 244 196 151 172 236 206 219 242 132 228 271 170 173 146 127 235 187 246 143 254 259 82 244 272 266 164 229 254 189 206 176 181 187 164 123 161 147 163 110 152 206 261 274 111 279 234 113 134 208 124 105 189 234 182 150 123 315 214 266 142 165 175 188 239 241 180 163 167 237 161 180 225 119 232 181 197 202 207 192 102 143 99 161 233 192 146 150 202 147 246 189 213 136 244 256 87 251 189 159 180 161 267 205 126 239 157 175 194 129 264 172 143 176 121 102 95 249 109 143 131 113 89 120 250 226 167 148 194 253 246 144 288 80 133 250 298 191 193 231 121 137 310 175 154 141 173 113 163 176 105 189 235 144 113 159 155 233 228 167 192 178 133 153 308 214 246 122 248 190 266 285 180 106 143 193 127 82 144 170 209 231 106 133 177 236 298 134 174 182 262 285 164 262 187 185 167 197 103 199 240 298 156 256 156 178 196 194 224 101 156 153 114 143 124 114 144 151 204 192 251 119 151 202 142 185 177 121 196 248 222 220 253 310 131 101 134 156 235 162 272 168 175 196 133 100 165 253 123 122 140 136 223 216 126 239 194 260 152 213 205 183 209 262 116 210 182 152 228 233 184 229 258 138 140 252 145 171 257 194 215 320 228 118 262 80 110 281 167 228 178 216 165 195 134 102 212 86 244 132 263 133 230 128 169 169 160 238 106 127 155 283 198 185 221 184 189 252 135 281 125 162 137 190 181 112 175 152 
117 106 58 115 120 202 231 224 226 273 223 219 244 195 302 295 246 170 272 320 308 306 130 151 136 313 307 314 299 303 124 210 190 153 168 242 204 295 185 329 208 126 152 300 264 241 213 348 157 241 187 185 260 249 263 181 189 150 272 281 371 181 237 255 287 226 274 212 325 209 212 154 163 178 207 68 193 232 242 268 304 208 167 288 204 119 274 191 108 257 167 181 323 286 240 101 91 317 191 238 255 219 133 318 272 184 311 289 236 314 181 260 199 235 318 309 292 246 294 266 318 108 235 76 238 311 284 260 292 125 289 240 121 299 155 309 279 253 335 143 251 274 199 195 128 183 130 236 279 0 147 123 271 178 164 328 226 200 141 319 272 340 181 249 169 293 269 117 317 264 128 247 210 195 147 276 297 187 153 344 79 257 179 108 295 298 271 252 186 138 83 268 205 96 207 81 109 103 289 354 91 140 331 301 306 138 289 248 286 272 288 235 277 331 208 173 236 178 185 238 259 155 249 230 314 71 129 275 248 152 113 103 267 290 300 313 190 140 305 288 118 362 286 305 172 244 69 306 148 153 154 317 227 268 224 286 358 317 271 275 149 272 197 314 164 261 143 203 212 202 136 284 305 286 104 156 251 190 282 126 319 254 101 297 268 301 246 227 220 148 234 268 256 238 214 245 201 125 292 273 319 204 197 269 187 205 258 87 135 142 144 182 246 262 147 300 279 266 298 238 288 301 230 314 134 269 238 284 280 132 179 292 317 303 258 278 145 339 197 247 147 141 165 184 305 231 268 144 252 207 269 121 108 356 231 258 302 73 197 259 299 307 209 184 289 161 312 132 292 322 228 324 187 197 281 207 281 303 321 319 175 226 281 278 239 268 249 239 269 276 329 143 198 244 276 153 267 310 302 246 321 147 121 345 90 147 256 226 259 281 72 287 109 293 300 321 258 225 290 204 248 247 265 261 122 341 251 190 319 97 277 112 330 134 334 209 241 161 307 277 179 184 309 176 95 263 265 203 270 296 94 319 162 157 65 243 213 205 235 118 292 179 303 167 290 146 259 227 337 211 369 257 210 258 355 253 120 294 285 185 231 252 280 120 323 310 346 309 314 199 260 180 250 287 262 315 128 237 300 277 
148 137 89 146 151 233 262 255 257 304 254 250 275 226 333 326 277 201 303 351 339 337 161 182 167 344 338 345 330 334 155 241 221 184 199 273 235 326 216 360 239 157 183 331 295 272 244 379 188 272 218 216 291 280 294 212 220 181 303 312 402 212 268 286 318 257 305 243 356 240 243 185 194 209 238 99 224 263 273 299 335 239 198 319 235 150 305 222 139 288 198 212 354 317 271 132 122 348 222 269 286 250 164 349 303 215 342 320 267 345 212 291 230 266 349 340 323 277 325 297 349 139 266 107 269 342 315 291 323 156 320 271 152 330 186 340 310 284 366 174 282 305 230 226 159 214 161 267 310 147 0 154 302 209 195 359 257 231 172 350 303 371 212 280 200 324 300 148 348 295 159 278 241 226 178 307 328 218 184 375 110 288 210 139 326 329 302 283 217 169 114 299 236 127 238 112 140 134 320 385 122 171 362 332 337 169 320 279 317 303 319 266 308 362 239 204 267 209 216 269 290 186 280 261 345 102 160 306 279 183 144 134 298 321 331 344 221 171 336 319 149 393 317 336 203 275 100 337 179 184 185 348 258 299 255 317 389 348 302 306 180 303 228 345 195 292 174 234 243 233 167 315 336 317 135 187 282 221 313 157 350 285 132 328 299 332 277 258 251 179 265 299 287 269 245 276 232 156 323 304 350 235 228 300 218 236 289 118 166 173 175 213 277 293 178 331 310 297 329 269 319 332 261 345 165 300 269 315 311 163 210 323 348 334 289 309 176 370 228 278 178 172 196 215 336 262 299 175 283 238 300 152 139 387 262 289 333 104 228 290 330 338 240 215 320 192 343 163 323 353 259 355 218 228 312 238 312 334 352 350 206 257 312 309 270 299 280 270 300 307 360 174 229 275 307 184 298 341 333 277 352 178 152 376 121 178 287 257 290 312 103 318 140 324 331 352 289 256 321 235 279 278 296 292 153 372 282 221 350 128 308 143 361 165 365 240 272 192 338 308 210 215 340 207 126 294 296 234 301 327 125 350 193 188 96 274 244 236 266 149 323 210 334 198 321 177 290 258 368 242 400 288 241 289 386 284 151 325 316 216 262 283 311 151 354 341 377 340 345 230 291 211 281 318 293 346 159 268 331 308 
58 17 65 60 51 147 176 169 171 218 168 164 189 136 247 240 191 115 217 265 253 251 71 62 67 258 252 259 244 248 131 151 121 160 79 187 115 240 96 274 153 37 63 245 209 186 158 293 88 186 118 126 205 194 208 112 134 91 217 226 316 122 182 200 232 171 219 153 270 154 157 65 104 89 138 75 124 177 187 213 249 139 108 233 115 30 219 136 115 202 98 126 268 231 185 108 98 262 132 183 200 150 44 263 217 95 256 234 181 259 126 205 140 180 263 254 237 191 239 211 263 19 180 83 183 256 229 205 237 70 234 185 66 244 162 254 224 198 280 74 196 219 130 140 39 128 75 181 224 123 154 0 216 89 95 273 171 111 82 264 217 285 126 194 114 238 214 28 262 209 59 192 155 140 88 221 242 132 84 289 86 202 124 115 240 243 216 197 127 83 90 213 150 103 152 88 116 110 234 299 98 81 276 246 251 83 234 193 231 217 233 180 222 276 139 84 181 89 130 183 204 86 194 175 259 78 60 220 193 159 24 110 212 235 245 258 131 51 250 233 59 307 231 250 103 189 76 251 93 98 85 262 172 213 169 231 303 262 216 220 80 217 142 259 105 206 54 134 157 143 67 229 250 231 111 97 196 131 227 67 264 199 108 242 213 246 191 172 165 59 179 213 201 183 159 190 146 36 237 218 264 145 142 214 98 150 203 94 142 83 85 123 191 207 154 245 224 211 243 183 233 246 175 259 45 214 183 229 225 43 120 237 262 248 203 223 152 284 142 192 58 82 76 95 250 176 213 85 197 152 214 62 19 301 176 203 247 80 108 204 244 252 140 95 234 72 257 63 237 267 173 269 118 108 226 152 226 248 266 264 120 171 226 223 184 213 194 184 214 221 274 84 129 189 221 94 212 255 247 191 266 58 32 290 97 154 201 171 204 226 79 232 116 238 245 266 203 170 235 145 193 192 210 206 33 286 196 135 264 104 222 23 275 75 279 140 186 102 252 222 120 129 254 107 102 208 210 144 215 241 101 264 93 164 72 188 154 150 180 125 237 120 248 108 235 87 204 172 282 156 314 202 141 203 300 198 65 239 230 116 176 197 225 127 268 255 291 254 259 130 205 91 195 232 207 260 59 182 245 222 
158 199 213 156 165 69 52 53 45 128 54 64 111 236 133 140 113 211 91 141 153 137 171 244 181 168 162 159 154 134 279 251 235 308 261 63 297 140 278 196 75 219 245 155 83 70 254 203 202 108 232 226 127 70 108 226 230 191 117 102 226 222 104 122 132 55 93 253 180 76 253 247 204 271 252 223 238 51 87 135 159 253 208 109 297 212 105 232 263 124 212 222 178 141 59 256 246 146 232 105 86 264 226 173 117 277 166 108 57 135 222 105 240 66 173 154 121 75 161 95 137 201 102 231 83 178 113 127 113 166 144 107 162 166 310 154 146 82 202 188 82 141 244 236 221 224 171 67 146 271 302 216 0 271 209 195 55 293 182 174 117 207 222 78 210 138 136 210 162 109 173 92 251 236 188 121 126 228 198 199 234 124 220 263 116 165 138 83 227 179 238 97 246 251 74 236 264 258 108 209 246 181 198 132 135 179 108 69 105 139 109 66 132 186 253 266 57 271 226 69 88 200 70 59 143 226 174 142 115 307 206 258 88 157 119 144 231 233 160 133 159 217 131 150 217 63 224 127 189 194 199 136 58 97 55 141 213 172 100 104 194 93 238 143 205 90 236 248 79 243 181 129 172 153 259 197 118 231 149 167 186 121 256 126 135 130 91 56 65 241 55 99 87 57 81 64 242 218 137 118 148 245 238 136 280 72 89 242 290 183 185 223 113 83 302 145 134 95 143 59 155 168 49 143 227 136 83 113 111 225 220 113 148 124 125 107 300 206 238 92 240 182 258 277 134 62 89 185 97 74 88 162 201 211 50 77 123 228 290 80 144 136 254 277 108 254 143 177 159 151 57 191 232 290 100 248 102 158 188 138 216 55 126 109 68 135 116 68 88 97 196 184 243 75 107 194 112 177 169 113 176 240 214 200 245 302 87 57 80 126 227 118 264 160 167 150 125 54 109 245 67 114 132 80 215 196 118 231 174 252 108 205 185 175 189 254 108 202 152 96 220 225 138 221 250 130 86 244 99 141 249 140 207 312 220 88 254 72 66 273 159 220 148 208 135 187 126 46 192 78 224 86 255 87 210 84 161 115 104 230 62 71 135 275 152 131 201 130 143 244 127 273 117 116 129 134 173 104 145 108 
113 72 120 115 106 202 231 224 226 273 223 219 244 191 302 295 246 170 272 320 308 306 126 117 122 313 307 314 299 303 186 206 176 215 134 242 170 295 151 329 208 92 118 300 264 241 213 348 143 241 173 181 260 249 263 167 189 146 272 281 371 177 237 255 287 226 274 208 325 209 212 120 159 144 193 130 179 232 242 268 304 194 163 288 170 85 274 191 170 257 153 181 323 286 240 163 153 317 187 238 255 205 99 318 272 150 311 289 236 314 181 260 195 235 318 309 292 246 294 266 318 74 235 138 238 311 284 260 292 125 289 240 121 299 217 309 279 253 335 129 251 274 185 195 94 183 130 236 279 178 209 89 271 0 150 328 226 166 137 319 272 340 181 249 169 293 269 83 317 264 114 247 210 195 143 276 297 187 139 344 141 257 179 170 295 298 271 252 182 138 145 268 205 158 207 143 171 165 289 354 153 136 331 301 306 138 289 248 286 272 288 235 277 331 194 139 236 144 185 238 259 141 249 230 314 133 115 275 248 214 79 165 267 290 300 313 186 106 305 288 114 362 286 305 158 244 131 306 148 153 140 317 227 268 224 286 358 317 271 275 135 272 197 314 160 261 109 189 212 198 122 284 305 286 166 152 251 186 282 122 319 254 163 297 268 301 246 227 220 114 234 268 256 238 214 245 201 91 292 273 319 200 197 269 153 205 258 149 197 138 140 178 246 262 209 300 279 266 298 238 288 301 230 314 100 269 238 284 280 98 175 292 317 303 258 278 207 339 197 247 113 137 131 150 305 231 268 140 252 207 269 117 74 356 231 258 302 135 163 259 299 307 195 150 289 127 312 118 292 322 228 324 173 163 281 207 281 303 321 319 175 226 281 278 239 268 249 239 269 276 329 139 184 244 276 149 267 310 302 246 321 113 87 345 152 209 256 226 259 281 134 287 171 293 300 321 258 225 290 200 248 247 265 261 88 341 251 190 319 159 277 78 330 130 334 195 241 157 307 277 175 184 309 162 157 263 265 199 270 296 156 319 148 219 127 243 209 205 235 180 292 175 303 163 290 142 259 227 337 211 369 257 196 258 355 253 120 294 285 171 231 252 280 182 323 310 346 309 314 185 260 146 250 287 262 315 114 237 300 277 
51 78 106 53 44 140 169 162 164 211 161 157 182 129 240 233 184 108 210 258 246 244 64 123 60 251 245 252 237 241 172 144 114 201 140 180 176 233 157 267 146 98 124 238 202 179 151 286 81 179 111 119 198 187 201 105 127 84 210 219 309 115 175 193 225 164 212 146 263 147 150 126 97 150 131 116 117 170 180 206 242 132 101 226 176 91 212 129 156 195 91 119 261 224 178 149 139 255 125 176 193 143 105 256 210 156 249 227 174 252 119 198 133 173 256 247 230 184 232 204 256 80 173 124 176 249 222 198 230 63 227 178 59 237 203 247 217 191 273 67 189 212 123 133 100 121 68 174 217 164 195 95 209 150 0 266 164 172 75 257 210 278 119 187 107 231 207 89 255 202 52 185 148 133 81 214 235 125 77 282 127 195 117 156 233 236 209 190 120 76 131 206 143 144 145 129 157 151 227 292 139 74 269 239 244 76 227 186 224 210 226 173 215 269 132 145 174 150 123 176 197 79 187 168 252 119 53 213 186 200 85 151 205 228 238 251 124 112 243 226 52 300 224 243 96 182 117 244 86 91 78 255 165 206 162 224 296 255 209 213 73 210 135 252 98 199 115 127 150 136 60 222 243 224 152 90 189 124 220 60 257 192 149 235 206 239 184 165 158 120 172 206 194 176 152 183 139 97 230 211 257 138 135 207 159 143 196 135 183 76 78 116 184 200 195 238 217 204 236 176 226 239 168 252 106 207 176 222 218 104 113 230 255 241 196 216 193 277 135 185 119 75 137 156 243 169 206 78 190 145 207 55 80 294 169 196 240 121 169 197 237 245 133 156 227 133 250 56 230 260 166 262 111 169 219 145 219 241 259 257 113 164 219 216 177 206 187 177 207 214 267 77 122 182 214 87 205 248 240 184 259 119 93 283 138 195 194 164 197 219 120 225 157 231 238 259 196 163 228 138 186 185 203 199 94 279 189 128 257 145 215 84 268 68 272 133 179 95 245 215 113 122 247 100 143 201 203 137 208 234 142 257 86 205 113 181 147 143 173 166 230 113 241 101 228 80 197 165 275 149 307 195 134 196 293 191 58 232 223 109 169 190 218 168 261 248 284 247 252 123 198 152 188 225 200 253 52 175 238 215 
215 256 270 213 222 126 152 148 150 197 147 143 84 293 226 219 170 268 196 241 232 230 228 301 238 237 231 238 223 227 336 308 292 365 318 163 354 219 335 169 132 276 302 224 188 165 311 272 259 165 289 283 100 170 187 283 287 248 196 202 295 279 161 179 211 150 198 310 249 133 310 304 261 328 309 280 295 156 166 192 228 310 265 209 354 269 198 289 320 97 269 279 247 210 164 313 303 241 289 162 179 321 283 242 196 334 235 213 157 235 279 184 297 159 242 233 216 170 218 190 242 258 159 288 162 151 208 184 213 223 213 164 219 139 367 233 203 177 175 245 175 198 301 293 278 281 228 160 203 328 359 273 195 328 266 0 150 350 239 243 196 180 279 173 267 217 109 267 241 188 230 171 308 293 245 200 221 285 255 268 291 181 277 320 216 138 195 176 284 236 295 192 303 308 131 293 321 315 213 278 303 238 171 225 230 236 213 169 210 196 209 159 201 255 310 323 157 328 283 162 183 257 170 154 238 283 231 115 172 364 263 315 188 130 224 237 288 290 229 212 216 286 210 229 274 168 281 227 246 251 256 241 151 192 148 210 282 241 195 199 251 193 295 238 262 185 293 305 136 300 238 208 145 210 316 254 175 288 122 224 159 94 313 221 108 225 170 151 144 298 155 192 180 162 138 169 299 275 216 197 243 302 295 193 337 129 182 299 347 240 242 280 170 183 359 224 203 190 222 159 212 141 154 238 284 109 162 208 204 282 277 213 241 224 182 202 357 179 295 171 297 239 315 334 229 155 189 242 176 131 193 219 258 280 155 182 223 285 347 180 223 231 311 334 213 311 236 234 132 246 152 164 289 347 205 305 202 227 161 243 273 150 205 202 163 192 89 163 193 197 169 241 300 168 200 251 191 150 142 86 245 297 271 269 302 359 180 150 180 205 284 211 321 217 140 245 98 149 214 302 172 171 189 185 272 265 175 288 243 309 201 262 254 232 258 311 165 259 231 201 277 282 233 278 307 103 186 301 194 220 306 240 264 369 277 167 311 129 159 330 132 277 227 265 214 244 183 151 261 135 293 181 312 182 279 177 218 215 209 287 155 176 204 332 247 231 270 230 238 301 184 330 174 211 102 239 230 161 224 201 
113 154 168 111 120 24 17 2 10 93 3 29 66 191 82 105 68 166 56 106 118 86 126 199 136 133 127 124 119 83 234 206 190 263 216 28 252 105 233 151 30 174 200 120 48 19 209 168 157 63 187 181 82 35 73 181 185 146 82 67 191 177 59 77 97 4 58 208 145 31 208 202 159 226 207 178 193 16 52 90 124 208 163 74 252 167 54 187 218 79 167 177 143 106 24 211 201 95 187 60 35 219 181 138 82 232 131 73 22 100 177 70 195 15 138 119 70 24 116 44 102 156 57 186 48 133 62 82 78 121 109 62 117 121 265 119 101 31 157 143 31 96 199 191 176 179 126 16 101 226 257 171 55 226 164 150 0 248 137 139 82 162 177 27 165 103 91 165 127 74 128 57 206 191 143 86 75 183 153 164 189 79 175 218 81 120 93 32 182 134 193 46 201 206 29 191 219 213 73 174 201 136 153 81 84 134 73 34 70 94 74 15 97 151 208 221 22 226 181 18 37 155 35 8 92 181 129 97 70 262 161 213 53 112 84 93 186 188 125 98 114 182 96 115 172 28 179 92 144 149 154 101 7 46 4 106 178 137 49 53 149 58 193 92 160 39 191 203 34 198 136 94 127 108 214 152 73 186 104 122 141 76 211 75 90 79 56 5 30 196 20 48 36 22 36 29 197 173 102 83 97 200 193 91 235 27 38 197 245 138 140 178 68 48 257 110 99 44 108 24 110 123 14 92 182 91 48 62 60 180 175 78 97 89 80 56 255 161 193 57 195 137 213 232 83 11 54 140 62 29 53 117 156 176 15 42 88 183 245 45 109 85 209 232 73 209 92 132 114 100 6 146 187 245 65 203 67 123 143 103 171 4 91 58 17 90 71 17 53 62 151 139 198 24 56 149 77 132 124 68 141 195 169 165 200 257 36 6 45 91 182 67 219 115 122 99 80 3 74 200 32 69 87 45 170 161 73 186 139 207 57 160 150 130 154 209 63 157 117 61 175 180 87 176 205 85 51 199 48 106 204 105 162 267 175 53 209 27 15 228 114 175 113 163 100 142 81 11 157 33 189 35 210 36 175 33 116 80 69 185 11 36 100 230 101 96 166 95 92 199 82 228 72 65 84 99 128 59 110 57 
135 94 142 137 128 224 253 246 248 295 245 241 266 213 324 317 268 192 294 342 330 328 148 139 144 335 329 336 321 325 208 228 198 237 156 264 192 317 173 351 230 114 140 322 286 263 235 370 165 263 195 203 282 271 285 189 211 168 294 303 393 199 259 277 309 248 296 230 347 231 234 142 181 166 215 152 201 254 264 290 326 216 185 310 192 107 296 213 192 279 175 203 345 308 262 185 175 339 209 260 277 227 121 340 294 172 333 311 258 336 203 282 217 257 340 331 314 268 316 288 340 96 257 160 260 333 306 282 314 147 311 262 143 321 239 331 301 275 357 151 273 296 207 217 116 205 152 258 301 200 231 111 293 166 172 350 248 0 159 341 294 362 203 271 191 315 291 105 339 286 136 269 232 217 165 298 319 209 161 366 163 279 201 192 317 320 293 274 204 160 167 290 227 180 229 165 193 187 311 376 175 158 353 323 328 160 311 270 308 294 310 257 299 353 216 161 258 166 207 260 281 163 271 252 336 155 137 297 270 236 101 187 289 312 322 335 208 128 327 310 136 384 308 327 180 266 153 328 170 175 162 339 249 290 246 308 380 339 293 297 157 294 219 336 182 283 131 211 234 220 144 306 327 308 188 174 273 208 304 144 341 276 185 319 290 323 268 249 242 136 256 290 278 260 236 267 223 113 314 295 341 222 219 291 175 227 280 171 219 160 162 200 268 284 231 322 301 288 320 260 310 323 252 336 122 291 260 306 302 120 197 314 339 325 280 300 229 361 219 269 135 159 153 172 327 253 290 162 274 229 291 139 96 378 253 280 324 157 185 281 321 329 217 172 311 149 334 140 314 344 250 346 195 185 303 229 303 325 343 341 197 248 303 300 261 290 271 261 291 298 351 161 206 266 298 171 289 332 324 268 343 135 109 367 174 231 278 248 281 303 156 309 193 315 322 343 280 247 312 222 270 269 287 283 110 363 273 212 341 181 299 100 352 152 356 217 263 179 329 299 197 206 331 184 179 285 287 221 292 318 178 341 170 241 149 265 231 227 257 202 314 197 325 185 312 164 281 249 359 233 391 279 218 280 377 275 142 316 307 193 253 274 302 204 345 332 368 331 336 207 282 168 272 309 284 337 136 259 322 299 
24 65 83 26 31 113 142 135 137 184 134 130 155 102 213 206 157 81 183 231 219 217 37 110 47 224 218 225 210 214 149 117 101 178 127 153 163 206 144 240 119 85 111 211 175 152 124 259 68 152 98 92 171 160 174 92 100 57 183 192 282 88 148 166 198 137 185 119 236 120 123 113 70 137 118 93 104 143 153 179 215 119 74 199 163 78 185 102 133 168 78 92 234 197 151 126 116 228 98 149 166 130 92 229 183 143 222 200 147 225 92 171 106 146 229 220 203 157 205 177 229 67 146 101 149 222 195 171 203 36 200 151 32 210 180 220 190 164 246 54 162 185 110 106 87 94 41 147 190 141 172 82 182 137 75 239 137 159 0 230 183 251 92 160 80 204 180 76 228 175 39 158 121 106 54 187 208 98 64 255 104 168 90 133 206 209 182 163 93 49 108 179 116 121 118 106 134 128 200 265 116 47 242 212 217 49 200 159 197 183 199 146 188 242 119 132 147 137 96 149 170 66 160 141 225 96 40 186 159 177 72 128 178 201 211 224 97 99 216 199 25 273 197 216 83 155 94 217 59 64 65 228 138 179 135 197 269 228 182 186 60 183 108 225 71 172 102 114 123 109 47 195 216 197 129 63 162 97 193 33 230 165 126 208 179 212 157 138 131 107 145 179 167 149 125 156 112 84 203 184 230 111 108 180 146 116 169 112 160 49 51 89 157 173 172 211 190 177 209 149 199 212 141 225 93 180 149 195 191 91 86 203 228 214 169 189 170 250 108 158 106 48 124 143 216 142 179 51 163 118 180 28 67 267 142 169 213 98 156 170 210 218 120 143 200 120 223 43 203 233 139 235 98 156 192 118 192 214 232 230 86 137 192 189 150 179 160 150 180 187 240 50 109 155 187 60 178 221 213 157 232 106 80 256 115 172 167 137 170 192 97 198 134 204 211 232 169 136 201 111 159 158 176 172 81 252 162 101 230 122 188 71 241 41 245 120 152 68 218 188 86 95 220 87 120 174 176 110 181 207 119 230 73 182 90 154 120 116 146 143 203 86 214 74 201 53 170 138 248 122 280 168 121 169 266 164 31 205 196 96 142 163 191 145 234 221 257 220 225 110 171 139 161 198 173 226 39 148 211 188 
206 247 261 204 213 117 122 137 129 46 138 134 159 284 217 210 161 259 175 211 223 221 219 292 229 86 80 229 72 218 327 299 283 356 309 133 345 210 326 244 123 267 293 73 167 154 302 121 250 156 280 274 175 140 178 274 278 239 187 172 144 270 152 170 202 139 177 301 98 124 301 295 252 319 300 271 286 135 157 183 77 301 256 179 345 260 189 280 311 172 260 270 96 59 143 304 294 230 280 153 170 312 274 91 187 325 84 192 127 205 270 175 288 150 91 224 205 159 209 179 221 249 150 279 153 226 197 175 183 214 62 155 210 214 358 224 194 166 250 236 166 189 292 284 269 272 219 151 194 319 350 264 174 319 257 243 139 341 230 0 187 255 270 162 258 208 184 258 232 179 221 162 299 284 236 191 210 276 246 117 282 172 268 311 186 213 186 167 275 227 286 181 294 299 122 284 312 306 192 127 294 229 246 216 219 227 192 139 189 187 179 150 50 104 301 314 127 319 274 153 172 248 140 143 227 274 222 190 163 355 254 306 158 205 203 228 279 281 78 203 207 135 201 220 265 147 272 197 237 242 247 220 142 181 139 59 131 90 184 188 242 163 286 227 253 174 284 296 127 291 229 199 220 201 307 245 166 279 197 215 234 169 304 210 183 214 161 140 135 289 125 183 171 141 129 148 290 266 207 188 232 293 286 184 328 120 173 290 338 231 233 271 161 153 350 215 52 179 213 129 203 216 133 227 275 184 153 197 195 273 268 183 232 194 173 191 348 254 286 162 288 230 306 325 218 146 159 233 167 122 172 210 249 129 134 161 193 276 338 150 214 220 302 325 192 302 227 225 207 235 141 239 280 338 184 296 172 76 236 222 264 139 196 193 152 183 164 152 172 167 244 232 291 159 191 242 182 225 217 161 94 288 262 118 293 350 171 141 150 196 275 202 312 208 215 234 173 138 193 293 151 162 180 164 263 114 166 279 92 300 192 253 103 223 107 302 156 250 222 180 268 273 222 269 298 178 156 292 183 211 297 210 255 360 268 158 302 120 150 321 207 268 218 256 205 235 174 130 110 126 142 170 303 171 128 168 209 185 188 278 146 155 53 323 236 201 119 200 227 292 175 321 165 200 177 218 221 152 215 192 
159 200 214 157 166 70 65 80 72 141 81 53 112 237 160 129 114 212 118 154 142 164 172 245 182 181 175 148 167 161 280 252 236 309 262 76 298 129 279 197 76 220 246 168 110 97 255 216 203 109 233 227 128 83 97 227 231 192 106 115 239 223 105 123 121 82 120 254 193 77 254 248 205 272 253 224 239 78 76 136 172 254 209 122 298 213 132 233 264 125 213 223 191 154 86 257 247 173 233 106 113 265 227 186 106 278 179 135 70 148 223 94 241 93 186 143 148 102 162 122 164 202 103 232 72 179 140 128 126 167 157 108 163 167 311 143 147 109 203 189 109 142 245 237 222 225 172 94 147 272 303 217 117 272 210 196 82 294 183 187 0 208 223 105 211 127 137 211 151 98 174 81 252 237 189 110 153 229 199 212 235 125 221 264 129 166 139 110 228 180 239 124 247 252 75 237 265 259 135 222 247 182 199 159 162 180 135 82 132 140 122 93 145 199 254 267 70 272 227 96 115 201 83 86 170 227 175 143 116 308 207 259 101 158 146 171 232 234 173 122 160 230 120 139 218 90 225 140 190 195 200 163 85 124 82 154 226 185 127 131 195 106 239 170 206 117 237 249 80 244 182 118 173 154 260 198 119 232 150 168 187 122 257 153 136 157 80 83 54 242 68 126 114 84 82 91 243 219 126 107 175 246 239 137 281 73 116 243 291 184 186 224 114 96 303 134 147 122 132 72 156 169 76 170 228 137 72 140 138 226 221 126 175 137 126 134 301 207 239 81 241 183 259 278 161 89 102 186 86 75 115 163 202 224 77 104 136 229 291 93 133 163 255 278 135 255 170 178 160 178 84 192 233 291 127 249 115 171 189 165 217 82 115 136 95 136 117 95 115 110 197 185 244 102 134 195 101 178 170 114 189 241 215 213 246 303 114 84 93 115 228 145 265 161 168 177 126 81 136 246 94 115 133 107 216 209 119 232 187 253 135 206 198 176 202 255 109 203 141 123 221 226 165 222 251 131 99 245 126 130 250 153 208 313 221 77 255 73 93 274 160 221 137 209 124 188 127 73 205 79 237 113 256 114 223 111 162 128 131 231 89 98 148 276 179 144 214 143 170 245 128 274 118 143 130 161 174 105 134 135 
227 268 282 225 234 138 164 160 162 209 159 155 96 305 238 231 182 280 208 253 244 242 240 313 250 249 243 250 235 239 348 320 304 377 330 175 366 231 347 181 144 288 314 236 200 177 323 284 271 177 301 295 112 182 199 295 299 260 208 214 307 291 173 191 223 162 210 322 261 145 322 316 273 340 321 292 307 168 178 204 240 322 277 221 366 281 210 301 332 109 281 291 259 222 176 325 315 253 301 174 191 333 295 254 208 346 247 225 169 247 291 196 309 171 254 245 228 182 230 202 254 270 171 300 174 163 220 196 225 235 225 176 231 151 379 245 215 189 187 257 187 210 313 305 290 293 240 172 215 340 371 285 207 340 278 180 162 362 251 255 208 0 291 185 279 229 121 279 253 200 242 183 320 305 257 212 233 297 267 280 303 193 289 332 228 150 207 188 296 248 307 204 315 320 143 305 333 327 225 290 315 250 183 237 242 248 225 181 222 208 221 171 213 267 322 335 169 340 295 174 195 269 182 166 250 295 243 127 184 376 275 327 200 142 236 249 300 302 241 224 228 298 222 241 286 180 293 239 258 263 268 253 163 204 160 222 294 253 207 211 263 205 307 250 274 197 305 317 148 312 250 220 157 222 328 266 187 300 134 236 171 106 325 233 120 237 182 163 156 310 167 204 192 174 150 181 311 287 228 209 255 314 307 205 349 141 194 311 359 252 254 292 182 195 371 236 215 202 234 171 224 153 166 250 296 121 174 220 216 294 289 225 253 236 194 214 369 191 307 183 309 251 327 346 241 167 201 254 188 143 205 231 270 292 167 194 235 297 359 192 235 243 323 346 225 323 248 246 144 258 164 176 301 359 217 317 214 239 173 255 285 162 217 214 175 204 101 175 205 209 181 253 312 180 212 263 203 162 154 98 257 309 283 281 314 371 192 162 192 217 296 223 333 229 152 257 110 161 226 314 184 183 201 197 284 277 187 300 255 321 213 274 266 244 270 323 177 271 243 213 289 294 245 290 319 115 198 313 206 232 318 252 276 381 289 179 323 141 171 342 144 289 239 277 226 256 195 163 273 147 305 193 324 194 291 189 230 227 221 299 167 188 216 344 259 243 282 242 250 313 196 342 186 223 114 251 242 173 236 213 
68 109 123 66 75 153 182 175 177 224 174 170 195 146 253 246 197 121 223 271 259 257 81 154 91 264 258 265 250 254 189 161 145 218 171 193 207 246 188 280 159 129 155 251 215 192 164 299 112 192 142 136 211 200 214 136 140 101 223 232 322 132 188 206 238 177 225 163 276 160 163 157 114 181 162 133 148 183 193 219 255 163 118 239 207 122 225 142 173 208 122 132 274 237 191 166 156 268 142 189 206 174 136 269 223 187 262 240 187 265 132 211 150 186 269 260 243 197 245 217 269 111 186 141 189 262 235 211 243 76 240 191 72 250 220 260 230 204 286 98 202 225 154 146 131 134 81 187 230 181 212 126 222 181 119 279 177 203 92 270 223 291 0 200 120 244 220 120 268 215 83 198 161 146 98 227 248 138 108 295 144 208 130 173 246 249 222 203 137 89 148 219 156 161 158 146 174 168 240 305 156 91 282 252 257 89 240 199 237 223 239 186 228 282 163 176 187 181 136 189 210 110 200 181 265 136 84 226 199 217 116 168 218 241 251 264 141 143 256 239 69 313 237 256 127 195 134 257 99 104 109 268 178 219 175 237 309 268 222 226 104 223 148 265 115 212 146 158 163 153 91 235 256 237 169 107 202 141 233 77 270 205 166 248 219 252 197 178 171 151 185 219 207 189 165 196 152 128 243 224 270 155 148 220 190 156 209 152 200 93 95 133 197 213 212 251 230 217 249 189 239 252 181 265 137 220 189 235 231 135 130 243 268 254 209 229 210 290 148 198 150 92 168 187 256 182 219 95 203 158 220 72 111 307 182 209 253 138 200 210 250 258 164 187 240 164 263 87 243 273 179 275 142 200 232 158 232 254 272 270 126 177 232 229 190 219 200 190 220 227 280 94 153 195 227 104 218 261 253 197 272 150 124 296 155 212 207 177 210 232 137 238 174 244 251 272 209 176 241 155 199 198 216 212 125 292 202 141 270 162 228 115 281 85 285 164 192 112 258 228 130 135 260 131 160 214 216 154 221 247 159 270 117 222 130 194 164 156 186 183 243 130 254 118 241 97 210 178 288 162 320 208 165 209 306 204 71 245 236 140 182 203 231 185 274 261 297 260 265 154 211 183 201 238 213 266 83 188 251 228 
136 177 191 134 143 47 40 25 33 116 26 52 89 214 105 128 91 189 79 129 141 109 149 222 159 156 150 147 142 106 257 229 213 286 239 51 275 128 256 174 53 197 223 143 71 42 232 191 180 86 210 204 105 58 96 204 208 169 105 90 214 200 82 100 120 27 81 231 168 54 231 225 182 249 230 201 216 39 75 113 147 231 186 97 275 190 77 210 241 102 190 200 166 129 47 234 224 118 210 83 58 242 204 161 105 255 154 96 45 123 200 93 218 38 161 142 93 47 139 67 125 179 80 209 71 156 85 105 101 144 132 85 140 144 288 142 124 54 180 166 54 119 222 214 199 202 149 39 124 249 280 194 78 249 187 173 27 271 160 162 105 185 200 0 188 126 114 188 150 97 151 80 229 214 166 109 98 206 176 187 212 102 198 241 104 143 116 55 205 157 216 69 224 229 52 214 242 236 96 197 224 159 176 104 107 157 96 57 93 117 97 38 120 174 231 244 45 249 204 41 60 178 58 31 115 204 152 120 93 285 184 236 76 135 107 116 209 211 148 121 137 205 119 138 195 51 202 115 167 172 177 124 30 69 27 129 201 160 72 76 172 81 216 115 183 62 214 226 57 221 159 117 150 131 237 175 96 209 127 145 164 99 234 98 113 102 79 28 53 219 43 71 59 45 59 52 220 196 125 106 120 223 216 114 258 50 61 220 268 161 163 201 91 71 280 133 122 67 131 47 133 146 37 115 205 114 71 85 83 203 198 101 120 112 103 79 278 184 216 80 218 160 236 255 106 34 77 163 85 52 76 140 179 199 38 65 111 206 268 68 132 108 232 255 96 232 115 155 137 123 29 169 210 268 88 226 90 146 166 126 194 27 114 81 40 113 94 40 76 85 174 162 221 47 79 172 100 155 147 91 164 218 192 188 223 280 59 29 68 114 205 90 242 138 145 122 103 26 97 223 55 92 110 68 193 184 96 209 162 230 80 183 173 153 177 232 86 180 140 84 198 203 110 199 228 108 74 222 71 129 227 128 185 290 198 76 232 50 38 251 137 198 136 186 123 165 104 34 180 56 212 58 233 59 198 56 139 103 92 208 34 59 123 253 124 119 189 118 115 222 105 251 95 88 107 122 151 82 133 80 
56 97 111 54 63 141 170 163 165 212 162 158 183 134 241 234 185 109 211 259 247 245 69 142 79 252 246 253 238 242 177 149 133 206 159 181 195 234 176 268 147 117 143 239 203 180 152 287 100 180 130 124 199 188 202 124 128 89 211 220 310 120 176 194 226 165 213 151 264 148 151 145 102 169 150 121 136 171 181 207 243 151 106 227 195 110 213 130 161 196 110 120 262 225 179 154 144 256 130 177 194 162 124 257 211 175 250 228 175 253 120 199 138 174 257 248 231 185 233 205 257 99 174 129 177 250 223 199 231 64 228 179 60 238 208 248 218 192 274 86 190 213 142 134 119 122 69 175 218 169 200 114 210 169 107 267 165 191 80 258 211 279 120 188 0 232 208 108 256 203 71 186 149 134 86 215 236 126 96 283 132 196 118 161 234 237 210 191 125 77 136 207 144 149 146 134 162 156 228 293 144 79 270 240 245 77 228 187 225 211 227 174 216 270 151 164 175 169 124 177 198 98 188 169 253 124 72 214 187 205 104 156 206 229 239 252 129 131 244 227 57 301 225 244 115 183 122 245 87 92 97 256 166 207 163 225 297 256 210 214 92 211 136 253 103 200 134 146 151 141 79 223 244 225 157 95 190 129 221 65 258 193 154 236 207 240 185 166 159 139 173 207 195 177 153 184 140 116 231 212 258 143 136 208 178 144 197 140 188 81 83 121 185 201 200 239 218 205 237 177 227 240 169 253 125 208 177 223 219 123 118 231 256 242 197 217 198 278 136 186 138 80 156 175 244 170 207 83 191 146 208 60 99 295 170 197 241 126 188 198 238 246 152 175 228 152 251 75 231 261 167 263 130 188 220 146 220 242 260 258 114 165 220 217 178 207 188 178 208 215 268 82 141 183 215 92 206 249 241 185 260 138 112 284 143 200 195 165 198 220 125 226 162 232 239 260 197 164 229 143 187 186 204 200 113 280 190 129 258 150 216 103 269 73 273 152 180 100 246 216 118 123 248 119 148 202 204 142 209 235 147 258 105 210 118 182 152 144 174 171 231 118 242 106 229 85 198 166 276 150 308 196 153 197 294 192 59 233 224 128 170 191 219 173 262 249 285 248 253 142 199 171 189 226 201 254 71 176 239 216 
180 221 235 178 187 91 86 101 93 162 102 74 133 258 181 150 135 233 139 175 163 185 193 266 203 202 196 169 188 182 301 273 257 330 283 97 319 150 300 218 97 241 267 189 131 118 276 237 224 130 254 248 149 104 118 248 252 213 127 136 260 244 126 144 142 103 141 275 214 98 275 269 226 293 274 245 260 99 97 157 193 275 230 143 319 234 153 254 285 146 234 244 212 175 107 278 268 194 254 127 134 286 248 207 127 299 200 156 91 169 244 115 262 114 207 164 169 123 183 143 185 223 124 253 93 200 161 149 147 188 178 129 184 188 332 164 168 130 224 210 130 163 266 258 243 246 193 115 168 293 324 238 138 293 231 217 103 315 204 208 127 229 244 126 232 0 158 232 172 119 195 102 273 258 210 131 174 250 220 233 256 146 242 285 150 187 160 131 249 201 260 145 268 273 96 258 286 280 156 243 268 203 220 180 183 201 156 103 153 161 143 114 166 220 275 288 91 293 248 117 136 222 104 107 191 248 196 164 137 329 228 280 122 179 167 192 253 255 194 143 181 251 141 160 239 111 246 161 211 216 221 184 106 145 103 175 247 206 148 152 216 127 260 191 227 138 258 270 101 265 203 139 194 175 281 219 140 253 171 189 208 143 278 174 157 178 101 104 75 263 89 147 135 105 103 112 264 240 147 128 196 267 260 158 302 94 137 264 312 205 207 245 135 117 324 155 168 143 153 93 177 190 97 191 249 158 93 161 159 247 242 147 196 158 147 155 322 228 260 102 262 204 280 299 182 110 123 207 107 96 136 184 223 245 98 125 157 250 312 114 154 184 276 299 156 276 191 199 181 199 105 213 254 312 148 270 136 192 210 186 238 103 136 157 116 157 138 116 136 131 218 206 265 123 155 216 122 199 191 135 210 262 236 234 267 324 135 105 114 136 249 166 286 182 189 198 147 102 157 267 115 136 154 128 237 230 140 253 208 274 156 227 219 197 223 276 130 224 162 144 242 247 186 243 272 152 120 266 147 151 271 174 229 334 242 98 276 94 114 295 181 242 158 230 145 209 148 94 226 100 258 134 277 135 244 132 183 149 152 252 110 119 169 297 200 165 235 164 191 266 149 295 139 164 151 182 195 126 155 156 
156 197 211 154 163 67 93 89 91 138 88 84 25 234 167 160 111 209 137 182 173 171 169 242 179 178 172 179 164 168 277 249 233 306 259 104 295 160 276 110 73 217 243 165 129 106 252 213 200 106 230 224 41 111 128 224 228 189 137 143 236 220 102 120 152 91 139 251 190 74 251 245 202 269 250 221 236 97 107 133 169 251 206 150 295 210 139 230 261 38 210 220 188 151 105 254 244 182 230 103 120 262 224 183 137 275 176 154 98 176 220 125 238 100 183 174 157 111 159 131 183 199 100 229 103 92 149 125 154 164 154 105 160 80 308 174 144 118 116 186 116 139 242 234 219 222 169 101 144 269 300 214 136 269 207 109 91 291 180 184 137 121 220 114 208 158 0 208 182 129 171 112 249 234 186 141 162 226 196 209 232 122 218 261 157 79 136 117 225 177 236 133 244 249 72 234 262 256 154 219 244 179 112 166 171 177 154 110 151 137 150 100 142 196 251 264 98 269 224 103 124 198 111 95 179 224 172 56 113 305 204 256 129 71 165 178 229 231 170 153 157 227 151 170 215 109 222 168 187 192 197 182 92 133 89 151 223 182 136 140 192 134 236 179 203 126 234 246 77 241 179 149 86 151 257 195 116 229 63 165 100 35 254 162 49 166 111 92 85 239 96 133 121 103 79 110 240 216 157 138 184 243 236 134 278 70 123 240 288 181 183 221 111 124 300 165 144 131 163 100 153 82 95 179 225 50 103 149 145 223 218 154 182 165 123 143 298 120 236 112 238 180 256 275 170 96 130 183 117 72 134 160 199 221 96 123 164 226 288 121 164 172 252 275 154 252 177 175 73 187 93 105 230 288 146 246 143 168 102 184 214 91 146 143 104 133 30 104 134 138 110 182 241 109 141 192 132 91 83 27 186 238 212 210 243 300 121 91 121 146 225 152 262 158 81 186 39 90 155 243 113 112 130 126 213 206 116 229 184 250 142 203 195 173 199 252 106 200 172 142 218 223 174 219 248 44 127 242 135 161 247 181 205 310 218 108 252 70 100 271 73 218 168 206 155 185 124 92 202 76 234 122 253 123 220 118 159 156 150 228 96 117 145 273 188 172 211 171 179 242 125 271 115 152 43 180 171 102 165 142 
52 11 59 54 45 141 170 163 165 212 162 158 183 130 241 234 185 109 211 259 247 245 65 56 61 252 246 253 238 242 125 145 115 154 73 181 109 234 90 268 147 31 57 239 203 180 152 287 82 180 112 120 199 188 202 106 128 85 211 220 310 116 176 194 226 165 213 147 264 148 151 59 98 83 132 69 118 171 181 207 243 133 102 227 109 24 213 130 109 196 92 120 262 225 179 102 92 256 126 177 194 144 38 257 211 89 250 228 175 253 120 199 134 174 257 248 231 185 233 205 257 13 174 77 177 250 223 199 231 64 228 179 60 238 156 248 218 192 274 68 190 213 124 134 33 122 69 175 218 117 148 28 210 83 89 267 165 105 76 258 211 279 120 188 108 232 208 0 256 203 53 186 149 134 82 215 236 126 78 283 80 196 118 109 234 237 210 191 121 77 84 207 144 97 146 82 110 104 228 293 92 75 270 240 245 77 228 187 225 211 227 174 216 270 133 78 175 83 124 177 198 80 188 169 253 72 54 214 187 153 18 104 206 229 239 252 125 45 244 227 53 301 225 244 97 183 70 245 87 92 79 256 166 207 163 225 297 256 210 214 74 211 136 253 99 200 48 128 151 137 61 223 244 225 105 91 190 125 221 61 258 193 102 236 207 240 185 166 159 53 173 207 195 177 153 184 140 30 231 212 258 139 136 208 92 144 197 88 136 77 79 117 185 201 148 239 218 205 237 177 227 240 169 253 39 208 177 223 219 37 114 231 256 242 197 217 146 278 136 186 52 76 70 89 244 170 207 79 191 146 208 56 13 295 170 197 241 74 102 198 238 246 134 89 228 66 251 57 231 261 167 263 112 102 220 146 220 242 260 258 114 165 220 217 178 207 188 178 208 215 268 78 123 183 215 88 206 249 241 185 260 52 26 284 91 148 195 165 198 220 73 226 110 232 239 260 197 164 229 139 187 186 204 200 27 280 190 129 258 98 216 17 269 69 273 134 180 96 246 216 114 123 248 101 96 202 204 138 209 235 95 258 87 158 66 182 148 144 174 119 231 114 242 102 229 81 198 166 276 150 308 196 135 197 294 192 59 233 224 110 170 191 219 121 262 249 285 248 253 124 199 85 189 226 201 254 53 176 239 216 
204 245 259 202 211 115 110 125 117 186 126 98 157 282 205 174 159 257 163 199 187 209 217 290 227 226 220 193 212 206 325 297 281 354 307 121 343 174 324 242 121 265 291 213 155 142 300 261 248 154 278 272 173 128 142 272 276 237 151 160 284 268 150 168 166 127 165 299 238 122 299 293 250 317 298 269 284 123 121 181 217 299 254 167 343 258 177 278 309 170 258 268 236 199 131 302 292 218 278 151 158 310 272 231 151 323 224 180 115 193 268 139 286 138 231 188 193 147 207 167 209 247 148 277 117 224 185 173 171 212 202 153 208 212 356 188 192 154 248 234 154 187 290 282 267 270 217 139 192 317 348 262 162 317 255 241 127 339 228 232 151 253 268 150 256 172 182 256 0 143 219 126 297 282 234 155 198 274 244 257 280 170 266 309 174 211 184 155 273 225 284 169 292 297 120 282 310 304 180 267 292 227 244 204 207 225 180 127 177 185 167 138 190 244 299 312 115 317 272 141 160 246 128 131 215 272 220 188 161 353 252 304 146 203 191 216 277 279 218 167 205 275 165 184 263 135 270 185 235 240 245 208 130 169 127 199 271 230 172 176 240 151 284 215 251 162 282 294 125 289 227 163 218 199 305 243 164 277 195 213 232 167 302 198 181 202 125 128 99 287 113 171 159 129 127 136 288 264 171 152 220 291 284 182 326 118 161 288 336 229 231 269 159 141 348 179 192 167 177 117 201 214 121 215 273 182 117 185 183 271 266 171 220 182 171 179 346 252 284 126 286 228 304 323 206 134 147 231 131 120 160 208 247 269 122 149 181 274 336 138 178 208 300 323 180 300 215 223 205 223 129 237 278 336 172 294 160 216 234 210 262 127 160 181 140 181 162 140 160 155 242 230 289 147 179 240 146 223 215 159 234 286 260 258 291 348 159 129 138 160 273 190 310 206 213 222 171 126 181 291 139 160 178 152 261 254 164 277 232 298 180 251 243 221 247 300 154 248 186 168 266 271 210 267 296 176 144 290 171 175 295 198 253 358 266 122 300 118 138 319 205 266 182 254 169 233 172 118 250 124 282 158 301 159 268 156 207 173 176 276 134 143 193 321 224 189 259 188 215 290 173 319 163 188 175 206 219 150 179 180 
151 192 206 149 158 62 57 72 64 133 73 45 104 229 152 121 106 204 110 146 134 156 164 237 174 173 167 140 159 153 272 244 228 301 254 68 290 121 271 189 68 212 238 160 102 89 247 208 195 101 225 219 120 75 89 219 223 184 98 107 231 215 97 115 113 74 112 246 185 69 246 240 197 264 245 216 231 70 68 128 164 246 201 114 290 205 124 225 256 117 205 215 183 146 78 249 239 165 225 98 105 257 219 178 98 270 171 127 62 140 215 86 233 85 178 135 140 94 154 114 156 194 95 224 64 171 132 120 118 159 149 100 155 159 303 135 139 101 195 181 101 134 237 229 214 217 164 86 139 264 295 209 109 264 202 188 74 286 175 179 98 200 215 97 203 119 129 203 143 0 166 73 244 229 181 102 145 221 191 204 227 117 213 256 121 158 131 102 220 172 231 116 239 244 67 229 257 251 127 214 239 174 191 151 154 172 127 74 124 132 114 85 137 191 246 259 62 264 219 88 107 193 75 78 162 219 167 135 108 300 199 251 93 150 138 163 224 226 165 114 152 222 112 131 210 82 217 132 182 187 192 155 77 116 74 146 218 177 119 123 187 98 231 162 198 109 229 241 72 236 174 110 165 146 252 190 111 224 142 160 179 114 249 145 128 149 72 75 46 234 60 118 106 76 74 83 235 211 118 99 167 238 231 129 273 65 108 235 283 176 178 216 106 88 295 126 139 114 124 64 148 161 68 162 220 129 64 132 130 218 213 118 167 129 118 126 293 199 231 73 233 175 251 270 153 81 94 178 78 67 107 155 194 216 69 96 128 221 283 85 125 155 247 270 127 247 162 170 152 170 76 184 225 283 119 241 107 163 181 157 209 74 107 128 87 128 109 87 107 102 189 177 236 94 126 187 93 170 162 106 181 233 207 205 238 295 106 76 85 107 220 137 257 153 160 169 118 73 128 238 86 107 125 99 208 201 111 224 179 245 127 198 190 168 194 247 101 195 133 115 213 218 157 214 243 123 91 237 118 122 242 145 200 305 213 69 247 65 85 266 152 213 129 201 116 180 119 65 197 71 229 105 248 106 215 103 154 120 123 223 81 90 140 268 171 136 206 135 162 237 120 266 110 135 122 153 166 97 126 127 
15 42 70 17 8 104 133 126 128 175 125 121 146 93 204 197 148 72 174 222 210 208 28 87 24 215 209 216 201 205 136 108 78 165 104 144 140 197 121 231 110 62 88 202 166 143 115 250 45 143 75 83 162 151 165 69 91 48 174 183 273 79 139 157 189 128 176 110 227 111 114 90 61 114 95 80 81 134 144 170 206 96 65 190 140 55 176 93 120 159 55 83 225 188 142 113 103 219 89 140 157 107 69 220 174 120 213 191 138 216 83 162 97 137 220 211 194 148 196 168 220 44 137 88 140 213 186 162 194 27 191 142 23 201 167 211 181 155 237 31 153 176 87 97 64 85 32 138 181 128 159 59 173 114 52 230 128 136 39 221 174 242 83 151 71 195 171 53 219 166 0 149 112 97 45 178 199 89 41 246 91 159 81 120 197 200 173 154 84 40 95 170 107 108 109 93 121 115 191 256 103 38 233 203 208 40 191 150 188 174 190 137 179 233 96 109 138 114 87 140 161 43 151 132 216 83 17 177 150 164 49 115 169 192 202 215 88 76 207 190 16 264 188 207 60 146 81 208 50 55 42 219 129 170 126 188 260 219 173 177 37 174 99 216 62 163 79 91 114 100 24 186 207 188 116 54 153 88 184 24 221 156 113 199 170 203 148 129 122 84 136 170 158 140 116 147 103 61 194 175 221 102 99 171 123 107 160 99 147 40 42 80 148 164 159 202 181 168 200 140 190 203 132 216 70 171 140 186 182 68 77 194 219 205 160 180 157 241 99 149 83 39 101 120 207 133 170 42 154 109 171 19 44 258 133 160 204 85 133 161 201 209 97 120 191 97 214 20 194 224 130 226 75 133 183 109 183 205 223 221 77 128 183 180 141 170 151 141 171 178 231 41 86 146 178 51 169 212 204 148 223 83 57 247 102 159 158 128 161 183 84 189 121 195 202 223 160 127 192 102 150 149 167 163 58 243 153 92 221 109 179 48 232 32 236 97 143 59 209 179 77 86 211 64 107 165 167 101 172 198 106 221 50 169 77 145 111 107 137 130 194 77 205 65 192 44 161 129 239 113 271 159 98 160 257 155 22 196 187 73 133 154 182 132 225 212 248 211 216 87 162 116 152 189 164 217 16 139 202 179 
134 175 189 132 141 45 40 55 47 116 56 28 87 212 135 104 89 187 93 129 117 139 147 220 157 156 150 123 142 136 255 227 211 284 237 51 273 104 254 172 51 195 221 143 85 72 230 191 178 84 208 202 103 58 72 202 206 167 81 90 214 198 80 98 96 57 95 229 168 52 229 223 180 247 228 199 214 53 51 111 147 229 184 97 273 188 107 208 239 100 188 198 166 129 61 232 222 148 208 81 88 240 202 161 81 253 154 110 45 123 198 69 216 68 161 118 123 77 137 97 139 177 78 207 47 154 115 103 101 142 132 83 138 142 286 118 122 84 178 164 84 117 220 212 197 200 147 69 122 247 278 192 92 247 185 171 57 269 158 162 81 183 198 80 186 102 112 186 126 73 149 0 227 212 164 85 128 204 174 187 210 100 196 239 104 141 114 85 203 155 214 99 222 227 50 212 240 234 110 197 222 157 174 134 137 155 110 57 107 115 97 68 120 174 229 242 45 247 202 71 90 176 58 61 145 202 150 118 91 283 182 234 76 133 121 146 207 209 148 97 135 205 95 114 193 65 200 115 165 170 175 138 60 99 57 129 201 160 102 106 170 81 214 145 181 92 212 224 55 219 157 93 148 129 235 173 94 207 125 143 162 97 232 128 111 132 55 58 29 217 43 101 89 59 57 66 218 194 101 82 150 221 214 112 256 48 91 218 266 159 161 199 89 71 278 109 122 97 107 47 131 144 51 145 203 112 47 115 113 201 196 101 150 112 101 109 276 182 214 56 216 158 234 253 136 64 77 161 61 50 90 138 177 199 52 79 111 204 266 68 108 138 230 253 110 230 145 153 135 153 59 167 208 266 102 224 90 146 164 140 192 57 90 111 70 111 92 70 90 85 172 160 219 77 109 170 76 153 145 89 164 216 190 188 221 278 89 59 68 90 203 120 240 136 143 152 101 56 111 221 69 90 108 82 191 184 94 207 162 228 110 181 173 151 177 230 84 178 116 98 196 201 140 197 226 106 74 220 101 105 225 128 183 288 196 52 230 48 68 249 135 196 112 184 99 163 102 48 180 54 212 88 231 89 198 86 137 103 106 206 64 73 123 251 154 119 189 118 145 220 103 249 93 118 105 136 149 80 109 110 
97 138 152 95 104 182 211 204 206 253 203 199 224 175 282 275 226 150 252 300 288 286 110 183 120 293 287 294 279 283 218 190 174 247 200 222 236 275 217 309 188 158 184 280 244 221 193 328 141 221 171 165 240 229 243 165 169 130 252 261 351 161 217 235 267 206 254 192 305 189 192 186 143 210 191 162 177 212 222 248 284 192 147 268 236 151 254 171 202 237 151 161 303 266 220 195 185 297 171 218 235 203 165 298 252 216 291 269 216 294 161 240 179 215 298 289 272 226 274 246 298 140 215 170 218 291 264 240 272 105 269 220 101 279 249 289 259 233 315 127 231 254 183 175 160 163 110 216 259 210 241 155 251 210 148 308 206 232 121 299 252 320 161 229 149 273 249 149 297 244 112 227 0 175 127 256 277 167 137 324 173 237 159 202 275 278 251 232 166 118 177 248 185 190 187 175 203 197 269 334 185 120 311 281 286 118 269 228 266 252 268 215 257 311 192 205 216 210 165 218 239 139 229 210 294 165 113 255 228 246 145 197 247 270 280 293 170 172 285 268 98 342 266 285 156 224 163 286 128 133 138 297 207 248 204 266 338 297 251 255 133 252 177 294 144 241 175 187 192 182 120 264 285 266 198 136 231 170 262 106 299 234 195 277 248 281 226 207 200 180 214 248 236 218 194 225 181 157 272 253 299 184 177 249 219 185 238 181 229 122 124 162 226 242 241 280 259 246 278 218 268 281 210 294 166 249 218 264 260 164 159 272 297 283 238 258 239 319 177 227 179 121 197 216 285 211 248 124 232 187 249 101 140 336 211 238 282 167 229 239 279 287 193 216 269 193 292 116 272 302 208 304 171 229 261 187 261 283 301 299 155 206 261 258 219 248 229 219 249 256 309 123 182 224 256 133 247 290 282 226 301 179 153 325 184 241 236 206 239 261 166 267 203 273 280 301 238 205 270 184 228 227 245 241 154 321 231 170 299 191 257 144 310 114 314 193 221 141 287 257 159 164 289 160 189 243 245 183 250 276 188 299 146 251 159 223 193 185 215 212 272 159 283 147 270 126 239 207 317 191 349 237 194 238 335 233 100 274 265 169 211 232 260 214 303 290 326 289 294 183 240 212 230 267 242 295 112 217 280 257 
82 123 137 80 89 167 196 189 191 238 188 184 209 160 267 260 211 135 237 285 273 271 95 168 105 278 272 279 264 268 203 175 159 232 185 207 221 260 202 294 173 143 169 265 229 206 178 313 126 206 156 150 225 214 228 150 154 115 237 246 336 146 202 220 252 191 239 177 290 174 177 171 128 195 176 147 162 197 207 233 269 177 132 253 221 136 239 156 187 222 136 146 288 251 205 180 170 282 156 203 220 188 150 283 237 201 276 254 201 279 146 225 164 200 283 274 257 211 259 231 283 125 200 155 203 276 249 225 257 90 254 205 86 264 234 274 244 218 300 112 216 239 168 160 145 148 95 201 244 195 226 140 236 195 133 293 191 217 106 284 237 305 146 214 134 258 234 134 282 229 97 212 175 0 112 241 262 152 122 309 158 222 144 187 260 263 236 217 151 103 162 233 170 175 172 160 188 182 254 319 170 105 296 266 271 103 254 213 251 237 253 200 242 296 177 190 201 195 150 203 224 124 214 195 279 150 98 240 213 231 130 182 232 255 265 278 155 157 270 253 83 327 251 270 141 209 148 271 113 118 123 282 192 233 189 251 323 282 236 240 118 237 162 279 129 226 160 172 177 167 105 249 270 251 183 121 216 155 247 91 284 219 180 262 233 266 211 192 185 165 199 233 221 203 179 210 166 142 257 238 284 169 162 234 204 170 223 166 214 107 109 147 211 227 226 265 244 231 263 203 253 266 195 279 151 234 203 249 245 149 144 257 282 268 223 243 224 304 162 212 164 106 182 201 270 196 233 109 217 172 234 86 125 321 196 223 267 152 214 224 264 272 178 201 254 178 277 101 257 287 193 289 156 214 246 172 246 268 286 284 140 191 246 243 204 233 214 204 234 241 294 108 167 209 241 118 232 275 267 211 286 164 138 310 169 226 221 191 224 246 151 252 188 258 265 286 223 190 255 169 213 212 230 226 139 306 216 155 284 176 242 129 295 99 299 178 206 126 272 242 144 149 274 145 174 228 230 168 235 261 173 284 131 236 144 208 178 170 200 197 257 144 268 132 255 111 224 192 302 176 334 222 179 223 320 218 85 259 250 154 196 217 245 199 288 275 311 274 279 168 225 197 215 252 227 280 97 202 265 242 
30 71 89 32 37 119 148 141 143 190 140 136 161 108 219 212 163 87 189 237 225 223 43 116 53 230 224 231 216 220 155 123 107 184 133 159 169 212 150 246 125 91 117 217 181 158 130 265 74 158 104 98 177 166 180 98 106 63 189 198 288 94 154 172 204 143 191 125 242 126 129 119 76 143 124 99 110 149 159 185 221 125 80 205 169 84 191 108 139 174 84 98 240 203 157 132 122 234 104 155 172 136 98 235 189 149 228 206 153 231 98 177 112 152 235 226 209 163 211 183 235 73 152 107 155 228 201 177 209 42 206 157 38 216 186 226 196 170 252 60 168 191 116 112 93 100 47 153 196 147 178 88 188 143 81 245 143 165 54 236 189 257 98 166 86 210 186 82 234 181 45 164 127 112 0 193 214 104 70 261 110 174 96 139 212 215 188 169 99 55 114 185 122 127 124 112 140 134 206 271 122 53 248 218 223 55 206 165 203 189 205 152 194 248 125 138 153 143 102 155 176 72 166 147 231 102 46 192 165 183 78 134 184 207 217 230 103 105 222 205 31 279 203 222 89 161 100 223 65 70 71 234 144 185 141 203 275 234 188 192 66 189 114 231 77 178 108 120 129 115 53 201 222 203 135 69 168 103 199 39 236 171 132 214 185 218 163 144 137 113 151 185 173 155 131 162 118 90 209 190 236 117 114 186 152 122 175 118 166 55 57 95 163 179 178 217 196 183 215 155 205 218 147 231 99 186 155 201 197 97 92 209 234 220 175 195 176 256 114 164 112 54 130 149 222 148 185 57 169 124 186 34 73 273 148 175 219 104 162 176 216 224 126 149 206 126 229 49 209 239 145 241 104 162 198 124 198 220 238 236 92 143 198 195 156 185 166 156 186 193 246 56 115 161 193 66 184 227 219 163 238 112 86 262 121 178 173 143 176 198 103 204 140 210 217 238 175 142 207 117 165 164 182 178 87 258 168 107 236 128 194 77 247 47 251 126 158 74 224 194 92 101 226 93 126 180 182 116 187 213 125 236 79 188 96 160 126 122 152 149 209 92 220 80 207 59 176 144 254 128 286 174 127 175 272 170 37 211 202 102 148 169 197 151 240 227 263 226 231 116 177 145 167 204 179 232 45 154 217 194 
163 204 218 161 170 74 69 84 76 145 85 57 116 241 164 133 118 216 122 158 146 168 176 249 186 185 179 152 171 165 284 256 240 313 266 80 302 133 283 201 80 224 250 172 114 101 259 220 207 113 237 231 132 87 101 231 235 196 110 119 243 227 109 127 125 86 124 258 197 81 258 252 209 276 257 228 243 82 80 140 176 258 213 126 302 217 136 237 268 129 217 227 195 158 90 261 251 177 237 110 117 269 231 190 110 282 183 139 74 152 227 98 245 97 190 147 152 106 166 126 168 206 107 236 76 183 144 132 130 171 161 112 167 171 315 147 151 113 207 193 113 146 249 241 226 229 176 98 151 276 307 221 121 276 214 200 86 298 187 191 110 212 227 109 215 131 141 215 155 102 178 85 256 241 193 0 157 233 203 216 239 129 225 268 133 170 143 114 232 184 243 128 251 256 79 241 269 263 139 226 251 186 203 163 166 184 139 86 136 144 126 97 149 203 258 271 74 276 231 100 119 205 87 90 174 231 179 147 120 312 211 263 105 162 150 175 236 238 177 126 164 234 124 143 222 94 229 144 194 199 204 167 89 128 86 158 230 189 131 135 199 110 243 174 210 121 241 253 84 248 186 122 177 158 264 202 123 236 154 172 191 126 261 157 140 161 84 87 58 246 72 130 118 88 86 95 247 223 130 111 179 250 243 141 285 77 120 247 295 188 190 228 118 100 307 138 151 126 136 76 160 173 80 174 232 141 76 144 142 230 225 130 179 141 130 138 305 211 243 85 245 187 263 282 165 93 106 190 90 79 119 167 206 228 81 108 140 233 295 97 137 167 259 282 139 259 174 182 164 182 88 196 237 295 131 253 119 175 193 169 221 86 119 140 99 140 121 99 119 114 201 189 248 106 138 199 105 182 174 118 193 245 219 217 250 307 118 88 97 119 232 149 269 165 172 181 130 85 140 250 98 119 137 111 220 213 123 236 191 257 139 210 202 180 206 259 113 207 145 127 225 230 169 226 255 135 103 249 130 134 254 157 212 317 225 81 259 77 97 278 164 225 141 213 128 192 131 77 209 83 241 117 260 118 227 115 166 132 135 235 93 102 152 280 183 148 218 147 174 249 132 278 122 147 134 165 178 109 138 139 
184 225 239 182 191 95 88 73 81 164 74 100 137 262 153 176 139 237 127 177 189 157 197 270 207 204 198 195 190 154 305 277 261 334 287 99 323 176 304 222 101 245 271 191 119 90 280 239 228 134 258 252 153 106 144 252 256 217 153 138 262 248 130 148 168 75 129 279 216 102 279 273 230 297 278 249 264 87 123 161 195 279 234 145 323 238 125 258 289 150 238 248 214 177 95 282 272 166 258 131 106 290 252 209 153 303 202 144 93 171 248 141 266 86 209 190 141 95 187 115 173 227 128 257 119 204 133 153 149 192 180 133 188 192 336 190 172 102 228 214 102 167 270 262 247 250 197 87 172 297 328 242 126 297 235 221 75 319 208 210 153 233 248 98 236 174 162 236 198 145 199 128 277 262 214 157 0 254 224 235 260 150 246 289 152 191 164 103 253 205 264 117 272 277 100 262 290 284 144 245 272 207 224 152 155 205 144 105 141 165 145 86 168 222 279 292 93 297 252 89 108 226 106 79 163 252 200 168 141 333 232 284 124 183 155 164 257 259 196 169 185 253 167 186 243 99 250 163 215 220 225 172 78 117 75 177 249 208 120 124 220 129 264 163 231 110 262 274 105 269 207 165 198 179 285 223 144 257 175 193 212 147 282 146 161 150 127 76 101 267 91 119 107 93 107 100 268 244 173 154 168 271 264 162 306 98 109 268 316 209 211 249 139 119 328 181 170 115 179 95 181 194 85 163 253 162 119 133 131 251 246 149 168 160 151 127 326 232 264 128 266 208 284 303 154 82 125 211 133 100 124 188 227 247 86 113 159 254 316 116 180 156 280 303 144 280 163 203 185 171 77 217 258 316 136 274 138 194 214 174 242 75 162 129 88 161 142 88 124 133 222 210 269 95 127 220 148 203 195 139 212 266 240 236 271 328 107 77 116 162 253 138 290 186 193 170 151 74 145 271 103 140 158 116 241 232 144 257 210 278 128 231 221 201 225 280 134 228 188 132 246 251 158 247 276 156 122 270 119 177 275 176 233 338 246 124 280 98 86 299 185 246 184 234 171 213 152 82 228 104 260 106 281 107 246 104 187 151 140 256 82 107 171 301 172 167 237 166 163 270 153 299 143 136 155 170 199 130 181 128 
74 115 129 72 81 159 188 181 183 230 180 176 201 152 259 252 203 127 229 277 265 263 87 160 97 270 264 271 256 260 195 167 151 224 177 199 213 252 194 286 165 135 161 257 221 198 170 305 118 198 148 142 217 206 220 142 146 107 229 238 328 138 194 212 244 183 231 169 282 166 169 163 120 187 168 139 154 189 199 225 261 169 124 245 213 128 231 148 179 214 128 138 280 243 197 172 162 274 148 195 212 180 142 275 229 193 268 246 193 271 138 217 156 192 275 266 249 203 251 223 275 117 192 147 195 268 241 217 249 82 246 197 78 256 226 266 236 210 292 104 208 231 160 152 137 140 87 193 236 187 218 132 228 187 125 285 183 209 98 276 229 297 138 206 126 250 226 126 274 221 89 204 167 152 104 233 254 0 114 301 150 214 136 179 252 255 228 209 143 95 154 225 162 167 164 152 180 174 246 311 162 97 288 258 263 95 246 205 243 229 245 192 234 288 169 182 193 187 142 195 216 116 206 187 271 142 90 232 205 223 122 174 224 247 257 270 147 149 262 245 75 319 243 262 133 201 140 263 105 110 115 274 184 225 181 243 315 274 228 232 110 229 154 271 121 218 152 164 169 159 97 241 262 243 175 113 208 147 239 83 276 211 172 254 225 258 203 184 177 157 191 225 213 195 171 202 158 134 249 230 276 161 154 226 196 162 215 158 206 99 101 139 203 219 218 257 236 223 255 195 245 258 187 271 143 226 195 241 237 141 136 249 274 260 215 235 216 296 154 204 156 98 174 193 262 188 225 101 209 164 226 78 117 313 188 215 259 144 206 216 256 264 170 193 246 170 269 93 249 279 185 281 148 206 238 164 238 260 278 276 132 183 238 235 196 225 206 196 226 233 286 100 159 201 233 110 224 267 259 203 278 156 130 302 161 218 213 183 216 238 143 244 180 250 257 278 215 182 247 161 205 204 222 218 131 298 208 147 276 168 234 121 287 91 291 170 198 118 264 234 136 141 266 137 166 220 222 160 227 253 165 276 123 228 136 200 170 162 192 189 249 136 260 124 247 103 216 184 294 168 326 214 171 215 312 210 77 251 242 146 188 209 237 191 280 267 303 266 271 160 217 189 207 244 219 272 89 194 257 234 
40 67 95 42 33 129 158 151 153 200 150 146 171 118 229 222 173 97 199 247 235 233 53 112 49 240 234 241 226 230 161 133 103 190 129 169 165 222 146 256 135 87 113 227 191 168 140 275 70 168 100 108 187 176 190 94 116 73 199 208 298 104 164 182 214 153 201 135 252 136 139 115 86 139 120 105 106 159 169 195 231 121 90 215 165 80 201 118 145 184 80 108 250 213 167 138 128 244 114 165 182 132 94 245 199 145 238 216 163 241 108 187 122 162 245 236 219 173 221 193 245 69 162 113 165 238 211 187 219 52 216 167 48 226 192 236 206 180 262 56 178 201 112 122 89 110 57 163 206 153 184 84 198 139 77 255 153 161 64 246 199 267 108 176 96 220 196 78 244 191 41 174 137 122 70 203 224 114 0 271 116 184 106 145 222 225 198 179 109 65 120 195 132 133 134 118 146 140 216 281 128 63 258 228 233 65 216 175 213 199 215 162 204 258 121 134 163 139 112 165 186 68 176 157 241 108 42 202 175 189 74 140 194 217 227 240 113 101 232 215 41 289 213 232 85 171 106 233 75 80 67 244 154 195 151 213 285 244 198 202 62 199 124 241 87 188 104 116 139 125 49 211 232 213 141 79 178 113 209 49 246 181 138 224 195 228 173 154 147 109 161 195 183 165 141 172 128 86 219 200 246 127 124 196 148 132 185 124 172 65 67 105 173 189 184 227 206 193 225 165 215 228 157 241 95 196 165 211 207 93 102 219 244 230 185 205 182 266 124 174 108 64 126 145 232 158 195 67 179 134 196 44 69 283 158 185 229 110 158 186 226 234 122 145 216 122 239 45 219 249 155 251 100 158 208 134 208 230 248 246 102 153 208 205 166 195 176 166 196 203 256 66 111 171 203 76 194 237 229 173 248 108 82 272 127 184 183 153 186 208 109 214 146 220 227 248 185 152 217 127 175 174 192 188 83 268 178 117 246 134 204 73 257 57 261 122 168 84 234 204 102 111 236 89 132 190 192 126 197 223 131 246 75 194 102 170 136 132 162 155 219 102 230 90 217 69 186 154 264 138 296 184 123 185 282 180 47 221 212 98 158 179 207 157 250 237 273 236 241 112 187 141 177 214 189 242 41 164 227 204 
231 272 286 229 238 142 147 162 154 71 163 159 184 309 242 235 186 284 200 236 248 246 244 317 254 111 105 254 97 243 352 324 308 381 334 158 370 235 351 269 148 292 318 98 192 179 327 146 275 181 305 299 200 165 203 299 303 264 212 197 169 295 177 195 227 164 202 326 123 149 326 320 277 344 325 296 311 160 182 208 102 326 281 204 370 285 214 305 336 197 285 295 121 84 168 329 319 255 305 178 195 337 299 116 212 350 109 217 152 230 295 200 313 175 116 249 230 184 234 204 246 274 175 304 178 251 222 200 208 239 87 180 235 239 383 249 219 191 275 261 191 214 317 309 294 297 244 176 219 344 375 289 199 344 282 268 164 366 255 117 212 280 295 187 283 233 209 283 257 204 246 187 324 309 261 216 235 301 271 0 307 197 293 336 211 238 211 192 300 252 311 206 319 324 147 309 337 331 217 152 319 254 271 241 244 252 217 164 214 212 204 175 75 129 326 339 152 344 299 178 197 273 165 168 252 299 247 215 188 380 279 331 183 230 228 253 304 306 103 228 232 160 226 245 290 172 297 222 262 267 272 245 167 206 164 84 156 115 209 213 267 188 311 252 278 199 309 321 152 316 254 224 245 226 332 270 191 304 222 240 259 194 329 235 208 239 186 165 160 314 150 208 196 166 154 173 315 291 232 213 257 318 311 209 353 145 198 315 363 256 258 296 186 178 375 240 77 204 238 154 228 241 158 252 300 209 178 222 220 298 293 208 257 219 198 216 373 279 311 187 313 255 331 350 243 171 184 258 192 147 197 235 274 154 159 186 218 301 363 175 239 245 327 350 217 327 252 250 232 260 166 264 305 363 209 321 197 101 261 247 289 164 221 218 177 208 189 177 197 192 269 257 316 184 216 267 207 250 242 186 119 313 287 143 318 375 196 166 175 221 300 227 337 233 240 259 198 163 218 318 176 187 205 189 288 139 191 304 117 325 217 278 128 248 132 327 181 275 247 205 293 298 247 294 323 203 181 317 208 236 322 235 280 385 293 183 327 145 175 346 232 293 243 281 230 260 199 155 135 151 167 195 328 196 153 193 234 210 213 303 171 180 78 348 261 226 144 225 252 317 200 346 190 225 202 243 246 177 240 217 
80 69 21 78 83 165 194 187 189 236 186 182 207 158 265 258 209 133 235 283 271 269 93 114 99 276 270 277 262 266 87 173 153 116 131 205 167 258 148 292 171 89 115 263 227 204 176 311 120 204 150 148 223 212 226 144 152 113 235 244 334 144 200 218 250 189 237 175 288 172 175 117 126 141 170 31 156 195 205 231 267 171 130 251 167 82 237 154 71 220 130 144 286 249 203 64 54 280 154 201 218 182 96 281 235 147 274 252 199 277 144 223 162 198 281 272 255 209 257 229 281 71 198 39 201 274 247 223 255 88 252 203 84 262 118 272 242 216 298 106 214 237 162 158 91 146 93 199 242 79 110 86 234 141 127 291 189 163 104 282 235 303 144 212 132 256 232 80 280 227 91 210 173 158 110 239 260 150 116 307 0 220 142 71 258 261 234 215 149 101 46 231 168 59 170 44 72 66 252 317 54 103 294 264 269 101 252 211 249 235 251 198 240 294 171 136 199 141 148 201 222 118 212 193 277 34 92 238 211 115 76 66 230 253 263 276 153 103 268 251 81 325 249 268 135 207 32 269 111 116 117 280 190 231 187 249 321 280 234 238 112 235 160 277 127 224 106 166 175 165 99 247 268 249 67 119 214 153 245 89 282 217 64 260 231 264 209 190 183 111 197 231 219 201 177 208 164 88 255 236 282 167 160 232 150 168 221 50 98 105 107 145 209 225 110 263 242 229 261 201 251 264 193 277 97 232 201 247 243 95 142 255 280 266 221 241 108 302 160 210 110 104 128 147 268 194 231 107 215 170 232 84 71 319 194 221 265 36 160 222 262 270 172 147 252 124 275 95 255 285 191 287 150 160 244 170 244 266 284 282 138 189 244 241 202 231 212 202 232 239 292 106 161 207 239 116 230 273 265 209 284 110 84 308 53 110 219 189 222 244 35 250 72 256 263 284 221 188 253 167 211 210 228 224 85 304 214 153 282 60 240 75 293 97 297 172 204 124 270 240 142 147 272 139 58 226 228 166 233 259 57 282 125 120 28 206 176 168 198 81 255 142 266 130 253 109 222 190 300 174 332 220 173 221 318 216 83 257 248 148 194 215 243 83 286 273 309 272 277 162 223 143 213 250 225 278 91 200 263 240 
144 185 199 142 151 55 84 77 79 126 76 72 97 222 155 148 99 197 125 173 161 159 157 230 167 166 160 167 152 156 265 237 221 294 247 95 283 148 264 182 61 205 231 153 117 94 240 201 188 94 218 212 113 102 116 212 216 177 125 134 224 208 90 108 140 79 127 239 178 62 239 233 190 257 238 209 224 85 95 121 157 239 194 141 283 198 127 218 249 110 198 208 176 139 93 242 232 170 218 91 108 250 212 171 125 263 164 142 89 167 208 113 226 88 171 162 145 99 147 119 171 187 88 217 91 164 137 113 145 152 142 93 148 152 296 162 132 106 188 174 104 127 230 222 207 210 157 89 132 257 288 202 124 257 195 181 79 279 168 172 125 193 208 102 196 146 122 196 170 117 159 100 237 222 174 129 150 214 184 197 220 0 206 249 148 151 124 105 213 165 224 121 232 237 60 222 250 244 142 207 232 167 184 154 159 165 142 101 139 125 141 88 130 184 239 252 89 257 212 91 112 186 102 83 167 212 160 128 101 293 192 244 120 143 153 166 217 219 158 141 145 215 139 158 203 97 210 159 175 180 185 170 80 121 77 139 211 170 124 128 180 125 224 167 191 114 222 234 65 229 167 137 158 139 245 183 104 217 135 153 172 107 242 150 121 154 99 80 73 227 87 121 109 91 67 98 228 204 145 126 172 231 224 122 266 58 111 228 276 169 171 209 99 115 288 153 132 119 151 91 141 154 83 167 213 122 91 137 133 211 206 145 170 156 111 131 286 192 224 100 226 168 244 263 158 84 121 171 105 60 122 148 187 209 84 111 155 214 276 112 152 160 240 263 142 240 165 163 145 175 81 177 218 276 134 234 134 156 174 172 202 79 134 131 92 121 102 92 122 129 182 170 229 97 129 180 120 163 155 99 174 226 200 198 231 288 109 79 112 134 213 140 250 146 153 174 111 78 143 231 101 100 118 114 201 194 104 217 172 238 130 191 183 161 187 240 94 188 160 130 206 211 162 207 236 116 118 230 123 149 235 172 193 298 206 96 240 58 88 259 145 206 156 194 143 173 112 80 190 64 222 110 241 111 208 106 147 147 138 216 84 105 133 261 176 163 199 162 167 230 113 259 103 140 115 168 159 90 153 130 
66 107 121 64 73 151 180 173 175 222 172 168 193 144 251 244 195 119 221 269 257 255 79 152 89 262 256 263 248 252 187 159 143 216 169 191 205 244 186 278 157 127 153 249 213 190 162 297 110 190 140 134 209 198 212 134 138 99 221 230 320 130 186 204 236 175 223 161 274 158 161 155 112 179 160 131 146 181 191 217 253 161 116 237 205 120 223 140 171 206 120 130 272 235 189 164 154 266 140 187 204 172 134 267 221 185 260 238 185 263 130 209 148 184 267 258 241 195 243 215 267 109 184 139 187 260 233 209 241 74 238 189 70 248 218 258 228 202 284 96 200 223 152 144 129 132 79 185 228 179 210 124 220 179 117 277 175 201 90 268 221 289 130 198 118 242 218 118 266 213 81 196 159 144 96 225 246 136 106 293 142 206 0 171 244 247 220 201 135 87 146 217 154 159 156 144 172 166 238 303 154 89 280 250 255 87 238 197 235 221 237 184 226 280 161 174 185 179 134 187 208 108 198 179 263 134 82 224 197 215 114 166 216 239 249 262 139 141 254 237 67 311 235 254 125 193 132 255 97 102 107 266 176 217 173 235 307 266 220 224 102 221 146 263 113 210 144 156 161 151 89 233 254 235 167 105 200 139 231 75 268 203 164 246 217 250 195 176 169 149 183 217 205 187 163 194 150 126 241 222 268 153 146 218 188 154 207 150 198 91 93 131 195 211 210 249 228 215 247 187 237 250 179 263 135 218 187 233 229 133 128 241 266 252 207 227 208 288 146 196 148 90 166 185 254 180 217 93 201 156 218 70 109 305 180 207 251 136 198 208 248 256 162 185 238 162 261 85 241 271 177 273 140 198 230 156 230 252 270 268 124 175 230 227 188 217 198 188 218 225 278 92 151 193 225 102 216 259 251 195 270 148 122 294 153 210 205 175 208 230 135 236 172 242 249 270 207 174 239 153 197 196 214 210 123 290 200 139 268 160 226 113 279 83 283 162 190 110 256 226 128 133 258 129 158 212 214 152 219 245 157 268 115 220 128 192 162 154 184 181 241 128 252 116 239 95 208 176 286 160 318 206 163 207 304 202 69 243 234 138 180 201 229 183 272 259 295 258 263 152 209 181 199 236 211 264 81 186 249 226 
109 98 50 107 112 194 223 216 218 265 215 211 236 187 294 287 238 162 264 312 300 298 122 143 128 305 299 306 291 295 116 202 182 145 160 234 196 287 177 321 200 118 144 292 256 233 205 340 149 233 179 177 252 241 255 173 181 142 264 273 363 173 229 247 279 218 266 204 317 201 204 146 155 170 199 60 185 224 234 260 296 200 159 280 196 111 266 183 100 249 159 173 315 278 232 93 83 309 183 230 247 211 125 310 264 176 303 281 228 306 173 252 191 227 310 301 284 238 286 258 310 100 227 68 230 303 276 252 284 117 281 232 113 291 147 301 271 245 327 135 243 266 191 187 120 175 122 228 271 108 139 115 263 170 156 320 218 192 133 311 264 332 173 241 161 285 261 109 309 256 120 239 202 187 139 268 289 179 145 336 71 249 171 0 287 290 263 244 178 130 75 260 197 88 199 73 101 95 281 346 83 132 323 293 298 130 281 240 278 264 280 227 269 323 200 165 228 170 177 230 251 147 241 222 306 63 121 267 240 144 105 95 259 282 292 305 182 132 297 280 110 354 278 297 164 236 61 298 140 145 146 309 219 260 216 278 350 309 263 267 141 264 189 306 156 253 135 195 204 194 128 276 297 278 96 148 243 182 274 118 311 246 93 289 260 293 238 219 212 140 226 260 248 230 206 237 193 117 284 265 311 196 189 261 179 197 250 79 127 134 136 174 238 254 139 292 271 258 290 230 280 293 222 306 126 261 230 276 272 124 171 284 309 295 250 270 137 331 189 239 139 133 157 176 297 223 260 136 244 199 261 113 100 348 223 250 294 65 189 251 291 299 201 176 281 153 304 124 284 314 220 316 179 189 273 199 273 295 313 311 167 218 273 270 231 260 241 231 261 268 321 135 190 236 268 145 259 302 294 238 313 139 113 337 82 139 248 218 251 273 64 279 101 285 292 313 250 217 282 196 240 239 257 253 114 333 243 182 311 89 269 104 322 126 326 201 233 153 299 269 171 176 301 168 87 255 257 195 262 288 86 311 154 149 57 235 205 197 227 110 284 171 295 159 282 138 251 219 329 203 361 249 202 250 347 245 112 286 277 177 223 244 272 112 315 302 338 301 306 191 252 172 242 279 254 307 120 229 292 269 
182 223 237 180 189 93 64 79 71 140 80 76 132 260 159 152 137 235 117 153 165 163 195 268 205 180 174 171 166 160 303 275 259 332 285 75 321 152 302 217 99 243 269 167 109 96 278 215 226 132 256 250 148 82 120 250 254 215 129 114 238 246 128 146 144 81 119 277 192 100 277 271 228 295 276 247 262 77 99 159 171 277 232 121 321 236 131 256 287 145 236 246 190 153 85 280 270 172 256 129 112 288 250 185 129 301 178 134 69 147 246 117 264 92 185 166 147 101 185 121 163 225 126 255 95 199 139 151 125 190 156 131 186 187 334 166 170 108 223 212 108 165 268 260 245 248 195 93 170 295 326 240 116 295 233 216 81 317 206 186 129 228 246 104 234 150 157 234 174 121 197 104 275 260 212 133 152 252 222 211 258 148 244 287 0 186 162 109 251 203 262 123 270 275 98 260 288 282 134 221 270 205 219 158 161 203 134 81 131 163 121 92 144 198 277 290 69 295 250 95 114 224 82 85 169 250 198 163 139 331 230 282 100 178 145 170 255 257 172 145 183 229 143 162 241 89 248 139 213 218 223 162 84 123 81 153 225 184 126 130 218 105 262 169 229 116 260 272 103 267 205 141 193 177 283 221 142 255 170 191 207 142 280 152 156 156 103 82 77 265 67 125 113 83 105 90 266 242 149 130 174 269 262 160 304 96 115 266 314 207 209 247 137 95 326 157 146 121 155 71 179 189 75 169 251 157 95 139 137 249 244 125 174 136 149 133 324 227 262 104 264 206 282 301 160 88 101 209 109 98 114 186 225 223 76 103 135 252 314 92 156 162 278 301 134 278 169 201 180 177 83 212 256 314 126 272 114 170 209 164 240 81 138 135 94 159 137 94 114 109 217 208 267 101 133 218 124 198 190 134 188 264 238 212 269 326 113 83 92 138 251 144 288 184 188 176 146 80 135 269 93 138 156 106 239 208 142 255 186 276 134 229 197 199 201 278 132 226 164 122 244 249 164 245 274 151 98 268 125 153 273 152 231 336 244 100 278 96 92 297 180 244 160 232 147 211 150 72 204 102 236 112 279 113 222 110 185 127 130 254 88 97 147 299 178 143 213 142 169 268 151 297 141 142 150 160 197 128 157 134 
185 226 240 183 192 96 122 118 120 167 117 113 54 263 196 189 140 238 166 211 202 200 198 271 208 207 201 208 193 197 306 278 262 335 288 133 324 189 305 139 102 246 272 194 158 135 281 242 229 135 259 253 70 140 157 253 257 218 166 172 265 249 131 149 181 120 168 280 219 103 280 274 231 298 279 250 265 126 136 162 198 280 235 179 324 239 168 259 290 67 239 249 217 180 134 283 273 211 259 132 149 291 253 212 166 304 205 183 127 205 249 154 267 129 212 203 186 140 188 160 212 228 129 258 132 121 178 154 183 193 183 134 189 109 337 203 173 147 145 215 145 168 271 263 248 251 198 130 173 298 329 243 165 298 236 138 120 320 209 213 166 150 249 143 237 187 79 237 211 158 200 141 278 263 215 170 191 255 225 238 261 151 247 290 186 0 165 146 254 206 265 162 273 278 101 263 291 285 183 248 273 208 141 195 200 206 183 139 180 166 179 129 171 225 280 293 127 298 253 132 153 227 140 124 208 253 201 85 142 334 233 285 158 100 194 207 258 260 199 182 186 256 180 199 244 138 251 197 216 221 226 211 121 162 118 180 252 211 165 169 221 163 265 208 232 155 263 275 106 270 208 178 115 180 286 224 145 258 92 194 129 64 283 191 78 195 140 121 114 268 125 162 150 132 108 139 269 245 186 167 213 272 265 163 307 99 152 269 317 210 212 250 140 153 329 194 173 160 192 129 182 111 124 208 254 79 132 178 174 252 247 183 211 194 152 172 327 149 265 141 267 209 285 304 199 125 159 212 146 101 163 189 228 250 125 152 193 255 317 150 193 201 281 304 183 281 206 204 102 216 122 134 259 317 175 275 172 197 131 213 243 120 175 172 133 162 59 133 163 167 139 211 270 138 170 221 161 120 112 56 215 267 241 239 272 329 150 120 150 175 254 181 291 187 110 215 68 119 184 272 142 141 159 155 242 235 145 258 213 279 171 232 224 202 228 281 135 229 201 171 247 252 203 248 277 73 156 271 164 190 276 210 234 339 247 137 281 99 129 300 102 247 197 235 184 214 153 121 231 105 263 151 282 152 249 147 188 185 179 257 125 146 174 302 217 201 240 200 208 271 154 300 144 181 72 209 200 131 194 171 
158 199 213 156 165 69 98 91 93 140 90 86 111 236 169 162 113 211 139 187 175 173 171 244 181 180 174 181 166 170 279 251 235 308 261 109 297 162 278 196 75 219 245 167 131 108 254 215 202 108 232 226 127 116 130 226 230 191 139 148 238 222 104 122 154 93 141 253 192 76 253 247 204 271 252 223 238 99 109 135 171 253 208 155 297 212 141 232 263 124 212 222 190 153 107 256 246 184 232 105 122 264 226 185 139 277 178 156 103 181 222 127 240 102 185 176 159 113 161 133 185 201 102 231 105 178 151 127 159 166 156 107 162 166 310 176 146 120 202 188 118 141 244 236 221 224 171 103 146 271 302 216 138 271 209 195 93 293 182 186 139 207 222 116 210 160 136 210 184 131 173 114 251 236 188 143 164 228 198 211 234 124 220 263 162 165 0 119 227 179 238 135 246 251 74 236 264 258 156 221 246 181 198 168 173 179 156 115 153 139 155 102 144 198 253 266 103 271 226 105 126 200 116 97 181 226 174 142 115 307 206 258 134 157 167 180 231 233 172 155 159 229 153 172 217 111 224 173 189 194 199 184 94 135 91 153 225 184 138 142 194 139 238 181 205 128 236 248 79 243 181 151 172 153 259 197 118 231 149 167 186 121 256 164 135 168 113 94 87 241 101 135 123 105 81 112 242 218 159 140 186 245 238 136 280 72 125 242 290 183 185 223 113 129 302 167 146 133 165 105 155 168 97 181 227 136 105 151 147 225 220 159 184 170 125 145 300 206 238 114 240 182 258 277 172 98 135 185 119 74 136 162 201 223 98 125 169 228 290 126 166 174 254 277 156 254 179 177 159 189 95 191 232 290 148 248 148 170 188 186 216 93 148 145 106 135 116 106 136 143 196 184 243 111 143 194 134 177 169 113 188 240 214 212 245 302 123 93 126 148 227 154 264 160 167 188 125 92 157 245 115 114 132 128 215 208 118 231 186 252 144 205 197 175 201 254 108 202 174 144 220 225 176 221 250 130 132 244 137 163 249 186 207 312 220 110 254 72 102 273 159 220 170 208 157 187 126 94 204 78 236 124 255 125 222 120 161 161 152 230 98 119 147 275 190 177 213 176 181 244 127 273 117 154 129 182 173 104 167 144 
139 180 194 137 146 50 45 30 38 121 29 57 92 217 108 133 94 192 84 134 146 112 152 225 162 161 155 152 147 109 260 232 216 289 242 56 278 133 259 177 56 200 226 148 76 47 235 196 183 89 213 207 108 63 101 207 211 172 110 95 219 203 85 103 125 32 86 234 173 57 234 228 185 252 233 204 219 44 80 116 152 234 189 102 278 193 80 213 244 105 193 203 171 134 52 237 227 123 213 86 61 245 207 166 110 258 159 101 50 128 203 98 221 41 166 147 98 52 142 72 130 182 83 212 76 159 90 108 106 147 137 88 143 147 291 147 127 59 183 169 57 122 225 217 202 205 152 42 127 252 283 197 83 252 190 176 32 274 163 167 110 188 203 55 191 131 117 191 155 102 154 85 232 217 169 114 103 209 179 192 215 105 201 244 109 146 119 0 208 160 219 74 227 232 55 217 245 239 101 202 227 162 179 107 112 160 101 62 98 120 102 41 125 179 234 247 50 252 207 44 65 181 63 36 120 207 155 123 96 288 187 239 81 138 112 119 212 214 153 126 140 210 124 143 198 56 205 120 170 175 180 129 33 74 30 134 206 165 77 81 175 86 219 120 186 67 217 229 60 224 162 122 153 134 240 178 99 212 130 148 167 102 237 103 116 107 84 33 58 222 48 74 62 50 62 57 223 199 130 111 125 226 219 117 261 53 64 223 271 164 166 204 94 76 283 138 127 72 136 52 136 149 42 120 208 117 76 90 86 206 201 106 123 117 106 84 281 187 219 85 221 163 239 258 111 37 82 166 90 55 81 143 182 204 43 70 116 209 271 73 137 113 235 258 101 235 118 158 140 128 34 172 213 271 93 229 95 151 169 131 197 32 119 84 45 116 97 45 81 90 177 165 224 50 82 175 105 158 150 94 169 221 195 193 226 283 62 32 73 119 208 93 245 141 148 127 106 31 102 226 60 95 113 73 196 189 99 212 167 233 83 186 178 156 182 235 89 183 145 89 201 206 115 202 231 111 79 225 76 134 230 133 188 293 201 81 235 53 41 254 140 201 141 189 128 168 107 39 185 59 217 63 236 64 203 59 142 108 97 211 37 64 128 256 129 124 194 123 120 225 108 254 98 93 110 127 154 85 138 83 
69 110 128 71 76 158 187 180 182 229 179 175 200 147 258 251 202 126 228 276 264 262 82 155 92 269 263 270 255 259 194 162 146 223 172 198 208 251 189 285 164 130 156 256 220 197 169 304 113 197 143 137 216 205 219 137 145 102 228 237 327 133 193 211 243 182 230 164 281 165 168 158 115 182 163 138 149 188 198 224 260 164 119 244 208 123 230 147 178 213 123 137 279 242 196 171 161 273 143 194 211 175 137 274 228 188 267 245 192 270 137 216 151 191 274 265 248 202 250 222 274 112 191 146 194 267 240 216 248 81 245 196 77 255 225 265 235 209 291 99 207 230 155 151 132 139 86 192 235 186 217 127 227 182 120 284 182 204 93 275 228 296 137 205 125 249 225 121 273 220 84 203 166 151 99 232 253 143 109 300 149 213 135 178 251 254 227 208 0 94 153 224 161 166 163 151 179 173 245 310 161 92 287 257 262 94 245 204 242 228 244 191 233 287 164 177 192 182 141 194 215 111 205 186 270 141 85 231 204 222 117 173 223 246 256 269 142 144 261 244 70 318 242 261 128 200 139 262 104 109 110 273 183 224 180 242 314 273 227 231 105 228 153 270 116 217 147 159 168 154 92 240 261 242 174 108 207 142 238 78 275 210 171 253 224 257 202 183 176 152 190 224 212 194 170 201 157 129 248 229 275 156 153 225 191 161 214 157 205 94 96 134 202 218 217 256 235 222 254 194 244 257 186 270 138 225 194 240 236 136 131 248 273 259 214 234 215 295 153 203 151 93 169 188 261 187 224 96 208 163 225 73 112 312 187 214 258 143 201 215 255 263 165 188 245 165 268 88 248 278 184 280 143 201 237 163 237 259 277 275 131 182 237 234 195 224 205 195 225 232 285 95 154 200 232 105 223 266 258 202 277 151 125 301 160 217 212 182 215 237 142 243 179 249 256 277 214 181 246 156 204 203 221 217 126 297 207 146 275 167 233 116 286 86 290 165 197 113 263 233 131 140 265 132 165 219 221 155 226 252 164 275 118 227 135 199 165 161 191 188 248 131 259 119 246 98 215 183 293 167 325 213 166 214 311 209 76 250 241 141 187 208 236 190 279 266 302 265 270 155 216 184 206 243 218 271 84 193 256 233 
25 66 80 23 32 110 139 132 134 181 131 127 152 103 210 203 154 78 180 228 216 214 38 111 48 221 215 222 207 211 146 118 102 175 128 150 164 203 145 237 116 86 112 208 172 149 121 256 69 149 99 93 168 157 171 93 97 58 180 189 279 89 145 163 195 134 182 120 233 117 120 114 71 138 119 90 105 140 150 176 212 120 75 196 164 79 182 99 130 165 79 89 231 194 148 123 113 225 99 146 163 131 93 226 180 144 219 197 144 222 89 168 107 143 226 217 200 154 202 174 226 68 143 98 146 219 192 168 200 33 197 148 29 207 177 217 187 161 243 55 159 182 111 103 88 91 38 144 187 138 169 83 179 138 76 236 134 160 49 227 180 248 89 157 77 201 177 77 225 172 40 155 118 103 55 184 205 95 65 252 101 165 87 130 203 206 179 160 94 0 105 176 113 118 115 103 131 125 197 262 113 48 239 209 214 46 197 156 194 180 196 143 185 239 120 133 144 138 93 146 167 67 157 138 222 93 41 183 156 174 73 125 175 198 208 221 98 100 213 196 26 270 194 213 84 152 91 214 56 61 66 225 135 176 132 194 266 225 179 183 61 180 105 222 72 169 103 115 120 110 48 192 213 194 126 64 159 98 190 34 227 162 123 205 176 209 154 135 128 108 142 176 164 146 122 153 109 85 200 181 227 112 105 177 147 113 166 109 157 50 52 90 154 170 169 208 187 174 206 146 196 209 138 222 94 177 146 192 188 92 87 200 225 211 166 186 167 247 105 155 107 49 125 144 213 139 176 52 160 115 177 29 68 264 139 166 210 95 157 167 207 215 121 144 197 121 220 44 200 230 136 232 99 157 189 115 189 211 229 227 83 134 189 186 147 176 157 147 177 184 237 51 110 152 184 61 175 218 210 154 229 107 81 253 112 169 164 134 167 189 94 195 131 201 208 229 166 133 198 112 156 155 173 169 82 249 159 98 227 119 185 72 238 42 242 121 149 69 215 185 87 92 217 88 117 171 173 111 178 204 116 227 74 179 87 151 121 113 143 140 200 87 211 75 198 54 167 135 245 119 277 165 122 166 263 161 28 202 193 97 139 160 188 142 231 218 254 217 222 111 168 140 158 195 170 223 40 145 208 185 
84 73 25 82 87 169 198 191 193 240 190 186 211 162 269 262 213 137 239 287 275 273 97 118 103 280 274 281 266 270 91 177 157 120 135 209 171 262 152 296 175 93 119 267 231 208 180 315 124 208 154 152 227 216 230 148 156 117 239 248 338 148 204 222 254 193 241 179 292 176 179 121 130 145 174 35 160 199 209 235 271 175 134 255 171 86 241 158 75 224 134 148 290 253 207 68 58 284 158 205 222 186 100 285 239 151 278 256 203 281 148 227 166 202 285 276 259 213 261 233 285 75 202 43 205 278 251 227 259 92 256 207 88 266 122 276 246 220 302 110 218 241 166 162 95 150 97 203 246 83 114 90 238 145 131 295 193 167 108 286 239 307 148 216 136 260 236 84 284 231 95 214 177 162 114 243 264 154 120 311 46 224 146 75 262 265 238 219 153 105 0 235 172 63 174 48 76 70 256 321 58 107 298 268 273 105 256 215 253 239 255 202 244 298 175 140 203 145 152 205 226 122 216 197 281 38 96 242 215 119 80 70 234 257 267 280 157 107 272 255 85 329 253 272 139 211 36 273 115 120 121 284 194 235 191 253 325 284 238 242 116 239 164 281 131 228 110 170 179 169 103 251 272 253 71 123 218 157 249 93 286 221 68 264 235 268 213 194 187 115 201 235 223 205 181 212 168 92 259 240 286 171 164 236 154 172 225 54 102 109 111 149 213 229 114 267 246 233 265 205 255 268 197 281 101 236 205 251 247 99 146 259 284 270 225 245 112 306 164 214 114 108 132 151 272 198 235 111 219 174 236 88 75 323 198 225 269 40 164 226 266 274 176 151 256 128 279 99 259 289 195 291 154 164 248 174 248 270 288 286 142 193 248 245 206 235 216 206 236 243 296 110 165 211 243 120 234 277 269 213 288 114 88 312 57 114 223 193 226 248 39 254 76 260 267 288 225 192 257 171 215 214 232 228 89 308 218 157 286 64 244 79 297 101 301 176 208 128 274 244 146 151 276 143 62 230 232 170 237 263 61 286 129 124 32 210 180 172 202 85 259 146 270 134 257 113 226 194 304 178 336 224 177 225 322 220 87 261 252 152 198 219 247 87 290 277 313 276 281 166 227 147 217 254 229 282 95 204 267 244 
155 196 210 153 162 66 59 44 52 135 45 71 108 233 124 147 110 208 98 148 160 128 168 241 178 175 169 166 161 125 276 248 232 305 258 70 294 147 275 193 72 216 242 162 90 61 251 210 199 105 229 223 124 77 115 223 227 188 124 109 233 219 101 119 139 46 100 250 187 73 250 244 201 268 249 220 235 58 94 132 166 250 205 116 294 209 96 229 260 121 209 219 185 148 66 253 243 137 229 102 77 261 223 180 124 274 173 115 64 142 219 112 237 57 180 161 112 66 158 86 144 198 99 228 90 175 104 124 120 163 151 104 159 163 307 161 143 73 199 185 73 138 241 233 218 221 168 58 143 268 299 213 97 268 206 192 46 290 179 181 124 204 219 69 207 145 133 207 169 116 170 99 248 233 185 128 117 225 195 206 231 121 217 260 123 162 135 74 224 176 235 0 243 248 71 233 261 255 115 216 243 178 195 123 126 176 115 76 112 136 116 57 139 193 250 263 64 268 223 60 79 197 77 50 134 223 171 139 112 304 203 255 95 154 126 135 228 230 167 140 156 224 138 157 214 70 221 134 186 191 196 143 49 88 46 148 220 179 91 95 191 100 235 134 202 81 233 245 76 240 178 136 169 150 256 194 115 228 146 164 183 118 253 117 132 121 98 47 72 238 62 90 78 64 78 71 239 215 144 125 139 242 235 133 277 69 80 239 287 180 182 220 110 90 299 152 141 86 150 66 152 165 56 134 224 133 90 104 102 222 217 120 139 131 122 98 297 203 235 99 237 179 255 274 125 53 96 182 104 71 95 159 198 218 57 84 130 225 287 87 151 127 251 274 115 251 134 174 156 142 48 188 229 287 107 245 109 165 185 145 213 46 133 100 59 132 113 59 95 104 193 181 240 66 98 191 119 174 166 110 183 237 211 207 242 299 78 48 87 133 224 109 261 157 164 141 122 45 116 242 74 111 129 87 212 203 115 228 181 249 99 202 192 172 196 251 105 199 159 103 217 222 129 218 247 127 93 241 90 148 246 147 204 309 217 95 251 69 57 270 156 217 155 205 142 184 123 53 199 75 231 77 252 78 217 75 158 122 111 227 53 78 142 272 143 138 208 137 134 241 124 270 114 107 126 141 170 101 152 99 
92 133 147 90 99 177 206 199 201 248 198 194 219 170 277 270 221 145 247 295 283 281 105 178 115 288 282 289 274 278 213 185 169 242 195 217 231 270 212 304 183 153 179 275 239 216 188 323 136 216 166 160 235 224 238 160 164 125 247 256 346 156 212 230 262 201 249 187 300 184 187 181 138 205 186 157 172 207 217 243 279 187 142 263 231 146 249 166 197 232 146 156 298 261 215 190 180 292 166 213 230 198 160 293 247 211 286 264 211 289 156 235 174 210 293 284 267 221 269 241 293 135 210 165 213 286 259 235 267 100 264 215 96 274 244 284 254 228 310 122 226 249 178 170 155 158 105 211 254 205 236 150 246 205 143 303 201 227 116 294 247 315 156 224 144 268 244 144 292 239 107 222 185 170 122 251 272 162 132 319 168 232 154 197 270 273 246 227 161 113 172 243 0 185 182 170 198 192 264 329 180 115 306 276 281 113 264 223 261 247 263 210 252 306 187 200 211 205 160 213 234 134 224 205 289 160 108 250 223 241 140 192 242 265 275 288 165 167 280 263 93 337 261 280 151 219 158 281 123 128 133 292 202 243 199 261 333 292 246 250 128 247 172 289 139 236 170 182 187 177 115 259 280 261 193 131 226 165 257 101 294 229 190 272 243 276 221 202 195 175 209 243 231 213 189 220 176 152 267 248 294 179 172 244 214 180 233 176 224 117 119 157 221 237 236 275 254 241 273 213 263 276 205 289 161 244 213 259 255 159 154 267 292 278 233 253 234 314 172 222 174 116 192 211 280 206 243 119 227 182 244 96 135 331 206 233 277 162 224 234 274 282 188 211 264 188 287 111 267 297 203 299 166 224 256 182 256 278 296 294 150 201 256 253 214 243 224 214 244 251 304 118 177 219 251 128 242 285 277 221 296 174 148 320 179 236 231 201 234 256 161 262 198 268 275 296 233 200 265 179 223 222 240 236 149 316 226 165 294 186 252 139 305 109 309 188 216 136 282 252 154 159 284 155 184 238 240 178 245 271 183 294 141 246 154 218 188 180 210 207 267 154 278 142 265 121 234 202 312 186 344 232 189 233 330 228 95 269 260 164 206 227 255 209 298 285 321 284 289 178 235 207 225 262 237 290 107 212 275 252 
97 86 38 95 100 182 211 204 206 253 203 199 224 175 282 275 226 150 252 300 288 286 110 131 116 293 287 294 279 283 104 190 170 133 148 222 184 275 165 309 188 106 132 280 244 221 193 328 137 221 167 165 240 229 243 161 169 130 252 261 351 161 217 235 267 206 254 192 305 189 192 134 143 158 187 48 173 212 222 248 284 188 147 268 184 99 254 171 88 237 147 161 303 266 220 81 71 297 171 218 235 199 113 298 252 164 291 269 216 294 161 240 179 215 298 289 272 226 274 246 298 88 215 56 218 291 264 240 272 105 269 220 101 279 135 289 259 233 315 123 231 254 179 175 108 163 110 216 259 96 127 103 251 158 144 308 206 180 121 299 252 320 161 229 149 273 249 97 297 244 108 227 190 175 127 256 277 167 133 324 59 237 159 88 275 278 251 232 166 118 63 248 185 0 187 61 89 83 269 334 71 120 311 281 286 118 269 228 266 252 268 215 257 311 188 153 216 158 165 218 239 135 229 210 294 51 109 255 228 132 93 83 247 270 280 293 170 120 285 268 98 342 266 285 152 224 49 286 128 133 134 297 207 248 204 266 338 297 251 255 129 252 177 294 144 241 123 183 192 182 116 264 285 266 84 136 231 170 262 106 299 234 81 277 248 281 226 207 200 128 214 248 236 218 194 225 181 105 272 253 299 184 177 249 167 185 238 67 115 122 124 162 226 242 127 280 259 246 278 218 268 281 210 294 114 249 218 264 260 112 159 272 297 283 238 258 125 319 177 227 127 121 145 164 285 211 248 124 232 187 249 101 88 336 211 238 282 53 177 239 279 287 189 164 269 141 292 112 272 302 208 304 167 177 261 187 261 283 301 299 155 206 261 258 219 248 229 219 249 256 309 123 178 224 256 133 247 290 282 226 301 127 101 325 70 127 236 206 239 261 52 267 89 273 280 301 238 205 270 184 228 227 245 241 102 321 231 170 299 77 257 92 310 114 314 189 221 141 287 257 159 164 289 156 75 243 245 183 250 276 74 299 142 137 45 223 193 185 215 98 272 159 283 147 270 126 239 207 317 191 349 237 190 238 335 233 100 274 265 165 211 232 260 100 303 290 326 289 294 179 240 160 230 267 242 295 108 217 280 257 
94 135 149 92 101 5 34 27 29 76 26 22 47 172 105 98 49 147 75 123 111 109 107 180 117 116 110 117 102 106 215 187 171 244 197 45 233 98 214 132 11 155 181 103 67 44 190 151 138 44 168 162 63 52 66 162 166 127 75 84 174 158 40 58 90 29 77 189 128 12 189 183 140 207 188 159 174 35 45 71 107 189 144 91 233 148 77 168 199 60 148 158 126 89 43 192 182 120 168 41 58 200 162 121 75 213 114 92 39 117 158 63 176 38 121 112 95 49 97 69 121 137 38 167 41 114 87 63 95 102 92 43 98 102 246 112 82 56 138 124 54 77 180 172 157 160 107 39 82 207 238 152 74 207 145 131 29 229 118 122 75 143 158 52 146 96 72 146 120 67 109 50 187 172 124 79 100 164 134 147 170 60 156 199 98 101 74 55 163 115 174 71 182 187 0 172 200 194 92 157 182 117 134 104 109 115 92 51 89 75 91 38 80 134 189 202 39 207 162 41 62 136 52 33 117 162 110 78 51 243 142 194 70 93 103 116 167 169 108 91 95 165 89 108 153 47 160 109 125 130 135 120 30 71 27 89 161 120 74 78 130 75 174 117 141 64 172 184 15 179 117 87 108 89 195 133 54 167 85 103 122 57 192 100 71 104 49 30 23 177 37 71 59 41 17 48 178 154 95 76 122 181 174 72 216 8 61 178 226 119 121 159 49 65 238 103 82 69 101 41 91 104 33 117 163 72 41 87 83 161 156 95 120 106 61 81 236 142 174 50 176 118 194 213 108 34 71 121 55 10 72 98 137 159 34 61 105 164 226 62 102 110 190 213 92 190 115 113 95 125 31 127 168 226 84 184 84 106 124 122 152 29 84 81 42 71 52 42 72 79 132 120 179 47 79 130 70 113 105 49 124 176 150 148 181 238 59 29 62 84 163 90 200 96 103 124 61 28 93 181 51 50 68 64 151 144 54 167 122 188 80 141 133 111 137 190 44 138 110 80 156 161 112 157 186 66 68 180 73 99 185 122 143 248 156 46 190 8 38 209 95 156 106 144 93 123 62 30 140 14 172 60 191 61 158 56 97 97 88 166 34 55 83 211 126 113 149 112 117 180 63 209 53 90 65 118 109 40 103 80 
82 71 23 80 85 167 196 189 191 238 188 184 209 160 267 260 211 135 237 285 273 271 95 116 101 278 272 279 264 268 89 175 155 118 133 207 169 260 150 294 173 91 117 265 229 206 178 313 122 206 152 150 225 214 228 146 154 115 237 246 336 146 202 220 252 191 239 177 290 174 177 119 128 143 172 33 158 197 207 233 269 173 132 253 169 84 239 156 73 222 132 146 288 251 205 66 56 282 156 203 220 184 98 283 237 149 276 254 201 279 146 225 164 200 283 274 257 211 259 231 283 73 200 41 203 276 249 225 257 90 254 205 86 264 120 274 244 218 300 108 216 239 164 160 93 148 95 201 244 81 112 88 236 143 129 293 191 165 106 284 237 305 146 214 134 258 234 82 282 229 93 212 175 160 112 241 262 152 118 309 44 222 144 73 260 263 236 217 151 103 48 233 170 61 172 0 74 68 254 319 56 105 296 266 271 103 254 213 251 237 253 200 242 296 173 138 201 143 150 203 224 120 214 195 279 36 94 240 213 117 78 68 232 255 265 278 155 105 270 253 83 327 251 270 137 209 34 271 113 118 119 282 192 233 189 251 323 282 236 240 114 237 162 279 129 226 108 168 177 167 101 249 270 251 69 121 216 155 247 91 284 219 66 262 233 266 211 192 185 113 199 233 221 203 179 210 166 90 257 238 284 169 162 234 152 170 223 52 100 107 109 147 211 227 112 265 244 231 263 203 253 266 195 279 99 234 203 249 245 97 144 257 282 268 223 243 110 304 162 212 112 106 130 149 270 196 233 109 217 172 234 86 73 321 196 223 267 38 162 224 264 272 174 149 254 126 277 97 257 287 193 289 152 162 246 172 246 268 286 284 140 191 246 243 204 233 214 204 234 241 294 108 163 209 241 118 232 275 267 211 286 112 86 310 55 112 221 191 224 246 37 252 74 258 265 286 223 190 255 169 213 212 230 226 87 306 216 155 284 62 242 77 295 99 299 174 206 126 272 242 144 149 274 141 60 228 230 168 235 261 59 284 127 122 30 208 178 170 200 83 257 144 268 132 255 111 224 192 302 176 334 222 175 223 320 218 85 259 250 150 196 217 245 85 288 275 311 274 279 164 225 145 215 252 227 280 93 202 265 242 
110 99 51 108 113 195 224 217 219 266 216 212 237 188 295 288 239 163 265 313 301 299 123 144 129 306 300 307 292 296 117 203 183 146 161 235 197 288 178 322 201 119 145 293 257 234 206 341 150 234 180 178 253 242 256 174 182 143 265 274 364 174 230 248 280 219 267 205 318 202 205 147 156 171 200 61 186 225 235 261 297 201 160 281 197 112 267 184 101 250 160 174 316 279 233 94 84 310 184 231 248 212 126 311 265 177 304 282 229 307 174 253 192 228 311 302 285 239 287 259 311 101 228 69 231 304 277 253 285 118 282 233 114 292 148 302 272 246 328 136 244 267 192 188 121 176 123 229 272 109 140 116 264 171 157 321 219 193 134 312 265 333 174 242 162 286 262 110 310 257 121 240 203 188 140 269 290 180 146 337 72 250 172 101 288 291 264 245 179 131 76 261 198 89 200 74 0 96 282 347 84 133 324 294 299 131 282 241 279 265 281 228 270 324 201 166 229 171 178 231 252 148 242 223 307 64 122 268 241 145 106 96 260 283 293 306 183 133 298 281 111 355 279 298 165 237 62 299 141 146 147 310 220 261 217 279 351 310 264 268 142 265 190 307 157 254 136 196 205 195 129 277 298 279 97 149 244 183 275 119 312 247 94 290 261 294 239 220 213 141 227 261 249 231 207 238 194 118 285 266 312 197 190 262 180 198 251 80 128 135 137 175 239 255 140 293 272 259 291 231 281 294 223 307 127 262 231 277 273 125 172 285 310 296 251 271 138 332 190 240 140 134 158 177 298 224 261 137 245 200 262 114 101 349 224 251 295 66 190 252 292 300 202 177 282 154 305 125 285 315 221 317 180 190 274 200 274 296 314 312 168 219 274 271 232 261 242 232 262 269 322 136 191 237 269 146 260 303 295 239 314 140 114 338 83 140 249 219 252 274 65 280 102 286 293 314 251 218 283 197 241 240 258 254 115 334 244 183 312 90 270 105 323 127 327 202 234 154 300 270 172 177 302 169 88 256 258 196 263 289 87 312 155 150 58 236 206 198 228 111 285 172 296 160 283 139 252 220 330 204 362 250 203 251 348 246 113 287 278 178 224 245 273 113 316 303 339 302 307 192 253 173 243 280 255 308 121 230 293 270 
104 93 45 102 107 189 218 211 213 260 210 206 231 182 289 282 233 157 259 307 295 293 117 138 123 300 294 301 286 290 111 197 177 140 155 229 191 282 172 316 195 113 139 287 251 228 200 335 144 228 174 172 247 236 250 168 176 137 259 268 358 168 224 242 274 213 261 199 312 196 199 141 150 165 194 55 180 219 229 255 291 195 154 275 191 106 261 178 95 244 154 168 310 273 227 88 78 304 178 225 242 206 120 305 259 171 298 276 223 301 168 247 186 222 305 296 279 233 281 253 305 95 222 63 225 298 271 247 279 112 276 227 108 286 142 296 266 240 322 130 238 261 186 182 115 170 117 223 266 103 134 110 258 165 151 315 213 187 128 306 259 327 168 236 156 280 256 104 304 251 115 234 197 182 134 263 284 174 140 331 66 244 166 95 282 285 258 239 173 125 70 255 192 83 194 68 96 0 276 341 78 127 318 288 293 125 276 235 273 259 275 222 264 318 195 160 223 165 172 225 246 142 236 217 301 58 116 262 235 139 100 90 254 277 287 300 177 127 292 275 105 349 273 292 159 231 56 293 135 140 141 304 214 255 211 273 345 304 258 262 136 259 184 301 151 248 130 190 199 189 123 271 292 273 91 143 238 177 269 113 306 241 88 284 255 288 233 214 207 135 221 255 243 225 201 232 188 112 279 260 306 191 184 256 174 192 245 74 122 129 131 169 233 249 134 287 266 253 285 225 275 288 217 301 121 256 225 271 267 119 166 279 304 290 245 265 132 326 184 234 134 128 152 171 292 218 255 131 239 194 256 108 95 343 218 245 289 60 184 246 286 294 196 171 276 148 299 119 279 309 215 311 174 184 268 194 268 290 308 306 162 213 268 265 226 255 236 226 256 263 316 130 185 231 263 140 254 297 289 233 308 134 108 332 77 134 243 213 246 268 59 274 96 280 287 308 245 212 277 191 235 234 252 248 109 328 238 177 306 84 264 99 317 121 321 196 228 148 294 264 166 171 296 163 82 250 252 190 257 283 81 306 149 144 52 230 200 192 222 105 279 166 290 154 277 133 246 214 324 198 356 244 197 245 342 240 107 281 272 172 218 239 267 107 310 297 333 296 301 186 247 167 237 274 249 302 115 224 287 264 
176 217 231 174 183 87 70 71 63 146 72 82 129 254 151 158 131 229 109 159 171 155 189 262 199 186 180 177 172 152 297 269 253 326 279 81 315 158 296 214 93 237 263 173 101 88 272 221 220 126 250 244 145 88 126 244 248 209 135 120 244 240 122 140 150 73 111 271 198 94 271 265 222 289 270 241 256 69 105 153 177 271 226 127 315 230 123 250 281 142 230 240 196 159 77 274 264 164 250 123 104 282 244 191 135 295 184 126 75 153 240 123 258 84 191 172 139 93 179 113 155 219 120 249 101 196 131 145 131 184 162 125 180 184 328 172 164 100 220 206 100 159 262 254 239 242 189 85 164 289 320 234 108 289 227 213 73 311 200 192 135 225 240 96 228 156 154 228 180 127 191 110 269 254 206 139 144 246 216 217 252 142 238 281 134 183 156 101 245 197 256 115 264 269 92 254 282 276 0 227 264 199 216 150 153 197 126 87 123 157 127 84 150 204 271 284 75 289 244 87 106 218 88 77 161 244 192 160 133 325 224 276 106 175 137 162 249 251 178 151 177 235 149 168 235 81 242 145 207 212 217 154 76 115 73 159 231 190 118 122 212 111 256 161 223 108 254 266 97 261 199 147 190 171 277 215 136 249 167 185 204 139 274 144 153 148 109 74 83 259 73 117 105 75 99 82 260 236 155 136 166 263 256 154 298 90 107 260 308 201 203 241 131 101 320 163 152 113 161 77 173 186 67 161 245 154 101 131 129 243 238 131 166 142 143 125 318 224 256 110 258 200 276 295 152 80 107 203 115 92 106 180 219 229 68 95 141 246 308 98 162 154 272 295 126 272 161 195 177 169 75 209 250 308 118 266 120 176 206 156 234 73 144 127 86 153 134 86 106 115 214 202 261 93 125 212 130 195 187 131 194 258 232 218 263 320 105 75 98 144 245 136 282 178 185 168 143 72 127 263 85 132 150 98 233 214 136 249 192 270 126 223 203 193 207 272 126 220 170 114 238 243 156 239 268 148 104 262 117 159 267 158 225 330 238 106 272 90 84 291 177 238 166 226 153 205 144 64 210 96 242 104 273 105 228 102 179 133 122 248 80 89 153 293 170 149 219 148 161 262 145 291 135 134 147 152 191 122 163 126 
241 282 296 239 248 152 157 172 164 81 173 169 194 319 252 245 196 294 210 246 258 256 254 327 264 121 115 264 107 253 362 334 318 391 344 168 380 245 361 279 158 302 328 108 202 189 337 156 285 191 315 309 210 175 213 309 313 274 222 207 179 305 187 205 237 174 212 336 133 159 336 330 287 354 335 306 321 170 192 218 112 336 291 214 380 295 224 315 346 207 295 305 131 94 178 339 329 265 315 188 205 347 309 126 222 360 119 227 162 240 305 210 323 185 126 259 240 194 244 214 256 284 185 314 188 261 232 210 218 249 97 190 245 249 393 259 229 201 285 271 201 224 327 319 304 307 254 186 229 354 385 299 209 354 292 278 174 376 265 127 222 290 305 197 293 243 219 293 267 214 256 197 334 319 271 226 245 311 281 152 317 207 303 346 221 248 221 202 310 262 321 216 329 334 157 319 347 341 227 0 329 264 281 251 254 262 227 174 224 222 214 185 85 139 336 349 162 354 309 188 207 283 175 178 262 309 257 225 198 390 289 341 193 240 238 263 314 316 113 238 242 170 236 255 300 182 307 232 272 277 282 255 177 216 174 94 166 125 219 223 277 198 321 262 288 209 319 331 162 326 264 234 255 236 342 280 201 314 232 250 269 204 339 245 218 249 196 175 170 324 160 218 206 176 164 183 325 301 242 223 267 328 321 219 363 155 208 325 373 266 268 306 196 188 385 250 87 214 248 164 238 251 168 262 310 219 188 232 230 308 303 218 267 229 208 226 383 289 321 197 323 265 341 360 253 181 194 268 202 157 207 245 284 164 169 196 228 311 373 185 249 255 337 360 227 337 262 260 242 270 176 274 315 373 219 331 207 111 271 257 299 174 231 228 187 218 199 187 207 202 279 267 326 194 226 277 217 260 252 196 129 323 297 153 328 385 206 176 185 231 310 237 347 243 250 269 208 173 228 328 186 197 215 199 298 149 201 314 127 335 227 288 138 258 142 337 191 285 257 215 303 308 257 304 333 213 191 327 218 246 332 245 290 395 303 193 337 155 185 356 242 303 253 291 240 270 209 165 145 161 177 205 338 206 163 203 244 220 223 313 181 190 88 358 271 236 154 235 262 327 210 356 200 235 212 253 256 187 250 227 
92 81 33 90 95 177 206 199 201 248 198 194 219 170 277 270 221 145 247 295 283 281 105 126 111 288 282 289 274 278 99 185 165 128 143 217 179 270 160 304 183 101 127 275 239 216 188 323 132 216 162 160 235 224 238 156 164 125 247 256 346 156 212 230 262 201 249 187 300 184 187 129 138 153 182 43 168 207 217 243 279 183 142 263 179 94 249 166 83 232 142 156 298 261 215 76 66 292 166 213 230 194 108 293 247 159 286 264 211 289 156 235 174 210 293 284 267 221 269 241 293 83 210 51 213 286 259 235 267 100 264 215 96 274 130 284 254 228 310 118 226 249 174 170 103 158 105 211 254 91 122 98 246 153 139 303 201 175 116 294 247 315 156 224 144 268 244 92 292 239 103 222 185 170 122 251 272 162 128 319 54 232 154 83 270 273 246 227 161 113 58 243 180 71 182 56 84 78 264 329 0 115 306 276 281 113 264 223 261 247 263 210 252 306 183 148 211 153 160 213 234 130 224 205 289 46 104 250 223 127 88 78 242 265 275 288 165 115 280 263 93 337 261 280 147 219 44 281 123 128 129 292 202 243 199 261 333 292 246 250 124 247 172 289 139 236 118 178 187 177 111 259 280 261 79 131 226 165 257 101 294 229 76 272 243 276 221 202 195 123 209 243 231 213 189 220 176 100 267 248 294 179 172 244 162 180 233 62 110 117 119 157 221 237 122 275 254 241 273 213 263 276 205 289 109 244 213 259 255 107 154 267 292 278 233 253 120 314 172 222 122 116 140 159 280 206 243 119 227 182 244 96 83 331 206 233 277 48 172 234 274 282 184 159 264 136 287 107 267 297 203 299 162 172 256 182 256 278 296 294 150 201 256 253 214 243 224 214 244 251 304 118 173 219 251 128 242 285 277 221 296 122 96 320 65 122 231 201 234 256 47 262 84 268 275 296 233 200 265 179 223 222 240 236 97 316 226 165 294 72 252 87 305 109 309 184 216 136 282 252 154 159 284 151 70 238 240 178 245 271 69 294 137 132 40 218 188 180 210 93 267 154 278 142 265 121 234 202 312 186 344 232 185 233 330 228 95 269 260 160 206 227 255 95 298 285 321 284 289 174 235 155 225 262 237 290 103 212 275 252 
23 64 82 25 30 112 141 134 136 183 133 129 154 101 212 205 156 80 182 230 218 216 36 109 46 223 217 224 209 213 148 116 100 177 126 152 162 205 143 239 118 84 110 210 174 151 123 258 67 151 97 91 170 159 173 91 99 56 182 191 281 87 147 165 197 136 184 118 235 119 122 112 69 136 117 92 103 142 152 178 214 118 73 198 162 77 184 101 132 167 77 91 233 196 150 125 115 227 97 148 165 129 91 228 182 142 221 199 146 224 91 170 105 145 228 219 202 156 204 176 228 66 145 100 148 221 194 170 202 35 199 150 31 209 179 219 189 163 245 53 161 184 109 105 86 93 40 146 189 140 171 81 181 136 74 238 136 158 47 229 182 250 91 159 79 203 179 75 227 174 38 157 120 105 53 186 207 97 63 254 103 167 89 132 205 208 181 162 92 48 107 178 115 120 117 105 133 127 199 264 115 0 241 211 216 48 199 158 196 182 198 145 187 241 118 131 146 136 95 148 169 65 159 140 224 95 39 185 158 176 71 127 177 200 210 223 96 98 215 198 24 272 196 215 82 154 93 216 58 63 64 227 137 178 134 196 268 227 181 185 59 182 107 224 70 171 101 113 122 108 46 194 215 196 128 62 161 96 192 32 229 164 125 207 178 211 156 137 130 106 144 178 166 148 124 155 111 83 202 183 229 110 107 179 145 115 168 111 159 48 50 88 156 172 171 210 189 176 208 148 198 211 140 224 92 179 148 194 190 90 85 202 227 213 168 188 169 249 107 157 105 47 123 142 215 141 178 50 162 117 179 27 66 266 141 168 212 97 155 169 209 217 119 142 199 119 222 42 202 232 138 234 97 155 191 117 191 213 231 229 85 136 191 188 149 178 159 149 179 186 239 49 108 154 186 59 177 220 212 156 231 105 79 255 114 171 166 136 169 191 96 197 133 203 210 231 168 135 200 110 158 157 175 171 80 251 161 100 229 121 187 70 240 40 244 119 151 67 217 187 85 94 219 86 119 173 175 109 180 206 118 229 72 181 89 153 119 115 145 142 202 85 213 73 200 52 169 137 247 121 279 167 120 168 265 163 30 204 195 95 141 162 190 144 233 220 256 219 224 109 170 138 160 197 172 225 38 147 210 187 
218 259 273 216 225 129 155 151 153 200 150 146 87 296 229 222 173 271 199 244 235 233 231 304 241 240 234 241 226 230 339 311 295 368 321 166 357 222 338 172 135 279 305 227 191 168 314 275 262 168 292 286 103 173 190 286 290 251 199 205 298 282 164 182 214 153 201 313 252 136 313 307 264 331 312 283 298 159 169 195 231 313 268 212 357 272 201 292 323 100 272 282 250 213 167 316 306 244 292 165 182 324 286 245 199 337 238 216 160 238 282 187 300 162 245 236 219 173 221 193 245 261 162 291 165 154 211 187 216 226 216 167 222 142 370 236 206 180 178 248 178 201 304 296 281 284 231 163 206 331 362 276 198 331 269 171 153 353 242 246 199 183 282 176 270 220 112 270 244 191 233 174 311 296 248 203 224 288 258 271 294 184 280 323 219 141 198 179 287 239 298 195 306 311 134 296 324 318 216 281 306 241 0 228 233 239 216 172 213 199 212 162 204 258 313 326 160 331 286 165 186 260 173 157 241 286 234 118 175 367 266 318 191 133 227 240 291 293 232 215 219 289 213 232 277 171 284 230 249 254 259 244 154 195 151 213 285 244 198 202 254 196 298 241 265 188 296 308 139 303 241 211 148 213 319 257 178 291 125 227 162 97 316 224 111 228 173 154 147 301 158 195 183 165 141 172 302 278 219 200 246 305 298 196 340 132 185 302 350 243 245 283 173 186 362 227 206 193 225 162 215 144 157 241 287 112 165 211 207 285 280 216 244 227 185 205 360 182 298 174 300 242 318 337 232 158 192 245 179 134 196 222 261 283 158 185 226 288 350 183 226 234 314 337 216 314 239 237 135 249 155 167 292 350 208 308 205 230 164 246 276 153 208 205 166 195 92 166 196 200 172 244 303 171 203 254 194 153 145 89 248 300 274 272 305 362 183 153 183 208 287 214 324 220 143 248 101 152 217 305 175 174 192 188 275 268 178 291 246 312 204 265 257 235 261 314 168 262 234 204 280 285 236 281 310 106 189 304 197 223 309 243 267 372 280 170 314 132 162 333 135 280 230 268 217 247 186 154 264 138 296 184 315 185 282 180 221 218 212 290 158 179 207 335 250 234 273 233 241 304 187 333 177 214 105 242 233 164 227 204 
188 229 243 186 195 99 94 79 87 170 78 106 141 266 157 182 143 241 133 183 195 161 201 274 211 210 204 201 196 158 309 281 265 338 291 105 327 182 308 226 105 249 275 197 125 96 284 245 232 138 262 256 157 112 150 256 260 221 159 144 268 252 134 152 174 81 135 283 222 106 283 277 234 301 282 253 268 93 129 165 201 283 238 151 327 242 129 262 293 154 242 252 220 183 101 286 276 172 262 135 110 294 256 215 159 307 208 150 99 177 252 147 270 90 215 196 147 101 191 121 179 231 132 261 125 208 139 157 155 196 186 137 192 196 340 196 176 108 232 218 106 171 274 266 251 254 201 91 176 301 332 246 132 301 239 225 81 323 212 216 159 237 252 104 240 180 166 240 204 151 203 134 281 266 218 163 152 258 228 241 264 154 250 293 158 195 168 107 257 209 268 123 276 281 104 266 294 288 150 251 276 211 228 0 161 209 150 111 147 169 151 90 174 228 283 296 99 301 256 93 114 230 112 85 169 256 204 172 145 337 236 288 130 187 161 168 261 263 202 175 189 259 173 192 247 105 254 169 219 224 229 178 82 123 79 183 255 214 126 130 224 135 268 169 235 116 266 278 109 273 211 171 202 183 289 227 148 261 179 197 216 151 286 152 165 156 133 82 107 271 97 123 111 99 111 106 272 248 179 160 174 275 268 166 310 102 113 272 320 213 215 253 143 125 332 187 176 121 185 101 185 198 91 169 257 166 125 139 135 255 250 155 172 166 155 133 330 236 268 134 270 212 288 307 160 86 131 215 139 104 130 192 231 253 92 119 165 258 320 122 186 162 284 307 150 284 167 207 189 177 83 221 262 320 142 278 144 200 218 180 246 81 168 133 94 165 146 94 130 139 226 214 273 99 131 224 154 207 199 143 218 270 244 242 275 332 111 81 122 168 257 142 294 190 197 176 155 80 151 275 109 144 162 122 245 238 148 261 216 282 132 235 227 205 231 284 138 232 194 138 250 255 164 251 280 160 128 274 125 183 279 182 237 342 250 130 284 102 90 303 189 250 190 238 177 217 156 88 234 108 266 112 285 113 252 108 191 157 146 260 86 113 177 305 178 173 243 172 169 274 157 303 147 142 159 176 203 134 187 132 
193 234 248 191 200 104 97 82 90 173 83 109 146 271 162 185 148 246 136 186 198 166 206 279 216 213 207 204 199 163 314 286 270 343 296 108 332 185 313 231 110 254 280 200 128 99 289 248 237 143 267 261 162 115 153 261 265 226 162 147 271 257 139 157 177 84 138 288 225 111 288 282 239 306 287 258 273 96 132 170 204 288 243 154 332 247 134 267 298 159 247 257 223 186 104 291 281 175 267 140 115 299 261 218 162 312 211 153 102 180 257 150 275 95 218 199 150 104 196 124 182 236 137 266 128 213 142 162 158 201 189 142 197 201 345 199 181 111 237 223 111 176 279 271 256 259 206 96 181 306 337 251 135 306 244 230 84 328 217 219 162 242 257 107 245 183 171 245 207 154 208 137 286 271 223 166 155 263 233 244 269 159 255 298 161 200 173 112 262 214 273 126 281 286 109 271 299 293 153 254 281 216 233 161 0 214 153 114 150 174 154 95 177 231 288 301 102 306 261 98 117 235 115 88 172 261 209 177 150 342 241 293 133 192 164 173 266 268 205 178 194 262 176 195 252 108 259 172 224 229 234 181 87 126 84 186 258 217 129 133 229 138 273 172 240 119 271 283 114 278 216 174 207 188 294 232 153 266 184 202 221 156 291 155 170 159 136 85 110 276 100 128 116 102 116 109 277 253 182 163 177 280 273 171 315 107 118 277 325 218 220 258 148 128 337 190 179 124 188 104 190 203 94 172 262 171 128 142 140 260 255 158 177 169 160 136 335 241 273 137 275 217 293 312 163 91 134 220 142 109 133 197 236 256 95 122 168 263 325 125 189 165 289 312 153 289 172 212 194 180 86 226 267 325 145 283 147 203 223 183 251 84 171 138 97 170 151 97 133 142 231 219 278 104 136 229 157 212 204 148 221 275 249 245 280 337 116 86 125 171 262 147 299 195 202 179 160 83 154 280 112 149 167 125 250 241 153 266 219 287 137 240 230 210 234 289 143 237 197 141 255 260 167 256 285 165 131 279 128 186 284 185 242 347 255 133 289 107 95 308 194 255 193 243 180 222 161 91 237 113 269 115 290 116 255 113 196 160 149 265 91 116 180 310 181 176 246 175 172 279 162 308 152 145 164 179 208 139 190 137 
25 66 80 23 32 110 139 132 134 181 131 127 152 103 210 203 154 78 180 228 216 214 38 111 48 221 215 222 207 211 146 118 102 175 128 150 164 203 145 237 116 86 112 208 172 149 121 256 69 149 99 93 168 157 171 93 97 58 180 189 279 89 145 163 195 134 182 120 233 117 120 114 71 138 119 90 105 140 150 176 212 120 75 196 164 79 182 99 130 165 79 89 231 194 148 123 113 225 99 146 163 131 93 226 180 144 219 197 144 222 89 168 107 143 226 217 200 154 202 174 226 68 143 98 146 219 192 168 200 33 197 148 29 207 177 217 187 161 243 55 159 182 111 103 88 91 38 144 187 138 169 83 179 138 76 236 134 160 49 227 180 248 89 157 77 201 177 77 225 172 40 155 118 103 55 184 205 95 65 252 101 165 87 130 203 206 179 160 94 46 105 176 113 118 115 103 131 125 197 262 113 48 239 209 214 0 197 156 194 180 196 143 185 239 120 133 144 138 93 146 167 67 157 138 222 93 41 183 156 174 73 125 175 198 208 221 98 100 213 196 26 270 194 213 84 152 91 214 56 61 66 225 135 176 132 194 266 225 179 183 61 180 105 222 72 169 103 115 120 110 48 192 213 194 126 64 159 98 190 34 227 162 123 205 176 209 154 135 128 108 142 176 164 146 122 153 109 85 200 181 227 112 105 177 147 113 166 109 157 50 52 90 154 170 169 208 187 174 206 146 196 209 138 222 94 177 146 192 188 92 87 200 225 211 166 186 167 247 105 155 107 49 125 144 213 139 176 52 160 115 177 29 68 264 139 166 210 95 157 167 207 215 121 144 197 121 220 44 200 230 136 232 99 157 189 115 189 211 229 227 83 134 189 186 147 176 157 147 177 184 237 51 110 152 184 61 175 218 210 154 229 107 81 253 112 169 164 134 167 189 94 195 131 201 208 229 166 133 198 112 156 155 173 169 82 249 159 98 227 119 185 72 238 42 242 121 149 69 215 185 87 92 217 88 117 171 173 111 178 204 116 227 74 179 87 151 121 113 143 140 200 87 211 75 198 54 167 135 245 119 277 165 122 166 263 161 28 202 193 97 139 160 188 142 231 218 254 217 222 111 168 140 158 195 170 223 40 145 208 185 
176 217 231 174 183 87 70 71 63 146 72 82 129 254 151 158 131 229 109 159 171 155 189 262 199 186 180 177 172 152 297 269 253 326 279 81 315 158 296 214 93 237 263 173 101 88 272 221 220 126 250 244 145 88 126 244 248 209 135 120 244 240 122 140 150 73 111 271 198 94 271 265 222 289 270 241 256 69 105 153 177 271 226 127 315 230 123 250 281 142 230 240 196 159 77 274 264 164 250 123 104 282 244 191 135 295 184 126 75 153 240 123 258 84 191 172 139 93 179 113 155 219 120 249 101 196 131 145 131 184 162 125 180 184 328 172 164 100 220 206 100 159 262 254 239 242 189 85 164 289 320 234 108 289 227 213 73 311 200 192 135 225 240 96 228 156 154 228 180 127 191 110 269 254 206 139 144 246 216 217 252 142 238 281 134 183 156 101 245 197 256 115 264 269 92 254 282 276 126 227 264 199 216 150 153 197 0 87 123 157 127 84 150 204 271 284 75 289 244 87 106 218 88 77 161 244 192 160 133 325 224 276 106 175 137 162 249 251 178 151 177 235 149 168 235 81 242 145 207 212 217 154 76 115 73 159 231 190 118 122 212 111 256 161 223 108 254 266 97 261 199 147 190 171 277 215 136 249 167 185 204 139 274 144 153 148 109 74 83 259 73 117 105 75 99 82 260 236 155 136 166 263 256 154 298 90 107 260 308 201 203 241 131 101 320 163 152 113 161 77 173 186 67 161 245 154 101 131 129 243 238 131 166 142 143 125 318 224 256 110 258 200 276 295 152 80 107 203 115 92 106 180 219 229 68 95 141 246 308 98 162 154 272 295 126 272 161 195 177 169 75 209 250 308 118 266 120 176 206 156 234 73 144 127 86 153 134 86 106 115 214 202 261 93 125 212 130 195 187 131 194 258 232 218 263 320 105 75 98 144 245 136 282 178 185 168 143 72 127 263 85 132 150 98 233 214 136 249 192 270 126 223 203 193 207 272 126 220 170 114 238 243 156 239 268 148 104 262 117 159 267 158 225 330 238 106 272 90 84 291 177 238 166 226 153 205 144 64 210 96 242 104 273 105 228 102 179 133 122 248 80 89 153 293 170 149 219 148 161 262 145 291 135 134 147 152 191 122 163 126 
135 176 190 133 142 46 17 32 24 93 33 29 85 213 112 105 90 188 70 106 118 116 148 221 158 133 127 124 119 113 256 228 212 285 238 28 274 105 255 170 52 196 222 120 62 49 231 168 179 85 209 203 101 35 73 203 207 168 82 67 191 199 81 99 97 34 72 230 145 53 230 224 181 248 229 200 215 30 52 112 124 230 185 74 274 189 84 209 240 98 189 199 143 106 38 233 223 125 209 82 65 241 203 138 82 254 131 87 22 100 199 70 217 45 138 119 100 54 138 74 116 178 79 208 48 152 92 104 78 143 109 84 139 140 287 119 123 61 176 165 61 118 221 213 198 201 148 46 123 248 279 193 69 248 186 169 34 270 159 139 82 181 199 57 187 103 110 187 127 74 150 57 228 213 165 86 105 205 175 164 211 101 197 240 81 139 115 62 204 156 215 76 223 228 51 213 241 235 87 174 223 158 172 111 114 156 87 0 84 116 74 45 97 151 230 243 22 248 203 48 67 177 35 38 122 203 151 116 92 284 183 235 53 131 98 123 208 210 125 98 136 182 96 115 194 42 201 92 166 171 176 115 37 76 34 106 178 137 79 83 171 58 215 122 182 69 213 225 56 220 158 94 146 130 236 174 95 208 123 144 160 95 233 105 109 109 56 35 30 218 20 78 66 36 58 43 219 195 102 83 127 222 215 113 257 49 68 219 267 160 162 200 90 48 279 110 99 74 108 24 132 142 28 122 204 110 48 92 90 202 197 78 127 89 102 86 277 180 215 57 217 159 235 254 113 41 54 162 62 51 67 139 178 176 29 56 88 205 267 45 109 115 231 254 87 231 122 154 133 130 36 165 209 267 79 225 67 123 162 117 193 34 91 88 47 112 90 47 67 62 170 161 220 54 86 171 77 151 143 87 141 217 191 165 222 279 66 36 45 91 204 97 241 137 141 129 99 33 88 222 46 91 109 59 192 161 95 208 139 229 87 182 150 152 154 231 85 179 117 75 197 202 117 198 227 104 51 221 78 106 226 105 184 289 197 53 231 49 45 250 133 197 113 185 100 164 103 25 157 55 189 65 232 66 175 63 138 80 83 207 41 50 100 252 131 96 166 95 122 221 104 250 94 95 103 113 150 81 110 87 
173 214 228 171 180 84 67 68 60 143 69 79 126 251 148 155 128 226 106 156 168 152 186 259 196 183 177 174 169 149 294 266 250 323 276 78 312 155 293 211 90 234 260 170 98 85 269 218 217 123 247 241 142 85 123 241 245 206 132 117 241 237 119 137 147 70 108 268 195 91 268 262 219 286 267 238 253 66 102 150 174 268 223 124 312 227 120 247 278 139 227 237 193 156 74 271 261 161 247 120 101 279 241 188 132 292 181 123 72 150 237 120 255 81 188 169 136 90 176 110 152 216 117 246 98 193 128 142 128 181 159 122 177 181 325 169 161 97 217 203 97 156 259 251 236 239 186 82 161 286 317 231 105 286 224 210 70 308 197 189 132 222 237 93 225 153 151 225 177 124 188 107 266 251 203 136 141 243 213 214 249 139 235 278 131 180 153 98 242 194 253 112 261 266 89 251 279 273 123 224 261 196 213 147 150 194 123 84 0 154 124 81 147 201 268 281 72 286 241 84 103 215 85 74 158 241 189 157 130 322 221 273 103 172 134 159 246 248 175 148 174 232 146 165 232 78 239 142 204 209 214 151 73 112 70 156 228 187 115 119 209 108 253 158 220 105 251 263 94 258 196 144 187 168 274 212 133 246 164 182 201 136 271 141 150 145 106 71 80 256 70 114 102 72 96 79 257 233 152 133 163 260 253 151 295 87 104 257 305 198 200 238 128 98 317 160 149 110 158 74 170 183 64 158 242 151 98 128 126 240 235 128 163 139 140 122 315 221 253 107 255 197 273 292 149 77 104 200 112 89 103 177 216 226 65 92 138 243 305 95 159 151 269 292 123 269 158 192 174 166 72 206 247 305 115 263 117 173 203 153 231 70 141 124 83 150 131 83 103 112 211 199 258 90 122 209 127 192 184 128 191 255 229 215 260 317 102 72 95 141 242 133 279 175 182 165 140 69 124 260 82 129 147 95 230 211 133 246 189 267 123 220 200 190 204 269 123 217 167 111 235 240 153 236 265 145 101 259 114 156 264 155 222 327 235 103 269 87 81 288 174 235 163 223 150 202 141 61 207 93 239 101 270 102 225 99 176 130 119 245 77 86 150 290 167 146 216 145 158 259 142 288 132 131 144 149 188 119 160 123 
159 200 214 157 166 70 99 92 94 141 91 87 112 237 170 163 114 212 140 188 176 174 172 245 182 181 175 182 167 171 280 252 236 309 262 110 298 163 279 197 76 220 246 168 132 109 255 216 203 109 233 227 128 117 131 227 231 192 140 149 239 223 105 123 155 94 142 254 193 77 254 248 205 272 253 224 239 100 110 136 172 254 209 156 298 213 142 233 264 125 213 223 191 154 108 257 247 185 233 106 123 265 227 186 140 278 179 157 104 182 223 128 241 103 186 177 160 114 162 134 186 202 103 232 106 179 152 128 160 167 157 108 163 167 311 177 147 121 203 189 119 142 245 237 222 225 172 104 147 272 303 217 139 272 210 196 94 294 183 187 140 208 223 117 211 161 137 211 185 132 174 115 252 237 189 144 165 229 199 212 235 125 221 264 163 166 139 120 228 180 239 136 247 252 75 237 265 259 157 222 247 182 199 169 174 180 157 116 154 0 156 103 145 199 254 267 104 272 227 106 127 201 117 98 182 227 175 143 116 308 207 259 135 158 168 181 232 234 173 156 160 230 154 173 218 112 225 174 190 195 200 185 95 136 92 154 226 185 139 143 195 140 239 182 206 129 237 249 80 244 182 152 173 154 260 198 119 232 150 168 187 122 257 165 136 169 114 95 88 242 102 136 124 106 82 113 243 219 160 141 187 246 239 137 281 73 126 243 291 184 186 224 114 130 303 168 147 134 166 106 156 169 98 182 228 137 106 152 148 226 221 160 185 171 126 146 301 207 239 115 241 183 259 278 173 99 136 186 120 75 137 163 202 224 99 126 170 229 291 127 167 175 255 278 157 255 180 178 160 190 96 192 233 291 149 249 149 171 189 187 217 94 149 146 107 136 117 107 137 144 197 185 244 112 144 195 135 178 170 114 189 241 215 213 246 303 124 94 127 149 228 155 265 161 168 189 126 93 158 246 116 115 133 129 216 209 119 232 187 253 145 206 198 176 202 255 109 203 175 145 221 226 177 222 251 131 133 245 138 164 250 187 208 313 221 111 255 73 103 274 160 221 171 209 158 188 127 95 205 79 237 125 256 126 223 121 162 162 153 231 99 120 148 276 191 178 214 177 182 245 128 274 118 155 130 183 174 105 168 145 
175 216 230 173 182 86 57 72 64 133 73 69 125 253 152 145 130 228 110 146 158 156 188 261 198 173 167 164 159 153 296 268 252 325 278 68 314 145 295 210 92 236 262 160 102 89 271 208 219 125 249 243 141 75 113 243 247 208 122 107 231 239 121 139 137 74 112 270 185 93 270 264 221 288 269 240 255 70 92 152 164 270 225 114 314 229 124 249 280 138 229 239 183 146 78 273 263 165 249 122 105 281 243 178 122 294 171 127 62 140 239 110 257 85 178 159 140 94 178 114 156 218 119 248 88 192 132 144 118 183 149 124 179 180 327 159 163 101 216 205 101 158 261 253 238 241 188 86 163 288 319 233 109 288 226 209 74 310 199 179 122 221 239 97 227 143 150 227 167 114 190 97 268 253 205 126 145 245 215 204 251 141 237 280 121 179 155 102 244 196 255 116 263 268 91 253 281 275 127 214 263 198 212 151 154 196 127 74 124 156 0 85 137 191 270 283 62 288 243 88 107 217 75 78 162 243 191 156 132 324 223 275 93 171 138 163 248 250 165 138 176 222 136 155 234 82 241 132 206 211 216 155 77 116 74 146 218 177 119 123 211 98 255 162 222 109 253 265 96 260 198 134 186 170 276 214 135 248 163 184 200 135 273 145 149 149 96 75 70 258 60 118 106 76 98 83 259 235 142 123 167 262 255 153 297 89 108 259 307 200 202 240 130 88 319 150 139 114 148 64 172 182 68 162 244 150 88 132 130 242 237 118 167 129 142 126 317 220 255 97 257 199 275 294 153 81 94 202 102 91 107 179 218 216 69 96 128 245 307 85 149 155 271 294 127 271 162 194 173 170 76 205 249 307 119 265 107 163 202 157 233 74 131 128 87 152 130 87 107 102 210 201 260 94 126 211 117 191 183 127 181 257 231 205 262 319 106 76 85 131 244 137 281 177 181 169 139 73 128 262 86 131 149 99 232 201 135 248 179 269 127 222 190 192 194 271 125 219 157 115 237 242 157 238 267 144 91 261 118 146 266 145 224 329 237 93 271 89 85 290 173 237 153 225 140 204 143 65 197 95 229 105 272 106 215 103 178 120 123 247 81 90 140 292 171 136 206 135 162 261 144 290 134 135 143 153 190 121 150 127 
122 163 177 120 129 33 28 13 21 104 12 40 75 200 91 116 77 175 67 117 129 95 135 208 145 144 138 135 130 92 243 215 199 272 225 39 261 116 242 160 39 183 209 131 59 30 218 179 166 72 196 190 91 46 84 190 194 155 93 78 202 186 68 86 108 15 69 217 156 40 217 211 168 235 216 187 202 27 63 99 135 217 172 85 261 176 63 196 227 88 176 186 154 117 35 220 210 106 196 69 44 228 190 149 93 241 142 84 33 111 186 81 204 24 149 130 81 35 125 55 113 165 66 195 59 142 73 91 89 130 120 71 126 130 274 130 110 42 166 152 40 105 208 200 185 188 135 25 110 235 266 180 66 235 173 159 15 257 146 150 93 171 186 38 174 114 100 174 138 85 137 68 215 200 152 97 86 192 162 175 198 88 184 227 92 129 102 41 191 143 202 57 210 215 38 200 228 222 84 185 210 145 162 90 95 143 84 45 81 103 85 0 108 162 217 230 33 235 190 27 48 164 46 19 103 190 138 106 79 271 170 222 64 121 95 102 195 197 136 109 123 193 107 126 181 39 188 103 153 158 163 112 16 57 13 117 189 148 60 64 158 69 202 103 169 50 200 212 43 207 145 105 136 117 223 161 82 195 113 131 150 85 220 86 99 90 67 16 41 205 31 57 45 33 45 40 206 182 113 94 108 209 202 100 244 36 47 206 254 147 149 187 77 59 266 121 110 55 119 35 119 132 25 103 191 100 59 73 69 189 184 89 106 100 89 67 264 170 202 68 204 146 222 241 94 20 65 149 73 38 64 126 165 187 26 53 99 192 254 56 120 96 218 241 84 218 101 141 123 111 17 155 196 254 76 212 78 134 152 114 180 15 102 67 28 99 80 28 64 73 160 148 207 33 65 158 88 141 133 77 152 204 178 176 209 266 45 15 56 102 191 76 228 124 131 110 89 14 85 209 43 78 96 56 179 172 82 195 150 216 66 169 161 139 165 218 72 166 128 72 184 189 98 185 214 94 62 208 59 117 213 116 171 276 184 64 218 36 24 237 123 184 124 172 111 151 90 22 168 42 200 46 219 47 186 42 125 91 80 194 20 47 111 239 112 107 177 106 103 208 91 237 81 76 93 110 137 68 121 66 
164 205 219 162 171 75 80 95 87 4 96 92 117 242 175 168 119 217 133 169 181 179 177 250 187 44 38 187 30 176 285 257 241 314 267 91 303 168 284 202 81 225 251 31 125 112 260 79 208 114 238 232 133 98 136 232 236 197 145 130 102 228 110 128 160 97 135 259 56 82 259 253 210 277 258 229 244 93 115 141 35 259 214 137 303 218 147 238 269 130 218 228 54 17 101 262 252 188 238 111 128 270 232 49 145 283 42 150 85 163 228 133 246 108 49 182 163 117 167 137 179 207 108 237 111 184 155 133 141 172 20 113 168 172 316 182 152 124 208 194 124 147 250 242 227 230 177 109 152 277 308 222 132 277 215 201 97 299 188 50 145 213 228 120 216 166 142 216 190 137 179 120 257 242 194 149 168 234 204 75 240 130 226 269 144 171 144 125 233 185 244 139 252 257 80 242 270 264 150 85 252 187 204 174 177 185 150 97 147 145 137 108 0 62 259 272 85 277 232 111 130 206 98 101 185 232 180 148 121 313 212 264 116 163 161 186 237 239 36 161 165 93 159 178 223 105 230 155 195 200 205 178 100 139 97 17 89 48 142 146 200 121 244 185 211 132 242 254 85 249 187 157 178 159 265 203 124 237 155 173 192 127 262 168 141 172 119 98 93 247 83 141 129 99 87 106 248 224 165 146 190 251 244 142 286 78 131 248 296 189 191 229 119 111 308 173 10 137 171 87 161 174 91 185 233 142 111 155 153 231 226 141 190 152 131 149 306 212 244 120 246 188 264 283 176 104 117 191 125 80 130 168 207 87 92 119 151 234 296 108 172 178 260 283 150 260 185 183 165 193 99 197 238 296 142 254 130 34 194 180 222 97 154 151 110 141 122 110 130 125 202 190 249 117 149 200 140 183 175 119 52 246 220 76 251 308 129 99 108 154 233 160 270 166 173 192 131 96 151 251 109 120 138 122 221 72 124 237 50 258 150 211 61 181 65 260 114 208 180 138 226 231 180 227 256 136 114 250 141 169 255 168 213 318 226 116 260 78 108 279 165 226 176 214 163 193 132 88 68 84 100 128 261 129 86 126 167 143 146 236 104 113 11 281 194 159 77 158 185 250 133 279 123 158 135 176 179 110 173 150 
218 259 273 216 225 129 134 149 141 58 150 146 171 296 229 222 173 271 187 223 235 233 231 304 241 98 92 241 84 230 339 311 295 368 321 145 357 222 338 256 135 279 305 85 179 166 314 133 262 168 292 286 187 152 190 286 290 251 199 184 156 282 164 182 214 151 189 313 110 136 313 307 264 331 312 283 298 147 169 195 89 313 268 191 357 272 201 292 323 184 272 282 108 71 155 316 306 242 292 165 182 324 286 103 199 337 96 204 139 217 282 187 300 162 103 236 217 171 221 191 233 261 162 291 165 238 209 187 195 226 74 167 222 226 370 236 206 178 262 248 178 201 304 296 281 284 231 163 206 331 362 276 186 331 269 255 151 353 242 104 199 267 282 174 270 220 196 270 244 191 233 174 311 296 248 203 222 288 258 129 294 184 280 323 198 225 198 179 287 239 298 193 306 311 134 296 324 318 204 139 306 241 258 228 231 239 204 151 201 199 191 162 62 0 313 326 139 331 286 165 184 260 152 155 239 286 234 202 175 367 266 318 170 217 215 240 291 293 90 215 219 147 213 232 277 159 284 209 249 254 259 232 154 193 151 71 143 102 196 200 254 175 298 239 265 186 296 308 139 303 241 211 232 213 319 257 178 291 209 227 246 181 316 222 195 226 173 152 147 301 137 195 183 153 141 160 302 278 219 200 244 305 298 196 340 132 185 302 350 243 245 283 173 165 362 227 64 191 225 141 215 228 145 239 287 196 165 209 207 285 280 195 244 206 185 203 360 266 298 174 300 242 318 337 230 158 171 245 179 134 184 222 261 141 146 173 205 288 350 162 226 232 314 337 204 314 239 237 219 247 153 251 292 350 196 308 184 88 248 234 276 151 208 205 164 195 176 164 184 179 256 244 303 171 203 254 194 237 229 173 106 300 274 130 305 362 183 153 162 208 287 214 324 220 227 246 185 150 205 305 163 174 192 176 275 126 178 291 104 312 204 265 115 235 119 314 168 262 234 192 280 285 234 281 310 190 168 304 195 223 309 222 267 372 280 170 314 132 162 333 219 280 230 268 217 247 186 142 122 138 154 182 315 183 140 180 221 197 200 290 158 167 65 335 248 213 131 212 239 304 187 333 177 212 189 230 233 164 227 204 
95 122 150 97 88 184 213 206 208 255 205 201 226 173 284 277 228 152 254 302 290 288 108 167 104 295 289 296 281 285 216 188 158 245 184 224 220 277 201 311 190 142 168 282 246 223 195 330 125 223 155 163 242 231 245 149 171 128 254 263 353 159 219 237 269 208 256 190 307 191 194 170 141 194 175 160 161 214 224 250 286 176 145 270 220 135 256 173 200 239 135 163 305 268 222 193 183 299 169 220 237 187 149 300 254 200 293 271 218 296 163 242 177 217 300 291 274 228 276 248 300 124 217 168 220 293 266 242 274 107 271 222 103 281 247 291 261 235 317 111 233 256 167 177 144 165 112 218 261 208 239 139 253 194 132 310 208 216 119 301 254 322 163 231 151 275 251 133 299 246 96 229 192 177 125 258 279 169 121 326 171 239 161 200 277 280 253 234 164 120 175 250 187 188 189 173 201 195 271 336 183 118 313 283 288 120 271 230 268 254 270 217 259 313 0 189 218 194 167 220 241 123 231 212 296 163 97 257 230 244 129 195 249 272 282 295 168 156 287 270 96 344 268 287 140 226 161 288 130 135 122 299 209 250 206 268 340 299 253 257 117 254 179 296 142 243 159 171 194 180 104 266 287 268 196 134 233 168 264 104 301 236 193 279 250 283 228 209 202 164 216 250 238 220 196 227 183 141 274 255 301 182 179 251 203 187 240 179 227 120 122 160 228 244 239 282 261 248 280 220 270 283 212 296 150 251 220 266 262 148 157 274 299 285 240 260 237 321 179 229 163 119 181 200 287 213 250 122 234 189 251 99 124 338 213 240 284 165 213 241 281 289 177 200 271 177 294 100 274 304 210 306 155 213 263 189 263 285 303 301 157 208 263 260 221 250 231 221 251 258 311 121 166 226 258 131 249 292 284 228 303 163 137 327 182 239 238 208 241 263 164 269 201 275 282 303 240 207 272 182 230 229 247 243 138 323 233 172 301 189 259 128 312 112 316 177 223 139 289 259 157 166 291 144 187 245 247 181 252 278 186 301 130 249 157 225 191 187 217 210 274 157 285 145 272 124 241 209 319 193 351 239 178 240 337 235 102 276 267 153 213 234 262 212 305 292 328 291 296 167 242 196 232 269 244 297 96 219 282 259 
108 67 115 110 101 197 226 219 221 268 218 214 239 186 297 290 241 165 267 315 303 301 121 112 117 308 302 309 294 298 181 201 171 210 129 237 165 290 146 324 203 87 113 295 259 236 208 343 138 236 168 176 255 244 258 162 184 141 267 276 366 172 232 250 282 221 269 203 320 204 207 115 154 139 188 125 174 227 237 263 299 189 158 283 165 80 269 186 165 252 148 176 318 281 235 158 148 312 182 233 250 200 94 313 267 145 306 284 231 309 176 255 190 230 313 304 287 241 289 261 313 69 230 133 233 306 279 255 287 120 284 235 116 294 212 304 274 248 330 124 246 269 180 190 89 178 125 231 274 173 204 84 266 139 145 323 221 161 132 314 267 335 176 244 164 288 264 78 312 259 109 242 205 190 138 271 292 182 134 339 136 252 174 165 290 293 266 247 177 133 140 263 200 153 202 138 166 160 284 349 148 131 326 296 301 133 284 243 281 267 283 230 272 326 189 0 231 139 180 233 254 136 244 225 309 128 110 270 243 209 74 160 262 285 295 308 181 101 300 283 109 357 281 300 153 239 126 301 143 148 135 312 222 263 219 281 353 312 266 270 130 267 192 309 155 256 104 184 207 193 117 279 300 281 161 147 246 181 277 117 314 249 158 292 263 296 241 222 215 109 229 263 251 233 209 240 196 86 287 268 314 195 192 264 148 200 253 144 192 133 135 173 241 257 204 295 274 261 293 233 283 296 225 309 95 264 233 279 275 93 170 287 312 298 253 273 202 334 192 242 108 132 126 145 300 226 263 135 247 202 264 112 69 351 226 253 297 130 158 254 294 302 190 145 284 122 307 113 287 317 223 319 168 158 276 202 276 298 316 314 170 221 276 273 234 263 244 234 264 271 324 134 179 239 271 144 262 305 297 241 316 108 82 340 147 204 251 221 254 276 129 282 166 288 295 316 253 220 285 195 243 242 260 256 83 336 246 185 314 154 272 73 325 125 329 190 236 152 302 272 170 179 304 157 152 258 260 194 265 291 151 314 143 214 122 238 204 200 230 175 287 170 298 158 285 137 254 222 332 206 364 252 191 253 350 248 115 289 280 166 226 247 275 177 318 305 341 304 309 180 255 141 245 282 257 310 109 232 295 272 
123 164 178 121 130 34 5 20 12 81 21 17 73 201 100 93 78 176 58 94 106 104 136 209 146 121 115 112 107 101 244 216 200 273 226 16 262 93 243 158 40 184 210 108 50 37 219 156 167 73 197 191 89 23 61 191 195 156 70 55 179 187 69 87 85 22 60 218 133 41 218 212 169 236 217 188 203 18 40 100 112 218 173 62 262 177 72 197 228 86 177 187 131 94 26 221 211 113 197 70 53 229 191 126 70 242 119 75 10 88 187 58 205 33 126 107 88 42 126 62 104 166 67 196 36 140 80 92 66 131 97 72 127 128 275 107 111 49 164 153 49 106 209 201 186 189 136 34 111 236 267 181 57 236 174 157 22 258 147 127 70 169 187 45 175 91 98 175 115 62 138 45 216 201 153 74 93 193 163 152 199 89 185 228 69 127 103 50 192 144 203 64 211 216 39 201 229 223 75 162 211 146 160 99 102 144 75 22 72 104 62 33 85 139 218 231 0 236 191 36 55 165 23 26 110 191 139 104 80 272 171 223 41 119 86 111 196 198 113 86 124 170 84 103 182 30 189 80 154 159 164 103 25 64 22 94 166 125 67 71 159 46 203 110 170 57 201 213 44 208 146 82 134 118 224 162 83 196 111 132 148 83 221 93 97 97 44 23 18 206 8 66 54 24 46 31 207 183 90 71 115 210 203 101 245 37 56 207 255 148 150 188 78 36 267 98 87 62 96 12 120 130 16 110 192 98 36 80 78 190 185 66 115 77 90 74 265 168 203 45 205 147 223 242 101 29 42 150 50 39 55 127 166 164 17 44 76 193 255 33 97 103 219 242 75 219 110 142 121 118 24 153 197 255 67 213 55 111 150 105 181 22 79 76 35 100 78 35 55 50 158 149 208 42 74 159 65 139 131 75 129 205 179 153 210 267 54 24 33 79 192 85 229 125 129 117 87 21 76 210 34 79 97 47 180 149 83 196 127 217 75 170 138 140 142 219 73 167 105 63 185 190 105 186 215 92 39 209 66 94 214 93 172 277 185 41 219 37 33 238 121 185 101 173 88 152 91 13 145 43 177 53 220 54 163 51 126 68 71 195 29 38 88 240 119 84 154 83 110 209 92 238 82 83 91 101 138 69 98 75 
113 72 120 115 106 202 231 224 226 273 223 219 244 191 302 295 246 170 272 320 308 306 126 117 122 313 307 314 299 303 186 206 176 215 134 242 170 295 151 329 208 92 118 300 264 241 213 348 143 241 173 181 260 249 263 167 189 146 272 281 371 177 237 255 287 226 274 208 325 209 212 120 159 144 193 130 179 232 242 268 304 194 163 288 170 85 274 191 170 257 153 181 323 286 240 163 153 317 187 238 255 205 99 318 272 150 311 289 236 314 181 260 195 235 318 309 292 246 294 266 318 74 235 138 238 311 284 260 292 125 289 240 121 299 217 309 279 253 335 129 251 274 185 195 94 183 130 236 279 178 209 89 271 144 150 328 226 166 137 319 272 340 181 249 169 293 269 83 317 264 114 247 210 195 143 276 297 187 139 344 141 257 179 170 295 298 271 252 182 138 145 268 205 158 207 143 171 165 289 354 153 136 331 301 306 138 289 248 286 272 288 235 277 331 194 139 236 0 185 238 259 141 249 230 314 133 115 275 248 214 79 165 267 290 300 313 186 106 305 288 114 362 286 305 158 244 131 306 148 153 140 317 227 268 224 286 358 317 271 275 135 272 197 314 160 261 109 189 212 198 122 284 305 286 166 152 251 186 282 122 319 254 163 297 268 301 246 227 220 114 234 268 256 238 214 245 201 91 292 273 319 200 197 269 153 205 258 149 197 138 140 178 246 262 209 300 279 266 298 238 288 301 230 314 100 269 238 284 280 98 175 292 317 303 258 278 207 339 197 247 113 137 131 150 305 231 268 140 252 207 269 117 74 356 231 258 302 135 163 259 299 307 195 150 289 127 312 118 292 322 228 324 173 163 281 207 281 303 321 319 175 226 281 278 239 268 249 239 269 276 329 139 184 244 276 149 267 310 302 246 321 113 87 345 152 209 256 226 259 281 134 287 171 293 300 321 258 225 290 200 248 247 265 261 88 341 251 190 319 159 277 78 330 130 334 195 241 157 307 277 175 184 309 162 157 263 265 199 270 296 156 319 148 219 127 243 209 205 235 180 292 175 303 163 290 142 259 227 337 211 369 257 196 258 355 253 120 294 285 171 231 252 280 182 323 310 346 309 314 185 260 146 250 287 262 315 114 237 300 277 
72 113 127 70 79 157 186 179 181 228 178 174 199 150 257 250 201 125 227 275 263 261 85 158 95 268 262 269 254 258 193 165 149 222 175 197 211 250 192 284 163 133 159 255 219 196 168 303 116 196 146 140 215 204 218 140 144 105 227 236 326 136 192 210 242 181 229 167 280 164 167 161 118 185 166 137 152 187 197 223 259 167 122 243 211 126 229 146 177 212 126 136 278 241 195 170 160 272 146 193 210 178 140 273 227 191 266 244 191 269 136 215 154 190 273 264 247 201 249 221 273 115 190 145 193 266 239 215 247 80 244 195 76 254 224 264 234 208 290 102 206 229 158 150 135 138 85 191 234 185 216 130 226 185 123 283 181 207 96 274 227 295 136 204 124 248 224 124 272 219 87 202 165 150 102 231 252 142 112 299 148 212 134 177 250 253 226 207 141 93 152 223 160 165 162 150 178 172 244 309 160 95 286 256 261 93 244 203 241 227 243 190 232 286 167 180 191 185 0 193 214 114 204 185 269 140 88 230 203 221 120 172 222 245 255 268 145 147 260 243 73 317 241 260 131 199 138 261 103 108 113 272 182 223 179 241 313 272 226 230 108 227 152 269 119 216 150 162 167 157 95 239 260 241 173 111 206 145 237 81 274 209 170 252 223 256 201 182 175 155 189 223 211 193 169 200 156 132 247 228 274 159 152 224 194 160 213 156 204 97 99 137 201 217 216 255 234 221 253 193 243 256 185 269 141 224 193 239 235 139 134 247 272 258 213 233 214 294 152 202 154 96 172 191 260 186 223 99 207 162 224 76 115 311 186 213 257 142 204 214 254 262 168 191 244 168 267 91 247 277 183 279 146 204 236 162 236 258 276 274 130 181 236 233 194 223 204 194 224 231 284 98 157 199 231 108 222 265 257 201 276 154 128 300 159 216 211 181 214 236 141 242 178 248 255 276 213 180 245 159 203 202 220 216 129 296 206 145 274 166 232 119 285 89 289 168 196 116 262 232 134 139 264 135 164 218 220 158 225 251 163 274 121 226 134 198 168 160 190 187 247 134 258 122 245 101 214 182 292 166 324 212 169 213 310 208 75 249 240 144 186 207 235 189 278 265 301 264 269 158 215 187 205 242 217 270 87 192 255 232 
125 166 180 123 132 36 31 16 24 107 15 43 78 203 94 119 80 178 70 120 132 98 138 211 148 147 141 138 133 95 246 218 202 275 228 42 264 119 245 163 42 186 212 134 62 33 221 182 169 75 199 193 94 49 87 193 197 158 96 81 205 189 71 89 111 18 72 220 159 43 220 214 171 238 219 190 205 30 66 102 138 220 175 88 264 179 66 199 230 91 179 189 157 120 38 223 213 109 199 72 47 231 193 152 96 244 145 87 36 114 189 84 207 27 152 133 84 38 128 58 116 168 69 198 62 145 76 94 92 133 123 74 129 133 277 133 113 45 169 155 43 108 211 203 188 191 138 28 113 238 269 183 69 238 176 162 18 260 149 153 96 174 189 41 177 117 103 177 141 88 140 71 218 203 155 100 89 195 165 178 201 91 187 230 95 132 105 44 194 146 205 60 213 218 41 203 231 225 87 188 213 148 165 93 98 146 87 48 84 106 88 27 111 165 220 233 36 238 193 0 51 167 49 22 106 193 141 109 82 274 173 225 67 124 98 105 198 200 139 112 126 196 110 129 184 42 191 106 156 161 166 115 19 60 16 120 192 151 63 67 161 72 205 106 172 53 203 215 46 210 148 108 139 120 226 164 85 198 116 134 153 88 223 89 102 93 70 19 44 208 34 60 48 36 48 43 209 185 116 97 111 212 205 103 247 39 50 209 257 150 152 190 80 62 269 124 113 58 122 38 122 135 28 106 194 103 62 76 72 192 187 92 109 103 92 70 267 173 205 71 207 149 225 244 97 23 68 152 76 41 67 129 168 190 29 56 102 195 257 59 123 99 221 244 87 221 104 144 126 114 20 158 199 257 79 215 81 137 155 117 183 18 105 70 31 102 83 31 67 76 163 151 210 36 68 161 91 144 136 80 155 207 181 179 212 269 48 18 59 105 194 79 231 127 134 113 92 17 88 212 46 81 99 59 182 175 85 198 153 219 69 172 164 142 168 221 75 169 131 75 187 192 101 188 217 97 65 211 62 120 216 119 174 279 187 67 221 39 27 240 126 187 127 175 114 154 93 25 171 45 203 49 222 50 189 45 128 94 83 197 23 50 114 242 115 110 180 109 106 211 94 240 84 79 96 113 140 71 124 69 
146 187 201 144 153 57 50 35 43 126 36 62 99 224 115 138 101 199 89 139 151 119 159 232 169 166 160 157 152 116 267 239 223 296 249 61 285 138 266 184 63 207 233 153 81 52 242 201 190 96 220 214 115 68 106 214 218 179 115 100 224 210 92 110 130 37 91 241 178 64 241 235 192 259 240 211 226 49 85 123 157 241 196 107 285 200 87 220 251 112 200 210 176 139 57 244 234 128 220 93 68 252 214 171 115 265 164 106 55 133 210 103 228 48 171 152 103 57 149 77 135 189 90 219 81 166 95 115 111 154 142 95 150 154 298 152 134 64 190 176 64 129 232 224 209 212 159 49 134 259 290 204 88 259 197 183 37 281 170 172 115 195 210 60 198 136 124 198 160 107 161 90 239 224 176 119 108 216 186 197 222 112 208 251 114 153 126 65 215 167 226 79 234 239 62 224 252 246 106 207 234 169 186 114 117 167 106 67 103 127 107 48 130 184 241 254 55 259 214 51 0 188 68 41 125 214 162 130 103 295 194 246 86 145 117 126 219 221 158 131 147 215 129 148 205 61 212 125 177 182 187 134 40 79 37 139 211 170 82 86 182 91 226 125 193 72 224 236 67 231 169 127 160 141 247 185 106 219 137 155 174 109 244 108 123 112 89 38 63 229 53 81 69 55 69 62 230 206 135 116 130 233 226 124 268 60 71 230 278 171 173 211 101 81 290 143 132 77 141 57 143 156 47 125 215 124 81 95 93 213 208 111 130 122 113 89 288 194 226 90 228 170 246 265 116 44 87 173 95 62 86 150 189 209 48 75 121 216 278 78 142 118 242 265 106 242 125 165 147 133 39 179 220 278 98 236 100 156 176 136 204 37 124 91 50 123 104 50 86 95 184 172 231 57 89 182 110 165 157 101 174 228 202 198 233 290 69 39 78 124 215 100 252 148 155 132 113 36 107 233 65 102 120 78 203 194 106 219 172 240 90 193 183 163 187 242 96 190 150 94 208 213 120 209 238 118 84 232 81 139 237 138 195 300 208 86 242 60 48 261 147 208 146 196 133 175 114 44 190 66 222 68 243 69 208 66 149 113 102 218 44 69 133 263 134 129 199 128 125 232 115 261 105 98 117 132 161 92 143 90 
42 69 97 44 35 131 160 153 155 202 152 148 173 120 231 224 175 99 201 249 237 235 55 114 51 242 236 243 228 232 163 135 105 192 131 171 167 224 148 258 137 89 115 229 193 170 142 277 72 170 102 110 189 178 192 96 118 75 201 210 300 106 166 184 216 155 203 137 254 138 141 117 88 141 122 107 108 161 171 197 233 123 92 217 167 82 203 120 147 186 82 110 252 215 169 140 130 246 116 167 184 134 96 247 201 147 240 218 165 243 110 189 124 164 247 238 221 175 223 195 247 71 164 115 167 240 213 189 221 54 218 169 50 228 194 238 208 182 264 58 180 203 114 124 91 112 59 165 208 155 186 86 200 141 79 257 155 163 66 248 201 269 110 178 98 222 198 80 246 193 43 176 139 124 72 205 226 116 68 273 118 186 108 147 224 227 200 181 111 67 122 197 134 135 136 120 148 142 218 283 130 65 260 230 235 67 218 177 215 201 217 164 206 260 123 136 165 141 114 167 188 0 178 159 243 110 44 204 177 191 76 142 196 219 229 242 115 103 234 217 43 291 215 234 87 173 108 235 77 82 69 246 156 197 153 215 287 246 200 204 64 201 126 243 89 190 106 118 141 127 51 213 234 215 143 81 180 115 211 51 248 183 140 226 197 230 175 156 149 111 163 197 185 167 143 174 130 88 221 202 248 129 126 198 150 134 187 126 174 67 69 107 175 191 186 229 208 195 227 167 217 230 159 243 97 198 167 213 209 95 104 221 246 232 187 207 184 268 126 176 110 66 128 147 234 160 197 69 181 136 198 46 71 285 160 187 231 112 160 188 228 236 124 147 218 124 241 47 221 251 157 253 102 160 210 136 210 232 250 248 104 155 210 207 168 197 178 168 198 205 258 68 113 173 205 78 196 239 231 175 250 110 84 274 129 186 185 155 188 210 111 216 148 222 229 250 187 154 219 129 177 176 194 190 85 270 180 119 248 136 206 75 259 59 263 124 170 86 236 206 104 113 238 91 134 192 194 128 199 225 133 248 77 196 104 172 138 134 164 157 221 104 232 92 219 71 188 156 266 140 298 186 125 187 284 182 49 223 214 100 160 181 209 159 252 239 275 238 243 114 189 143 179 216 191 244 43 166 229 206 
136 177 191 134 143 47 18 33 25 94 34 30 86 214 113 106 91 189 71 107 119 117 149 222 159 134 128 125 120 114 257 229 213 286 239 29 275 106 256 171 53 197 223 121 63 50 232 169 180 86 210 204 102 36 74 204 208 169 83 68 192 200 82 100 98 35 73 231 146 54 231 225 182 249 230 201 216 31 53 113 125 231 186 75 275 190 85 210 241 99 190 200 144 107 39 234 224 126 210 83 66 242 204 139 83 255 132 88 23 101 200 71 218 46 139 120 101 55 139 75 117 179 80 209 49 153 93 105 79 144 110 85 140 141 288 120 124 62 177 166 62 119 222 214 199 202 149 47 124 249 280 194 70 249 187 170 35 271 160 140 83 182 200 58 188 104 111 188 128 75 151 58 229 214 166 87 106 206 176 165 212 102 198 241 82 140 116 63 205 157 216 77 224 229 52 214 242 236 88 175 224 159 173 112 115 157 88 35 85 117 75 46 98 152 231 244 23 249 204 49 68 178 0 39 123 204 152 117 93 285 184 236 54 132 99 124 209 211 126 99 137 183 97 116 195 43 202 93 167 172 177 116 38 77 35 107 179 138 80 84 172 59 216 123 183 70 214 226 57 221 159 95 147 131 237 175 96 209 124 145 161 96 234 106 110 110 57 36 31 219 21 79 67 37 59 44 220 196 103 84 128 223 216 114 258 50 69 220 268 161 163 201 91 49 280 111 100 75 109 25 133 143 29 123 205 111 49 93 91 203 198 79 128 90 103 87 278 181 216 58 218 160 236 255 114 42 55 163 63 52 68 140 179 177 30 57 89 206 268 46 110 116 232 255 88 232 123 155 134 131 37 166 210 268 80 226 68 124 163 118 194 35 92 89 48 113 91 48 68 63 171 162 221 55 87 172 78 152 144 88 142 218 192 166 223 280 67 37 46 92 205 98 242 138 142 130 100 34 89 223 47 92 110 60 193 162 96 209 140 230 88 183 151 153 155 232 86 180 118 76 198 203 118 199 228 105 52 222 79 107 227 106 185 290 198 54 232 50 46 251 134 198 114 186 101 165 104 26 158 56 190 66 233 67 176 64 139 81 84 208 42 51 101 253 132 97 167 96 123 222 105 251 95 96 104 114 151 82 111 88 
117 158 172 115 124 28 21 6 14 97 7 33 70 195 86 109 72 170 60 110 122 90 130 203 140 137 131 128 123 87 238 210 194 267 220 32 256 109 237 155 34 178 204 124 52 23 213 172 161 67 191 185 86 39 77 185 189 150 86 71 195 181 63 81 101 8 62 212 149 35 212 206 163 230 211 182 197 20 56 94 128 212 167 78 256 171 58 191 222 83 171 181 147 110 28 215 205 99 191 64 39 223 185 142 86 236 135 77 26 104 181 74 199 19 142 123 74 28 120 48 106 160 61 190 52 137 66 86 82 125 113 66 121 125 269 123 105 35 161 147 35 100 203 195 180 183 130 20 105 230 261 175 59 230 168 154 8 252 141 143 86 166 181 31 169 107 95 169 131 78 132 61 210 195 147 90 79 187 157 168 193 83 179 222 85 124 97 36 186 138 197 50 205 210 33 195 223 217 77 178 205 140 157 85 88 138 77 38 74 98 78 19 101 155 212 225 26 230 185 22 41 159 39 0 96 185 133 101 74 266 165 217 57 116 88 97 190 192 129 102 118 186 100 119 176 32 183 96 148 153 158 105 11 50 8 110 182 141 53 57 153 62 197 96 164 43 195 207 38 202 140 98 131 112 218 156 77 190 108 126 145 80 215 79 94 83 60 9 34 200 24 52 40 26 40 33 201 177 106 87 101 204 197 95 239 31 42 201 249 142 144 182 72 52 261 114 103 48 112 28 114 127 18 96 186 95 52 66 64 184 179 82 101 93 84 60 259 165 197 61 199 141 217 236 87 15 58 144 66 33 57 121 160 180 19 46 92 187 249 49 113 89 213 236 77 213 96 136 118 104 10 150 191 249 69 207 71 127 147 107 175 8 95 62 21 94 75 21 57 66 155 143 202 28 60 153 81 136 128 72 145 199 173 169 204 261 40 10 49 95 186 71 223 119 126 103 84 7 78 204 36 73 91 49 174 165 77 190 143 211 61 164 154 134 158 213 67 161 121 65 179 184 91 180 209 89 55 203 52 110 208 109 166 271 179 57 213 31 19 232 118 179 117 167 104 146 85 15 161 37 193 39 214 40 179 37 120 84 73 189 15 40 104 234 105 100 170 99 96 203 86 232 76 69 88 103 132 63 114 61 
201 242 256 199 208 112 105 90 98 181 91 117 154 279 170 193 156 254 144 194 206 174 214 287 224 221 215 212 207 171 322 294 278 351 304 116 340 193 321 239 118 262 288 208 136 107 297 256 245 151 275 269 170 123 161 269 273 234 170 155 279 265 147 165 185 92 146 296 233 119 296 290 247 314 295 266 281 104 140 178 212 296 251 162 340 255 142 275 306 167 255 265 231 194 112 299 289 183 275 148 123 307 269 226 170 320 219 161 110 188 265 158 283 103 226 207 158 112 204 132 190 244 145 274 136 221 150 170 166 209 197 150 205 209 353 207 189 119 245 231 119 184 287 279 264 267 214 104 189 314 345 259 143 314 252 238 92 336 225 227 170 250 265 115 253 191 179 253 215 162 216 145 294 279 231 174 163 271 241 252 277 167 263 306 169 208 181 120 270 222 281 134 289 294 117 279 307 301 161 262 289 224 241 169 172 222 161 122 158 182 162 103 185 239 296 309 110 314 269 106 125 243 123 96 0 269 217 185 158 350 249 301 141 200 172 181 274 276 213 186 202 270 184 203 260 116 267 180 232 237 242 189 95 134 92 194 266 225 137 141 237 146 281 180 248 127 279 291 122 286 224 182 215 196 302 240 161 274 192 210 229 164 299 163 178 167 144 93 118 284 108 136 124 110 124 117 285 261 190 171 185 288 281 179 323 115 126 285 333 226 228 266 156 136 345 198 187 132 196 112 198 211 102 180 270 179 136 150 148 268 263 166 185 177 168 144 343 249 281 145 283 225 301 320 171 99 142 228 150 117 141 205 244 264 103 130 176 271 333 133 197 173 297 320 161 297 180 220 202 188 94 234 275 333 153 291 155 211 231 191 259 92 179 146 105 178 159 105 141 150 239 227 286 112 144 237 165 220 212 156 229 283 257 253 288 345 124 94 133 179 270 155 307 203 210 187 168 91 162 288 120 157 175 133 258 249 161 274 227 295 145 248 238 218 242 297 151 245 205 149 263 268 175 264 293 173 139 287 136 194 292 193 250 355 263 141 297 115 103 316 202 263 201 251 188 230 169 99 245 121 277 123 298 124 263 121 204 168 157 273 99 124 188 318 189 184 254 183 180 287 170 316 160 153 172 187 216 147 198 145 
72 61 13 70 75 157 186 179 181 228 178 174 199 150 257 250 201 125 227 275 263 261 85 106 91 268 262 269 254 258 79 165 145 108 123 197 159 250 140 284 163 81 107 255 219 196 168 303 112 196 142 140 215 204 218 136 144 105 227 236 326 136 192 210 242 181 229 167 280 164 167 109 118 133 162 23 148 187 197 223 259 163 122 243 159 74 229 146 63 212 122 136 278 241 195 56 46 272 146 193 210 174 88 273 227 139 266 244 191 269 136 215 154 190 273 264 247 201 249 221 273 63 190 31 193 266 239 215 247 80 244 195 76 254 110 264 234 208 290 98 206 229 154 150 83 138 85 191 234 71 102 78 226 133 119 283 181 155 96 274 227 295 136 204 124 248 224 72 272 219 83 202 165 150 102 231 252 142 108 299 34 212 134 63 250 253 226 207 141 93 38 223 160 51 162 36 64 58 244 309 46 95 286 256 261 93 244 203 241 227 243 190 232 286 163 128 191 133 140 193 214 110 204 185 269 0 84 230 203 107 68 58 222 245 255 268 145 95 260 243 73 317 241 260 127 199 24 261 103 108 109 272 182 223 179 241 313 272 226 230 104 227 152 269 119 216 98 158 167 157 91 239 260 241 59 111 206 145 237 81 274 209 56 252 223 256 201 182 175 103 189 223 211 193 169 200 156 80 247 228 274 159 152 224 142 160 213 42 90 97 99 137 201 217 102 255 234 221 253 193 243 256 185 269 89 224 193 239 235 87 134 247 272 258 213 233 100 294 152 202 102 96 120 139 260 186 223 99 207 162 224 76 63 311 186 213 257 28 152 214 254 262 164 139 244 116 267 87 247 277 183 279 142 152 236 162 236 258 276 274 130 181 236 233 194 223 204 194 224 231 284 98 153 199 231 108 222 265 257 201 276 102 76 300 45 102 211 181 214 236 27 242 64 248 255 276 213 180 245 159 203 202 220 216 77 296 206 145 274 52 232 67 285 89 289 164 196 116 262 232 134 139 264 131 50 218 220 158 225 251 49 274 117 112 20 198 168 160 190 73 247 134 258 122 245 101 214 182 292 166 324 212 165 213 310 208 75 249 240 140 186 207 235 75 278 265 301 264 269 154 215 135 205 242 217 270 83 192 255 232 
16 43 71 18 9 105 134 127 129 176 126 122 147 94 205 198 149 73 175 223 211 209 29 88 25 216 210 217 202 206 137 109 79 166 105 145 141 198 122 232 111 63 89 203 167 144 116 251 46 144 76 84 163 152 166 70 92 49 175 184 274 80 140 158 190 129 177 111 228 112 115 91 62 115 96 81 82 135 145 171 207 97 66 191 141 56 177 94 121 160 56 84 226 189 143 114 104 220 90 141 158 108 70 221 175 121 214 192 139 217 84 163 98 138 221 212 195 149 197 169 221 45 138 89 141 214 187 163 195 28 192 143 24 202 168 212 182 156 238 32 154 177 88 98 65 86 33 139 182 129 160 60 174 115 53 231 129 137 40 222 175 243 84 152 72 196 172 54 220 167 17 150 113 98 46 179 200 90 42 247 92 160 82 121 198 201 174 155 85 41 96 171 108 109 110 94 122 116 192 257 104 39 234 204 209 41 192 151 189 175 191 138 180 234 97 110 139 115 88 141 162 44 152 133 217 84 0 178 151 165 50 116 170 193 203 216 89 77 208 191 17 265 189 208 61 147 82 209 51 56 43 220 130 171 127 189 261 220 174 178 38 175 100 217 63 164 80 92 115 101 25 187 208 189 117 55 154 89 185 25 222 157 114 200 171 204 149 130 123 85 137 171 159 141 117 148 104 62 195 176 222 103 100 172 124 108 161 100 148 41 43 81 149 165 160 203 182 169 201 141 191 204 133 217 71 172 141 187 183 69 78 195 220 206 161 181 158 242 100 150 84 40 102 121 208 134 171 43 155 110 172 20 45 259 134 161 205 86 134 162 202 210 98 121 192 98 215 21 195 225 131 227 76 134 184 110 184 206 224 222 78 129 184 181 142 171 152 142 172 179 232 42 87 147 179 52 170 213 205 149 224 84 58 248 103 160 159 129 162 184 85 190 122 196 203 224 161 128 193 103 151 150 168 164 59 244 154 93 222 110 180 49 233 33 237 98 144 60 210 180 78 87 212 65 108 166 168 102 173 199 107 222 51 170 78 146 112 108 138 131 195 78 206 66 193 45 162 130 240 114 272 160 99 161 258 156 23 197 188 74 134 155 183 133 226 213 249 212 217 88 163 117 153 190 165 218 17 140 203 180 
162 203 217 160 169 73 99 95 97 144 94 90 31 240 173 166 117 215 143 188 179 177 175 248 185 184 178 185 170 174 283 255 239 312 265 110 301 166 282 116 79 223 249 171 135 112 258 219 206 112 236 230 47 117 134 230 234 195 143 149 242 226 108 126 158 97 145 257 196 80 257 251 208 275 256 227 242 103 113 139 175 257 212 156 301 216 145 236 267 44 216 226 194 157 111 260 250 188 236 109 126 268 230 189 143 281 182 160 104 182 226 131 244 106 189 180 163 117 165 137 189 205 106 235 109 98 155 131 160 170 160 111 166 86 314 180 150 124 122 192 122 145 248 240 225 228 175 107 150 275 306 220 142 275 213 115 97 297 186 190 143 127 226 120 214 164 56 214 188 135 177 118 255 240 192 147 168 232 202 215 238 128 224 267 163 85 142 123 231 183 242 139 250 255 78 240 268 262 160 225 250 185 118 172 177 183 160 116 157 143 156 106 148 202 257 270 104 275 230 109 130 204 117 101 185 230 178 0 119 311 210 262 135 77 171 184 235 237 176 159 163 233 157 176 221 115 228 174 193 198 203 188 98 139 95 157 229 188 142 146 198 140 242 185 209 132 240 252 83 247 185 155 92 157 263 201 122 235 69 171 106 41 260 168 55 172 117 98 91 245 102 139 127 109 85 116 246 222 163 144 190 249 242 140 284 76 129 246 294 187 189 227 117 130 306 171 150 137 169 106 159 88 101 185 231 56 109 155 151 229 224 160 188 171 129 149 304 126 242 118 244 186 262 281 176 102 136 189 123 78 140 166 205 227 102 129 170 232 294 127 170 178 258 281 160 258 183 181 79 193 99 111 236 294 152 252 149 174 108 190 220 97 152 149 110 139 36 110 140 144 116 188 247 115 147 198 138 97 89 33 192 244 218 216 249 306 127 97 127 152 231 158 268 164 87 192 45 96 161 249 119 118 136 132 219 212 122 235 190 256 148 209 201 179 205 258 112 206 178 148 224 229 180 225 254 50 133 248 141 167 253 187 211 316 224 114 258 76 106 277 79 224 174 212 161 191 130 98 208 82 240 128 259 129 226 124 165 162 156 234 102 123 151 279 194 178 217 177 185 248 131 277 121 158 49 186 177 108 171 148 
135 176 190 133 142 46 75 68 70 117 67 63 88 213 146 139 90 188 116 164 152 150 148 221 158 157 151 158 143 147 256 228 212 285 238 86 274 139 255 173 52 196 222 144 108 85 231 192 179 85 209 203 104 93 107 203 207 168 116 125 215 199 81 99 131 70 118 230 169 53 230 224 181 248 229 200 215 76 86 112 148 230 185 132 274 189 118 209 240 101 189 199 167 130 84 233 223 161 209 82 99 241 203 162 116 254 155 133 80 158 199 104 217 79 162 153 136 90 138 110 162 178 79 208 82 155 128 104 136 143 133 84 139 143 287 153 123 97 179 165 95 118 221 213 198 201 148 80 123 248 279 193 115 248 186 172 70 270 159 163 116 184 199 93 187 137 113 187 161 108 150 91 228 213 165 120 141 205 175 188 211 101 197 240 139 142 115 96 204 156 215 112 223 228 51 213 241 235 133 198 223 158 175 145 150 156 133 92 130 116 132 79 121 175 230 243 80 248 203 82 103 177 93 74 158 203 151 119 0 284 183 235 111 134 144 157 208 210 149 132 136 206 130 149 194 88 201 150 166 171 176 161 71 112 68 130 202 161 115 119 171 116 215 158 182 105 213 225 56 220 158 128 149 130 236 174 95 208 126 144 163 98 233 141 112 145 90 71 64 218 78 112 100 82 58 89 219 195 136 117 163 222 215 113 257 49 102 219 267 160 162 200 90 106 279 144 123 110 142 82 132 145 74 158 204 113 82 128 124 202 197 136 161 147 102 122 277 183 215 91 217 159 235 254 149 75 112 162 96 51 113 139 178 200 75 102 146 205 267 103 143 151 231 254 133 231 156 154 136 166 72 168 209 267 125 225 125 147 165 163 193 70 125 122 83 112 93 83 113 120 173 161 220 88 120 171 111 154 146 90 165 217 191 189 222 279 100 70 103 125 204 131 241 137 144 165 102 69 134 222 92 91 109 105 192 185 95 208 163 229 121 182 174 152 178 231 85 179 151 121 197 202 153 198 227 107 109 221 114 140 226 163 184 289 197 87 231 49 79 250 136 197 147 185 134 164 103 71 181 55 213 101 232 102 199 97 138 138 129 207 75 96 124 252 167 154 190 153 158 221 104 250 94 131 106 159 150 81 144 121 
153 142 94 151 156 238 267 260 262 309 259 255 280 231 338 331 282 206 308 356 344 342 166 187 172 349 343 350 335 339 160 246 226 189 204 278 240 331 221 365 244 162 188 336 300 277 249 384 193 277 223 221 296 285 299 217 225 186 308 317 407 217 273 291 323 262 310 248 361 245 248 190 199 214 243 104 229 268 278 304 340 244 203 324 240 155 310 227 144 293 203 217 359 322 276 137 127 353 227 274 291 255 169 354 308 220 347 325 272 350 217 296 235 271 354 345 328 282 330 302 354 144 271 112 274 347 320 296 328 161 325 276 157 335 191 345 315 289 371 179 287 310 235 231 164 219 166 272 315 152 183 159 307 214 200 364 262 236 177 355 308 376 217 285 205 329 305 153 353 300 164 283 246 231 183 312 333 223 189 380 115 293 215 144 331 334 307 288 222 174 119 304 241 132 243 117 145 139 325 390 127 176 367 337 342 174 325 284 322 308 324 271 313 367 244 209 272 214 221 274 295 191 285 266 350 107 165 311 284 0 149 139 303 326 336 349 226 176 341 324 154 398 322 341 208 280 105 342 184 189 190 353 263 304 260 322 394 353 307 311 185 308 233 350 200 297 179 239 248 238 172 320 341 322 140 192 287 226 318 162 355 290 137 333 304 337 282 263 256 184 270 304 292 274 250 281 237 161 328 309 355 240 233 305 223 241 294 123 171 178 180 218 282 298 183 336 315 302 334 274 324 337 266 350 170 305 274 320 316 168 215 328 353 339 294 314 181 375 233 283 183 177 201 220 341 267 304 180 288 243 305 157 144 392 267 294 338 109 233 295 335 343 245 220 325 197 348 168 328 358 264 360 223 233 317 243 317 339 357 355 211 262 317 314 275 304 285 275 305 312 365 179 234 280 312 189 303 346 338 282 357 183 157 381 126 183 292 262 295 317 108 323 145 329 336 357 294 261 326 240 284 283 301 297 158 377 287 226 355 133 313 148 366 170 370 245 277 197 343 313 215 220 345 212 131 299 301 239 306 332 130 355 198 193 101 279 249 241 271 154 328 215 339 203 326 182 295 263 373 247 405 293 246 294 391 289 156 330 321 221 267 288 316 156 359 346 382 345 350 235 296 216 286 323 298 351 164 273 336 313 
48 7 55 50 41 137 166 159 161 208 158 154 179 126 237 230 181 105 207 255 243 241 61 52 57 248 242 249 234 238 121 141 111 150 69 177 105 230 86 264 143 27 53 235 199 176 148 283 78 176 108 116 195 184 198 102 124 81 207 216 306 112 172 190 222 161 209 143 260 144 147 55 94 79 128 65 114 167 177 203 239 129 98 223 105 20 209 126 105 192 88 116 258 221 175 98 88 252 122 173 190 140 34 253 207 85 246 224 171 249 116 195 130 170 253 244 227 181 229 201 253 9 170 73 173 246 219 195 227 60 224 175 56 234 152 244 214 188 270 64 186 209 120 130 29 118 65 171 214 113 144 24 206 79 85 263 161 101 72 254 207 275 116 184 104 228 204 18 252 199 49 182 145 130 78 211 232 122 74 279 76 192 114 105 230 233 206 187 117 73 80 203 140 93 142 78 106 100 224 289 88 71 266 236 241 73 224 183 221 207 223 170 212 266 129 74 171 79 120 173 194 76 184 165 249 68 50 210 183 149 0 100 202 225 235 248 121 41 240 223 49 297 221 240 93 179 66 241 83 88 75 252 162 203 159 221 293 252 206 210 70 207 132 249 95 196 44 124 147 133 57 219 240 221 101 87 186 121 217 57 254 189 98 232 203 236 181 162 155 49 169 203 191 173 149 180 136 26 227 208 254 135 132 204 88 140 193 84 132 73 75 113 181 197 144 235 214 201 233 173 223 236 165 249 35 204 173 219 215 33 110 227 252 238 193 213 142 274 132 182 48 72 66 85 240 166 203 75 187 142 204 52 9 291 166 193 237 70 98 194 234 242 130 85 224 62 247 53 227 257 163 259 108 98 216 142 216 238 256 254 110 161 216 213 174 203 184 174 204 211 264 74 119 179 211 84 202 245 237 181 256 48 22 280 87 144 191 161 194 216 69 222 106 228 235 256 193 160 225 135 183 182 200 196 23 276 186 125 254 94 212 13 265 65 269 130 176 92 242 212 110 119 244 97 92 198 200 134 205 231 91 254 83 154 62 178 144 140 170 115 227 110 238 98 225 77 194 162 272 146 304 192 131 193 290 188 55 229 220 106 166 187 215 117 258 245 281 244 249 120 195 81 185 222 197 250 49 172 235 212 
104 93 45 102 107 189 218 211 213 260 210 206 231 182 289 282 233 157 259 307 295 293 117 138 123 300 294 301 286 290 111 197 177 140 155 229 191 282 172 316 195 113 139 287 251 228 200 335 144 228 174 172 247 236 250 168 176 137 259 268 358 168 224 242 274 213 261 199 312 196 199 141 150 165 194 55 180 219 229 255 291 195 154 275 191 106 261 178 95 244 154 168 310 273 227 88 78 304 178 225 242 206 120 305 259 171 298 276 223 301 168 247 186 222 305 296 279 233 281 253 305 95 222 63 225 298 271 247 279 112 276 227 108 286 142 296 266 240 322 130 238 261 186 182 115 170 117 223 266 103 134 110 258 165 151 315 213 187 128 306 259 327 168 236 156 280 256 104 304 251 115 234 197 182 134 263 284 174 140 331 66 244 166 95 282 285 258 239 173 125 70 255 192 83 194 68 96 90 276 341 78 127 318 288 293 125 276 235 273 259 275 222 264 318 195 160 223 165 172 225 246 142 236 217 301 58 116 262 235 139 100 0 254 277 287 300 177 127 292 275 105 349 273 292 159 231 56 293 135 140 141 304 214 255 211 273 345 304 258 262 136 259 184 301 151 248 130 190 199 189 123 271 292 273 91 143 238 177 269 113 306 241 88 284 255 288 233 214 207 135 221 255 243 225 201 232 188 112 279 260 306 191 184 256 174 192 245 74 122 129 131 169 233 249 134 287 266 253 285 225 275 288 217 301 121 256 225 271 267 119 166 279 304 290 245 265 132 326 184 234 134 128 152 171 292 218 255 131 239 194 256 108 95 343 218 245 289 60 184 246 286 294 196 171 276 148 299 119 279 309 215 311 174 184 268 194 268 290 308 306 162 213 268 265 226 255 236 226 256 263 316 130 185 231 263 140 254 297 289 233 308 134 108 332 77 134 243 213 246 268 59 274 96 280 287 308 245 212 277 191 235 234 252 248 109 328 238 177 306 84 264 99 317 121 321 196 228 148 294 264 166 171 296 163 82 250 252 190 257 283 81 306 149 144 52 230 200 192 222 105 279 166 290 154 277 133 246 214 324 198 356 244 197 245 342 240 107 281 272 172 218 239 267 107 310 297 333 296 301 186 247 167 237 274 249 302 115 224 287 264 
154 195 209 152 161 65 36 51 43 112 52 48 104 232 131 124 109 207 89 125 137 135 167 240 177 152 146 143 138 132 275 247 231 304 257 47 293 124 274 189 71 215 241 139 81 68 250 187 198 104 228 222 120 54 92 222 226 187 101 86 210 218 100 118 116 53 91 249 164 72 249 243 200 267 248 219 234 49 71 131 143 249 204 93 293 208 103 228 259 117 208 218 162 125 57 252 242 144 228 101 84 260 222 157 101 273 150 106 41 119 218 89 236 64 157 138 119 73 157 93 135 197 98 227 67 171 111 123 97 162 128 103 158 159 306 138 142 80 195 184 80 137 240 232 217 220 167 65 142 267 298 212 88 267 205 188 53 289 178 158 101 200 218 76 206 122 129 206 146 93 169 76 247 232 184 105 124 224 194 183 230 120 216 259 100 158 134 81 223 175 234 95 242 247 70 232 260 254 106 193 242 177 191 130 133 175 106 53 103 135 93 64 116 170 249 262 41 267 222 67 86 196 54 57 141 222 170 135 111 303 202 254 0 150 117 142 227 229 144 117 155 201 115 134 213 61 220 111 185 190 195 134 56 95 53 125 197 156 98 102 190 77 234 141 201 88 232 244 75 239 177 113 165 149 255 193 114 227 142 163 179 114 252 124 128 128 75 54 49 237 39 97 85 55 77 62 238 214 121 102 146 241 234 132 276 68 87 238 286 179 181 219 109 67 298 129 118 93 127 43 151 161 47 141 223 129 67 111 109 221 216 97 146 108 121 105 296 199 234 76 236 178 254 273 132 60 73 181 81 70 86 158 197 195 48 75 107 224 286 64 128 134 250 273 106 250 141 173 152 149 55 184 228 286 98 244 86 142 181 136 212 53 110 107 66 131 109 66 86 81 189 180 239 73 105 190 96 170 162 106 160 236 210 184 241 298 85 55 64 110 223 116 260 156 160 148 118 52 107 241 65 110 128 78 211 180 114 227 158 248 106 201 169 171 173 250 104 198 136 94 216 221 136 217 246 123 70 240 97 125 245 124 203 308 216 72 250 68 64 269 152 216 132 204 119 183 122 44 176 74 208 84 251 85 194 82 157 99 102 226 60 69 119 271 150 115 185 114 141 240 123 269 113 114 122 132 169 100 129 106 
177 218 232 175 184 88 114 110 112 159 109 105 46 255 188 181 132 230 158 203 194 192 190 263 200 199 193 200 185 189 298 270 254 327 280 125 316 181 297 131 94 238 264 186 150 127 273 234 221 127 251 245 62 132 149 245 249 210 158 164 257 241 123 141 173 112 160 272 211 95 272 266 223 290 271 242 257 118 128 154 190 272 227 171 316 231 160 251 282 59 231 241 209 172 126 275 265 203 251 124 141 283 245 204 158 296 197 175 119 197 241 146 259 121 204 195 178 132 180 152 204 220 121 250 124 113 170 146 175 185 175 126 181 101 329 195 165 139 137 207 137 160 263 255 240 243 190 122 165 290 321 235 157 290 228 130 112 312 201 205 158 142 241 135 229 179 71 229 203 150 192 133 270 255 207 162 183 247 217 230 253 143 239 282 178 100 157 138 246 198 257 154 265 270 93 255 283 277 175 240 265 200 133 187 192 198 175 131 172 158 171 121 163 217 272 285 119 290 245 124 145 219 132 116 200 245 193 77 134 326 225 277 150 0 186 199 250 252 191 174 178 248 172 191 236 130 243 189 208 213 218 203 113 154 110 172 244 203 157 161 213 155 257 200 224 147 255 267 98 262 200 170 107 172 278 216 137 250 84 186 121 56 275 183 70 187 132 113 106 260 117 154 142 124 100 131 261 237 178 159 205 264 257 155 299 91 144 261 309 202 204 242 132 145 321 186 165 152 184 121 174 103 116 200 246 71 124 170 166 244 239 175 203 186 144 164 319 141 257 133 259 201 277 296 191 117 151 204 138 93 155 181 220 242 117 144 185 247 309 142 185 193 273 296 175 273 198 196 94 208 114 126 251 309 167 267 164 189 123 205 235 112 167 164 125 154 51 125 155 159 131 203 262 130 162 213 153 112 104 48 207 259 233 231 264 321 142 112 142 167 246 173 283 179 102 207 60 111 176 264 134 133 151 147 234 227 137 250 205 271 163 224 216 194 220 273 127 221 193 163 239 244 195 240 269 65 148 263 156 182 268 202 226 331 239 129 273 91 121 292 94 239 189 227 176 206 145 113 223 97 255 143 274 144 241 139 180 177 171 249 117 138 166 294 209 193 232 192 200 263 146 292 136 173 64 201 192 123 186 163 
187 228 242 185 194 98 81 82 74 157 83 93 140 265 162 169 142 240 120 170 182 166 200 273 210 197 191 188 183 163 308 280 264 337 290 92 326 169 307 225 104 248 274 184 112 99 283 232 231 137 261 255 156 99 137 255 259 220 146 131 255 251 133 151 161 84 122 282 209 105 282 276 233 300 281 252 267 80 116 164 188 282 237 138 326 241 134 261 292 153 241 251 207 170 88 285 275 175 261 134 115 293 255 202 146 306 195 137 86 164 251 134 269 95 202 183 150 104 190 124 166 230 131 260 112 207 142 156 142 195 173 136 191 195 339 183 175 111 231 217 111 170 273 265 250 253 200 96 175 300 331 245 119 300 238 224 84 322 211 203 146 236 251 107 239 167 165 239 191 138 202 121 280 265 217 150 155 257 227 228 263 153 249 292 145 194 167 112 256 208 267 126 275 280 103 265 293 287 137 238 275 210 227 161 164 208 137 98 134 168 138 95 161 215 282 295 86 300 255 98 117 229 99 88 172 255 203 171 144 336 235 287 117 186 0 173 260 262 189 162 188 246 160 179 246 92 253 156 218 223 228 165 87 126 84 170 242 201 129 133 223 122 267 172 234 119 265 277 108 272 210 158 201 182 288 226 147 260 178 196 215 150 285 155 164 159 120 85 94 270 84 128 116 86 110 93 271 247 166 147 177 274 267 165 309 101 118 271 319 212 214 252 142 112 331 174 163 124 172 88 184 197 78 172 256 165 112 142 140 254 249 142 177 153 154 136 329 235 267 121 269 211 287 306 163 91 118 214 126 103 117 191 230 240 79 106 152 257 319 109 173 165 283 306 137 283 172 206 188 180 86 220 261 319 129 277 131 187 217 167 245 84 155 138 97 164 145 97 117 126 225 213 272 104 136 223 141 206 198 142 205 269 243 229 274 331 116 86 109 155 256 147 293 189 196 179 154 83 138 274 96 143 161 109 244 225 147 260 203 281 137 234 214 204 218 283 137 231 181 125 249 254 167 250 279 159 115 273 128 170 278 169 236 341 249 117 283 101 95 302 188 249 177 237 164 216 155 75 221 107 253 115 284 116 239 113 190 144 133 259 91 100 164 304 181 160 230 159 172 273 156 302 146 145 158 163 202 133 174 137 
200 241 255 198 207 111 106 91 99 182 90 118 153 278 169 194 155 253 145 195 207 173 213 286 223 222 216 213 208 170 321 293 277 350 303 117 339 194 320 238 117 261 287 209 137 108 296 257 244 150 274 268 169 124 162 268 272 233 171 156 280 264 146 164 186 93 147 295 234 118 295 289 246 313 294 265 280 105 141 177 213 295 250 163 339 254 141 274 305 166 254 264 232 195 113 298 288 184 274 147 122 306 268 227 171 319 220 162 111 189 264 159 282 102 227 208 159 113 203 133 191 243 144 273 137 220 151 169 167 208 198 149 204 208 352 208 188 120 244 230 118 183 286 278 263 266 213 103 188 313 344 258 144 313 251 237 93 335 224 228 171 249 264 116 252 192 178 252 216 163 215 146 293 278 230 175 164 270 240 253 276 166 262 305 170 207 180 119 269 221 280 135 288 293 116 278 306 300 162 263 288 223 240 168 173 221 162 123 159 181 163 102 186 240 295 308 111 313 268 105 126 242 124 97 181 268 216 184 157 349 248 300 142 199 173 0 273 275 214 187 201 271 185 204 259 117 266 181 231 236 241 190 94 135 91 195 267 226 138 142 236 147 280 181 247 128 278 290 121 285 223 183 214 195 301 239 160 273 191 209 228 163 298 164 177 168 145 94 119 283 109 135 123 111 123 118 284 260 191 172 186 287 280 178 322 114 125 284 332 225 227 265 155 137 344 199 188 133 197 113 197 210 103 181 269 178 137 151 147 267 262 167 184 178 167 145 342 248 280 146 282 224 300 319 172 98 143 227 151 116 142 204 243 265 104 131 177 270 332 134 198 174 296 319 162 296 179 219 201 189 95 233 274 332 154 290 156 212 230 192 258 93 180 145 106 177 158 106 142 151 238 226 285 111 143 236 166 219 211 155 230 282 256 254 287 344 123 93 134 180 269 154 306 202 209 188 167 92 163 287 121 156 174 134 257 250 160 273 228 294 144 247 239 217 243 296 150 244 206 150 262 267 176 263 292 172 140 286 137 195 291 194 249 354 262 142 296 114 102 315 201 262 202 250 189 229 168 100 246 120 278 124 297 125 264 120 203 169 158 272 98 125 189 317 190 185 255 184 181 286 169 315 159 154 171 188 215 146 199 144 
73 114 132 75 80 162 191 184 186 233 183 179 204 151 262 255 206 130 232 280 268 266 86 159 96 273 267 274 259 263 198 166 150 227 176 202 212 255 193 289 168 134 160 260 224 201 173 308 117 201 147 141 220 209 223 141 149 106 232 241 331 137 197 215 247 186 234 168 285 169 172 162 119 186 167 142 153 192 202 228 264 168 123 248 212 127 234 151 182 217 127 141 283 246 200 175 165 277 147 198 215 179 141 278 232 192 271 249 196 274 141 220 155 195 278 269 252 206 254 226 278 116 195 150 198 271 244 220 252 85 249 200 81 259 229 269 239 213 295 103 211 234 159 155 136 143 90 196 239 190 221 131 231 186 124 288 186 208 97 279 232 300 141 209 129 253 229 125 277 224 88 207 170 155 103 236 257 147 113 304 153 217 139 182 255 258 231 212 142 98 157 228 165 170 167 155 183 177 249 314 165 96 291 261 266 98 249 208 246 232 248 195 237 291 168 181 196 186 145 198 219 115 209 190 274 145 89 235 208 226 121 177 227 250 260 273 0 148 265 248 74 322 246 265 132 204 143 266 108 113 114 277 187 228 184 246 318 277 231 235 109 232 157 274 120 221 151 163 172 158 96 244 265 246 178 112 211 146 242 82 279 214 175 257 228 261 206 187 180 156 194 228 216 198 174 205 161 133 252 233 279 160 157 229 195 165 218 161 209 98 100 138 206 222 221 260 239 226 258 198 248 261 190 274 142 229 198 244 240 140 135 252 277 263 218 238 219 299 157 207 155 97 173 192 265 191 228 100 212 167 229 77 116 316 191 218 262 147 205 219 259 267 169 192 249 169 272 92 252 282 188 284 147 205 241 167 241 263 281 279 135 186 241 238 199 228 209 199 229 236 289 99 158 204 236 109 227 270 262 206 281 155 129 305 164 221 216 186 219 241 146 247 183 253 260 281 218 185 250 160 208 207 225 221 130 301 211 150 279 171 237 120 290 90 294 169 201 117 267 237 135 144 269 136 169 223 225 159 230 256 168 279 122 231 139 203 169 165 195 192 252 135 263 123 250 102 219 187 297 171 329 217 170 218 315 213 80 254 245 145 191 212 240 194 283 270 306 269 274 159 220 188 210 247 222 275 88 197 260 237 
75 34 82 77 68 164 193 186 188 235 185 181 206 153 264 257 208 132 234 282 270 268 88 79 84 275 269 276 261 265 148 168 138 177 96 204 132 257 113 291 170 54 80 262 226 203 175 310 105 203 135 143 222 211 225 129 151 108 234 243 333 139 199 217 249 188 236 170 287 171 174 82 121 106 155 92 141 194 204 230 266 156 125 250 132 47 236 153 132 219 115 143 285 248 202 125 115 279 149 200 217 167 61 280 234 112 273 251 198 276 143 222 157 197 280 271 254 208 256 228 280 36 197 100 200 273 246 222 254 87 251 202 83 261 179 271 241 215 297 91 213 236 147 157 56 145 92 198 241 140 171 51 233 106 112 290 188 128 99 281 234 302 143 211 131 255 231 45 279 226 76 209 172 157 105 238 259 149 101 306 103 219 141 132 257 260 233 214 144 100 107 230 167 120 169 105 133 127 251 316 115 98 293 263 268 100 251 210 248 234 250 197 239 293 156 101 198 106 147 200 221 103 211 192 276 95 77 237 210 176 41 127 229 252 262 275 148 0 267 250 76 324 248 267 120 206 93 268 110 115 102 279 189 230 186 248 320 279 233 237 97 234 159 276 122 223 71 151 174 160 84 246 267 248 128 114 213 148 244 84 281 216 125 259 230 263 208 189 182 76 196 230 218 200 176 207 163 53 254 235 281 162 159 231 115 167 220 111 159 100 102 140 208 224 171 262 241 228 260 200 250 263 192 276 62 231 200 246 242 60 137 254 279 265 220 240 169 301 159 209 75 99 93 112 267 193 230 102 214 169 231 79 36 318 193 220 264 97 125 221 261 269 157 112 251 89 274 80 254 284 190 286 135 125 243 169 243 265 283 281 137 188 243 240 201 230 211 201 231 238 291 101 146 206 238 111 229 272 264 208 283 75 49 307 114 171 218 188 221 243 96 249 133 255 262 283 220 187 252 162 210 209 227 223 50 303 213 152 281 121 239 40 292 92 296 157 203 119 269 239 137 146 271 124 119 225 227 161 232 258 118 281 110 181 89 205 171 167 197 142 254 137 265 125 252 104 221 189 299 173 331 219 158 220 317 215 82 256 247 133 193 214 242 144 285 272 308 271 276 147 222 108 212 249 224 277 76 199 262 239 
192 233 247 190 199 103 108 123 115 32 124 120 145 270 203 196 147 245 161 197 209 207 205 278 215 72 66 215 58 204 313 285 269 342 295 119 331 196 312 230 109 253 279 59 153 140 288 107 236 142 266 260 161 126 164 260 264 225 173 158 130 256 138 156 188 125 163 287 84 110 287 281 238 305 286 257 272 121 143 169 63 287 242 165 331 246 175 266 297 158 246 256 82 45 129 290 280 216 266 139 156 298 260 77 173 311 70 178 113 191 256 161 274 136 77 210 191 145 195 165 207 235 136 265 139 212 183 161 169 200 48 141 196 200 344 210 180 152 236 222 152 175 278 270 255 258 205 137 180 305 336 250 160 305 243 229 125 327 216 78 173 241 256 148 244 194 170 244 218 165 207 148 285 270 222 177 196 262 232 103 268 158 254 297 172 199 172 153 261 213 272 167 280 285 108 270 298 292 178 113 280 215 232 202 205 213 178 125 175 173 165 136 36 90 287 300 113 305 260 139 158 234 126 129 213 260 208 176 149 341 240 292 144 191 189 214 265 267 0 189 193 121 187 206 251 133 258 183 223 228 233 206 128 167 125 45 117 76 170 174 228 149 272 213 239 160 270 282 113 277 215 185 206 187 293 231 152 265 183 201 220 155 290 196 169 200 147 126 121 275 111 169 157 127 115 134 276 252 193 174 218 279 272 170 314 106 159 276 324 217 219 257 147 139 336 201 38 165 199 115 189 202 119 213 261 170 139 183 181 259 254 169 218 180 159 177 334 240 272 148 274 216 292 311 204 132 145 219 153 108 158 196 235 115 120 147 179 262 324 136 200 206 288 311 178 288 213 211 193 221 127 225 266 324 170 282 158 62 222 208 250 125 182 179 138 169 150 138 158 153 230 218 277 145 177 228 168 211 203 147 80 274 248 104 279 336 157 127 136 182 261 188 298 194 201 220 159 124 179 279 137 148 166 150 249 100 152 265 78 286 178 239 89 209 93 288 142 236 208 166 254 259 208 255 284 164 142 278 169 197 283 196 241 346 254 144 288 106 136 307 193 254 204 242 191 221 160 116 96 112 128 156 289 157 114 154 195 171 174 264 132 141 39 309 222 187 105 186 213 278 161 307 151 186 163 204 207 138 201 178 
175 216 230 173 182 86 81 96 88 157 97 69 128 253 176 145 130 228 134 170 158 180 188 261 198 197 191 164 183 177 296 268 252 325 278 92 314 145 295 213 92 236 262 184 126 113 271 232 219 125 249 243 144 99 113 243 247 208 122 131 255 239 121 139 137 98 136 270 209 93 270 264 221 288 269 240 255 94 92 152 188 270 225 138 314 229 148 249 280 141 229 239 207 170 102 273 263 189 249 122 129 281 243 202 122 294 195 151 86 164 239 110 257 109 202 159 164 118 178 138 180 218 119 248 88 195 156 144 142 183 173 124 179 183 327 159 163 125 219 205 125 158 261 253 238 241 188 110 163 288 319 233 133 288 226 212 98 310 199 203 122 224 239 121 227 143 153 227 167 114 190 97 268 253 205 126 169 245 215 228 251 141 237 280 145 182 155 126 244 196 255 140 263 268 91 253 281 275 151 238 263 198 215 175 178 196 151 98 148 156 138 109 161 215 270 283 86 288 243 112 131 217 99 102 186 243 191 159 132 324 223 275 117 174 162 187 248 250 189 0 176 246 136 155 234 106 241 156 206 211 216 179 101 140 98 170 242 201 143 147 211 122 255 186 222 133 253 265 96 260 198 134 189 170 276 214 135 248 166 184 203 138 273 169 152 173 96 99 70 258 84 142 130 100 98 107 259 235 142 123 191 262 255 153 297 89 132 259 307 200 202 240 130 112 319 150 163 138 148 88 172 185 92 186 244 153 88 156 154 242 237 142 191 153 142 150 317 223 255 97 257 199 275 294 177 105 118 202 102 91 131 179 218 240 93 120 152 245 307 109 149 179 271 294 151 271 186 194 176 194 100 208 249 307 143 265 131 187 205 181 233 98 131 152 111 152 133 111 131 126 213 201 260 118 150 211 117 194 186 130 205 257 231 229 262 319 130 100 109 131 244 161 281 177 184 193 142 97 152 262 110 131 149 123 232 225 135 248 203 269 151 222 214 192 218 271 125 219 157 139 237 242 181 238 267 147 115 261 142 146 266 169 224 329 237 93 271 89 109 290 176 237 153 225 140 204 143 89 221 95 253 129 272 130 239 127 178 144 147 247 105 114 164 292 195 160 230 159 186 261 144 290 134 159 146 177 190 121 150 151 
1 42 60 3 8 90 119 112 114 161 111 107 132 79 190 183 134 58 160 208 196 194 14 87 24 201 195 202 187 191 126 94 78 155 104 130 140 183 121 217 96 62 88 188 152 129 101 236 45 129 75 69 148 137 151 69 77 34 160 169 259 65 125 143 175 114 162 96 213 97 100 90 47 114 95 70 81 120 130 156 192 96 51 176 140 55 162 79 110 145 55 69 211 174 128 103 93 205 75 126 143 107 69 206 160 120 199 177 124 202 69 148 83 123 206 197 180 134 182 154 206 44 123 78 126 199 172 148 180 13 177 128 9 187 157 197 167 141 223 31 139 162 87 83 64 71 18 124 167 118 149 59 159 114 52 216 114 136 25 207 160 228 69 137 57 181 157 53 205 152 16 135 98 83 31 164 185 75 41 232 81 145 67 110 183 186 159 140 70 26 85 156 93 98 95 83 111 105 177 242 93 24 219 189 194 26 177 136 174 160 176 123 165 219 96 109 124 114 73 126 147 43 137 118 202 73 17 163 136 154 49 105 155 178 188 201 74 76 193 176 0 250 174 193 60 132 71 194 36 41 42 205 115 156 112 174 246 205 159 163 37 160 85 202 48 149 79 91 100 86 24 172 193 174 106 40 139 74 170 10 207 142 103 185 156 189 134 115 108 84 122 156 144 126 102 133 89 61 180 161 207 88 85 157 123 93 146 89 137 26 28 66 134 150 149 188 167 154 186 126 176 189 118 202 70 157 126 172 168 68 63 180 205 191 146 166 147 227 85 135 83 25 101 120 193 119 156 28 140 95 157 5 44 244 119 146 190 75 133 147 187 195 97 120 177 97 200 20 180 210 116 212 75 133 169 95 169 191 209 207 63 114 169 166 127 156 137 127 157 164 217 27 86 132 164 37 155 198 190 134 209 83 57 233 92 149 144 114 147 169 74 175 111 181 188 209 146 113 178 88 136 135 153 149 58 229 139 78 207 99 165 48 218 18 222 97 129 45 195 165 63 72 197 64 97 151 153 87 158 184 96 207 50 159 67 131 97 93 123 120 180 63 191 51 178 30 147 115 225 99 257 145 98 146 243 141 8 182 173 73 119 140 168 122 211 198 234 197 202 87 148 116 138 175 150 203 16 125 188 165 
249 290 304 247 256 160 165 180 172 89 181 177 202 327 260 253 204 302 218 254 266 264 262 335 272 129 123 272 115 261 370 342 326 399 352 176 388 253 369 287 166 310 336 116 210 197 345 164 293 199 323 317 218 183 221 317 321 282 230 215 187 313 195 213 245 182 220 344 141 167 344 338 295 362 343 314 329 178 200 226 120 344 299 222 388 303 232 323 354 215 303 313 139 102 186 347 337 273 323 196 213 355 317 134 230 368 127 235 170 248 313 218 331 193 134 267 248 202 252 222 264 292 193 322 196 269 240 218 226 257 105 198 253 257 401 267 237 209 293 279 209 232 335 327 312 315 262 194 237 362 393 307 217 362 300 286 182 384 273 135 230 298 313 205 301 251 227 301 275 222 264 205 342 327 279 234 253 319 289 160 325 215 311 354 229 256 229 210 318 270 329 224 337 342 165 327 355 349 235 170 337 272 289 259 262 270 235 182 232 230 222 193 93 147 344 357 170 362 317 196 215 291 183 186 270 317 265 233 206 398 297 349 201 248 246 271 322 324 121 246 250 0 244 263 308 190 315 240 280 285 290 263 185 224 182 102 174 133 227 231 285 206 329 270 296 217 327 339 170 334 272 242 263 244 350 288 209 322 240 258 277 212 347 253 226 257 204 183 178 332 168 226 214 184 172 191 333 309 250 231 275 336 329 227 371 163 216 333 381 274 276 314 204 196 393 258 95 222 256 172 246 259 176 270 318 227 196 240 238 316 311 226 275 237 216 234 391 297 329 205 331 273 349 368 261 189 202 276 210 165 215 253 292 172 177 204 236 319 381 193 257 263 345 368 235 345 270 268 250 278 184 282 323 381 227 339 215 119 279 265 307 182 239 236 195 226 207 195 215 210 287 275 334 202 234 285 225 268 260 204 137 331 305 161 336 393 214 184 193 239 318 245 355 251 258 277 216 181 236 336 194 205 223 207 306 157 209 322 135 343 235 296 146 266 150 345 199 293 265 223 311 316 265 312 341 221 199 335 226 254 340 253 298 403 311 201 345 163 193 364 250 311 261 299 248 278 217 173 153 169 185 213 346 214 171 211 252 228 231 321 189 198 96 366 279 244 162 243 270 335 218 364 208 243 220 261 264 195 258 235 
173 214 228 171 180 84 79 94 86 155 95 67 126 251 174 143 128 226 132 168 156 178 186 259 196 195 189 162 181 175 294 266 250 323 276 90 312 143 293 211 90 234 260 182 124 111 269 230 217 123 247 241 142 97 111 241 245 206 120 129 253 237 119 137 135 96 134 268 207 91 268 262 219 286 267 238 253 92 90 150 186 268 223 136 312 227 146 247 278 139 227 237 205 168 100 271 261 187 247 120 127 279 241 200 120 292 193 149 84 162 237 108 255 107 200 157 162 116 176 136 178 216 117 246 86 193 154 142 140 181 171 122 177 181 325 157 161 123 217 203 123 156 259 251 236 239 186 108 161 286 317 231 131 286 224 210 96 308 197 201 120 222 237 119 225 141 151 225 165 112 188 95 266 251 203 124 167 243 213 226 249 139 235 278 143 180 153 124 242 194 253 138 261 266 89 251 279 273 149 236 261 196 213 173 176 194 149 96 146 154 136 107 159 213 268 281 84 286 241 110 129 215 97 100 184 241 189 157 130 322 221 273 115 172 160 185 246 248 187 136 174 244 0 153 232 104 239 154 204 209 214 177 99 138 96 168 240 199 141 145 209 120 253 184 220 131 251 263 94 258 196 132 187 168 274 212 133 246 164 182 201 136 271 167 150 171 94 97 68 256 82 140 128 98 96 105 257 233 140 121 189 260 253 151 295 87 130 257 305 198 200 238 128 110 317 148 161 136 146 86 170 183 90 184 242 151 86 154 152 240 235 140 189 151 140 148 315 221 253 95 255 197 273 292 175 103 116 200 100 89 129 177 216 238 91 118 150 243 305 107 147 177 269 292 149 269 184 192 174 192 98 206 247 305 141 263 129 185 203 179 231 96 129 150 109 150 131 109 129 124 211 199 258 116 148 209 115 192 184 128 203 255 229 227 260 317 128 98 107 129 242 159 279 175 182 191 140 95 150 260 108 129 147 121 230 223 133 246 201 267 149 220 212 190 216 269 123 217 155 137 235 240 179 236 265 145 113 259 140 144 264 167 222 327 235 91 269 87 107 288 174 235 151 223 138 202 141 87 219 93 251 127 270 128 237 125 176 142 145 245 103 112 162 290 193 158 228 157 184 259 142 288 132 157 144 175 188 119 148 149 
192 233 247 190 199 103 98 113 105 174 114 86 145 270 193 162 147 245 151 187 175 197 205 278 215 214 208 181 200 194 313 285 269 342 295 109 331 162 312 230 109 253 279 201 143 130 288 249 236 142 266 260 161 116 130 260 264 225 139 148 272 256 138 156 154 115 153 287 226 110 287 281 238 305 286 257 272 111 109 169 205 287 242 155 331 246 165 266 297 158 246 256 224 187 119 290 280 206 266 139 146 298 260 219 139 311 212 168 103 181 256 127 274 126 219 176 181 135 195 155 197 235 136 265 105 212 173 161 159 200 190 141 196 200 344 176 180 142 236 222 142 175 278 270 255 258 205 127 180 305 336 250 150 305 243 229 115 327 216 220 139 241 256 138 244 160 170 244 184 131 207 114 285 270 222 143 186 262 232 245 268 158 254 297 162 199 172 143 261 213 272 157 280 285 108 270 298 292 168 255 280 215 232 192 195 213 168 115 165 173 155 126 178 232 287 300 103 305 260 129 148 234 116 119 203 260 208 176 149 341 240 292 134 191 179 204 265 267 206 155 193 263 153 0 251 123 258 173 223 228 233 196 118 157 115 187 259 218 160 164 228 139 272 203 239 150 270 282 113 277 215 151 206 187 293 231 152 265 183 201 220 155 290 186 169 190 113 116 87 275 101 159 147 117 115 124 276 252 159 140 208 279 272 170 314 106 149 276 324 217 219 257 147 129 336 167 180 155 165 105 189 202 109 203 261 170 105 173 171 259 254 159 208 170 159 167 334 240 272 114 274 216 292 311 194 122 135 219 119 108 148 196 235 257 110 137 169 262 324 126 166 196 288 311 168 288 203 211 193 211 117 225 266 324 160 282 148 204 222 198 250 115 148 169 128 169 150 128 148 143 230 218 277 135 167 228 134 211 203 147 222 274 248 246 279 336 147 117 126 148 261 178 298 194 201 210 159 114 169 279 127 148 166 140 249 242 152 265 220 286 168 239 231 209 235 288 142 236 174 156 254 259 198 255 284 164 132 278 159 163 283 186 241 346 254 110 288 106 126 307 193 254 170 242 157 221 160 106 238 112 270 146 289 147 256 144 195 161 164 264 122 131 181 309 212 177 247 176 203 278 161 307 151 176 163 194 207 138 167 168 
59 86 114 61 52 148 177 170 172 219 169 165 190 137 248 241 192 116 218 266 254 252 72 131 68 259 253 260 245 249 180 152 122 209 148 188 184 241 165 275 154 106 132 246 210 187 159 294 89 187 119 127 206 195 209 113 135 92 218 227 317 123 183 201 233 172 220 154 271 155 158 134 105 158 139 124 125 178 188 214 250 140 109 234 184 99 220 137 164 203 99 127 269 232 186 157 147 263 133 184 201 151 113 264 218 164 257 235 182 260 127 206 141 181 264 255 238 192 240 212 264 88 181 132 184 257 230 206 238 71 235 186 67 245 211 255 225 199 281 75 197 220 131 141 108 129 76 182 225 172 203 103 217 158 96 274 172 180 83 265 218 286 127 195 115 239 215 97 263 210 60 193 156 141 89 222 243 133 85 290 135 203 125 164 241 244 217 198 128 84 139 214 151 152 153 137 165 159 235 300 147 82 277 247 252 84 235 194 232 218 234 181 223 277 140 153 182 158 131 184 205 87 195 176 260 127 61 221 194 208 93 159 213 236 246 259 132 120 251 234 60 308 232 251 0 190 125 252 94 99 86 263 173 214 170 232 304 263 217 221 81 218 143 260 106 207 123 135 158 144 68 230 251 232 160 98 197 132 228 68 265 200 157 243 214 247 192 173 166 128 180 214 202 184 160 191 147 105 238 219 265 146 143 215 167 151 204 143 191 84 86 124 192 208 203 246 225 212 244 184 234 247 176 260 114 215 184 230 226 112 121 238 263 249 204 224 201 285 143 193 127 83 145 164 251 177 214 86 198 153 215 63 88 302 177 204 248 129 177 205 245 253 141 164 235 141 258 64 238 268 174 270 119 177 227 153 227 249 267 265 121 172 227 224 185 214 195 185 215 222 275 85 130 190 222 95 213 256 248 192 267 127 101 291 146 203 202 172 205 227 128 233 165 239 246 267 204 171 236 146 194 193 211 207 102 287 197 136 265 153 223 92 276 76 280 141 187 103 253 223 121 130 255 108 151 209 211 145 216 242 150 265 94 213 121 189 155 151 181 174 238 121 249 109 236 88 205 173 283 157 315 203 142 204 301 199 66 240 231 117 177 198 226 176 269 256 292 255 260 131 206 160 196 233 208 261 60 183 246 223 
131 172 186 129 138 42 25 26 18 101 27 37 84 209 106 113 86 184 64 114 126 110 144 217 154 141 135 132 127 107 252 224 208 281 234 36 270 113 251 169 48 192 218 128 56 43 227 176 175 81 205 199 100 43 81 199 203 164 90 75 199 195 77 95 105 28 66 226 153 49 226 220 177 244 225 196 211 24 60 108 132 226 181 82 270 185 78 205 236 97 185 195 151 114 32 229 219 119 205 78 59 237 199 146 90 250 139 81 30 108 195 78 213 39 146 127 94 48 134 68 110 174 75 204 56 151 86 100 86 139 117 80 135 139 283 127 119 55 175 161 55 114 217 209 194 197 144 40 119 244 275 189 63 244 182 168 28 266 155 147 90 180 195 51 183 111 109 183 135 82 146 65 224 209 161 94 99 201 171 172 207 97 193 236 89 138 111 56 200 152 211 70 219 224 47 209 237 231 81 182 219 154 171 105 108 152 81 42 78 112 82 39 105 159 226 239 30 244 199 42 61 173 43 32 116 199 147 115 88 280 179 231 61 130 92 117 204 206 133 106 132 190 104 123 190 0 197 100 162 167 172 109 31 70 28 114 186 145 73 77 167 66 211 116 178 63 209 221 52 216 154 102 145 126 232 170 91 204 122 140 159 94 229 99 108 103 64 29 38 214 28 72 60 30 54 37 215 191 110 91 121 218 211 109 253 45 62 215 263 156 158 196 86 56 275 118 107 68 116 32 128 141 22 116 200 109 56 86 84 198 193 86 121 97 98 80 273 179 211 65 213 155 231 250 107 35 62 158 70 47 61 135 174 184 23 50 96 201 263 53 117 109 227 250 81 227 116 150 132 124 30 164 205 263 73 221 75 131 161 111 189 28 99 82 41 108 89 41 61 70 169 157 216 48 80 167 85 150 142 86 149 213 187 173 218 275 60 30 53 99 200 91 237 133 140 123 98 27 82 218 40 87 105 53 188 169 91 204 147 225 81 178 158 148 162 227 81 175 125 69 193 198 111 194 223 103 59 217 72 114 222 113 180 285 193 61 227 45 39 246 132 193 121 181 108 160 99 19 165 51 197 59 228 60 183 57 134 88 77 203 35 44 108 248 125 104 174 103 116 217 100 246 90 89 102 107 146 77 118 81 
70 59 11 68 73 155 184 177 179 226 176 172 197 148 255 248 199 123 225 273 261 259 83 104 89 266 260 267 252 256 77 163 143 106 121 195 157 248 138 282 161 79 105 253 217 194 166 301 110 194 140 138 213 202 216 134 142 103 225 234 324 134 190 208 240 179 227 165 278 162 165 107 116 131 160 21 146 185 195 221 257 161 120 241 157 72 227 144 61 210 120 134 276 239 193 54 44 270 144 191 208 172 86 271 225 137 264 242 189 267 134 213 152 188 271 262 245 199 247 219 271 61 188 29 191 264 237 213 245 78 242 193 74 252 108 262 232 206 288 96 204 227 152 148 81 136 83 189 232 69 100 76 224 131 117 281 179 153 94 272 225 293 134 202 122 246 222 70 270 217 81 200 163 148 100 229 250 140 106 297 32 210 132 61 248 251 224 205 139 91 36 221 158 49 160 34 62 56 242 307 44 93 284 254 259 91 242 201 239 225 241 188 230 284 161 126 189 131 138 191 212 108 202 183 267 24 82 228 201 105 66 56 220 243 253 266 143 93 258 241 71 315 239 258 125 197 0 259 101 106 107 270 180 221 177 239 311 270 224 228 102 225 150 267 117 214 96 156 165 155 89 237 258 239 57 109 204 143 235 79 272 207 54 250 221 254 199 180 173 101 187 221 209 191 167 198 154 78 245 226 272 157 150 222 140 158 211 40 88 95 97 135 199 215 100 253 232 219 251 191 241 254 183 267 87 222 191 237 233 85 132 245 270 256 211 231 98 292 150 200 100 94 118 137 258 184 221 97 205 160 222 74 61 309 184 211 255 26 150 212 252 260 162 137 242 114 265 85 245 275 181 277 140 150 234 160 234 256 274 272 128 179 234 231 192 221 202 192 222 229 282 96 151 197 229 106 220 263 255 199 274 100 74 298 43 100 209 179 212 234 25 240 62 246 253 274 211 178 243 157 201 200 218 214 75 294 204 143 272 50 230 65 283 87 287 162 194 114 260 230 132 137 262 129 48 216 218 156 223 249 47 272 115 110 18 196 166 158 188 71 245 132 256 120 243 99 212 180 290 164 322 210 163 211 308 206 73 247 238 138 184 205 233 73 276 263 299 262 267 152 213 133 203 240 215 268 81 190 253 230 
193 234 248 191 200 104 75 90 82 151 91 87 143 271 170 163 148 246 128 164 176 174 206 279 216 191 185 182 177 171 314 286 270 343 296 86 332 163 313 228 110 254 280 178 120 107 289 226 237 143 267 261 159 93 131 261 265 226 140 125 249 257 139 157 155 92 130 288 203 111 288 282 239 306 287 258 273 88 110 170 182 288 243 132 332 247 142 267 298 156 247 257 201 164 96 291 281 183 267 140 123 299 261 196 140 312 189 145 80 158 257 128 275 103 196 177 158 112 196 132 174 236 137 266 106 210 150 162 136 201 167 142 197 198 345 177 181 119 234 223 119 176 279 271 256 259 206 104 181 306 337 251 127 306 244 227 92 328 217 197 140 239 257 115 245 161 168 245 185 132 208 115 286 271 223 144 163 263 233 222 269 159 255 298 139 197 173 120 262 214 273 134 281 286 109 271 299 293 145 232 281 216 230 169 172 214 145 92 142 174 132 103 155 209 288 301 80 306 261 106 125 235 93 96 180 261 209 174 150 342 241 293 111 189 156 181 266 268 183 156 194 240 154 173 252 100 259 0 224 229 234 173 95 134 92 164 236 195 137 141 229 116 273 180 240 127 271 283 114 278 216 152 204 188 294 232 153 266 181 202 218 153 291 163 167 167 114 93 88 276 78 136 124 94 116 101 277 253 160 141 185 280 273 171 315 107 126 277 325 218 220 258 148 106 337 168 157 132 166 82 190 200 86 180 262 168 106 150 148 260 255 136 185 147 160 144 335 238 273 115 275 217 293 312 171 99 112 220 120 109 125 197 236 234 87 114 146 263 325 103 167 173 289 312 145 289 180 212 191 188 94 223 267 325 137 283 125 181 220 175 251 92 149 146 105 170 148 105 125 120 228 219 278 112 144 229 135 209 201 145 199 275 249 223 280 337 124 94 103 149 262 155 299 195 199 187 157 91 146 280 104 149 167 117 250 219 153 266 197 287 145 240 208 210 212 289 143 237 175 133 255 260 175 256 285 162 109 279 136 164 284 163 242 347 255 111 289 107 103 308 191 255 171 243 158 222 161 83 215 113 247 123 290 124 233 121 196 138 141 265 99 108 158 310 189 154 224 153 180 279 162 308 152 153 161 171 208 139 168 145 
35 76 90 33 42 120 149 142 144 191 141 137 162 113 220 213 164 88 190 238 226 224 48 121 58 231 225 232 217 221 156 128 112 185 138 160 174 213 155 247 126 96 122 218 182 159 131 266 79 159 109 103 178 167 181 103 107 68 190 199 289 99 155 173 205 144 192 130 243 127 130 124 81 148 129 100 115 150 160 186 222 130 85 206 174 89 192 109 140 175 89 99 241 204 158 133 123 235 109 156 173 141 103 236 190 154 229 207 154 232 99 178 117 153 236 227 210 164 212 184 236 78 153 108 156 229 202 178 210 43 207 158 39 217 187 227 197 171 253 65 169 192 121 113 98 101 48 154 197 148 179 93 189 148 86 246 144 170 59 237 190 258 99 167 87 211 187 87 235 182 50 165 128 113 65 194 215 105 75 262 111 175 97 140 213 216 189 170 104 56 115 186 123 128 125 113 141 135 207 272 123 58 249 219 224 56 207 166 204 190 206 153 195 249 130 143 154 148 103 156 177 77 167 148 232 103 51 193 166 184 83 135 185 208 218 231 108 110 223 206 36 280 204 223 94 162 101 224 0 71 76 235 145 186 142 204 276 235 189 193 71 190 115 232 82 179 113 125 130 120 58 202 223 204 136 74 169 108 200 44 237 172 133 215 186 219 164 145 138 118 152 186 174 156 132 163 119 95 210 191 237 122 115 187 157 123 176 119 167 60 62 100 164 180 179 218 197 184 216 156 206 219 148 232 104 187 156 202 198 102 97 210 235 221 176 196 177 257 115 165 117 59 135 154 223 149 186 62 170 125 187 39 78 274 149 176 220 105 167 177 217 225 131 154 207 131 230 54 210 240 146 242 109 167 199 125 199 221 239 237 93 144 199 196 157 186 167 157 187 194 247 61 120 162 194 71 185 228 220 164 239 117 91 263 122 179 174 144 177 199 104 205 141 211 218 239 176 143 208 122 166 165 183 179 92 259 169 108 237 129 195 82 248 52 252 131 159 79 225 195 97 102 227 98 127 181 183 121 188 214 126 237 84 189 97 161 131 123 153 150 210 97 221 85 208 64 177 145 255 129 287 175 132 176 273 171 38 212 203 107 149 170 198 152 241 228 264 227 232 121 178 150 168 205 180 233 50 155 218 195 
40 81 95 38 47 125 154 147 149 196 146 142 167 118 225 218 169 93 195 243 231 229 53 126 63 236 230 237 222 226 161 133 117 190 143 165 179 218 160 252 131 101 127 223 187 164 136 271 84 164 114 108 183 172 186 108 112 73 195 204 294 104 160 178 210 149 197 135 248 132 135 129 86 153 134 105 120 155 165 191 227 135 90 211 179 94 197 114 145 180 94 104 246 209 163 138 128 240 114 161 178 146 108 241 195 159 234 212 159 237 104 183 122 158 241 232 215 169 217 189 241 83 158 113 161 234 207 183 215 48 212 163 44 222 192 232 202 176 258 70 174 197 126 118 103 106 53 159 202 153 184 98 194 153 91 251 149 175 64 242 195 263 104 172 92 216 192 92 240 187 55 170 133 118 70 199 220 110 80 267 116 180 102 145 218 221 194 175 109 61 120 191 128 133 130 118 146 140 212 277 128 63 254 224 229 61 212 171 209 195 211 158 200 254 135 148 159 153 108 161 182 82 172 153 237 108 56 198 171 189 88 140 190 213 223 236 113 115 228 211 41 285 209 228 99 167 106 229 71 0 81 240 150 191 147 209 281 240 194 198 76 195 120 237 87 184 118 130 135 125 63 207 228 209 141 79 174 113 205 49 242 177 138 220 191 224 169 150 143 123 157 191 179 161 137 168 124 100 215 196 242 127 120 192 162 128 181 124 172 65 67 105 169 185 184 223 202 189 221 161 211 224 153 237 109 192 161 207 203 107 102 215 240 226 181 201 182 262 120 170 122 64 140 159 228 154 191 67 175 130 192 44 83 279 154 181 225 110 172 182 222 230 136 159 212 136 235 59 215 245 151 247 114 172 204 130 204 226 244 242 98 149 204 201 162 191 172 162 192 199 252 66 125 167 199 76 190 233 225 169 244 122 96 268 127 184 179 149 182 204 109 210 146 216 223 244 181 148 213 127 171 170 188 184 97 264 174 113 242 134 200 87 253 57 257 136 164 84 230 200 102 107 232 103 132 186 188 126 193 219 131 242 89 194 102 166 136 128 158 155 215 102 226 90 213 69 182 150 260 134 292 180 137 181 278 176 43 217 208 112 154 175 203 157 246 233 269 232 237 126 183 155 173 210 185 238 55 160 223 200 
41 68 96 43 34 130 159 152 154 201 151 147 172 119 230 223 174 98 200 248 236 234 54 113 50 241 235 242 227 231 162 134 104 191 130 170 166 223 147 257 136 88 114 228 192 169 141 276 71 169 101 109 188 177 191 95 117 74 200 209 299 105 165 183 215 154 202 136 253 137 140 116 87 140 121 106 107 160 170 196 232 122 91 216 166 81 202 119 146 185 81 109 251 214 168 139 129 245 115 166 183 133 95 246 200 146 239 217 164 242 109 188 123 163 246 237 220 174 222 194 246 70 163 114 166 239 212 188 220 53 217 168 49 227 193 237 207 181 263 57 179 202 113 123 90 111 58 164 207 154 185 85 199 140 78 256 154 162 65 247 200 268 109 177 97 221 197 79 245 192 42 175 138 123 71 204 225 115 67 272 117 185 107 146 223 226 199 180 110 66 121 196 133 134 135 119 147 141 217 282 129 64 259 229 234 66 217 176 214 200 216 163 205 259 122 135 164 140 113 166 187 69 177 158 242 109 43 203 176 190 75 141 195 218 228 241 114 102 233 216 42 290 214 233 86 172 107 234 76 81 0 245 155 196 152 214 286 245 199 203 63 200 125 242 88 189 105 117 140 126 50 212 233 214 142 80 179 114 210 50 247 182 139 225 196 229 174 155 148 110 162 196 184 166 142 173 129 87 220 201 247 128 125 197 149 133 186 125 173 66 68 106 174 190 185 228 207 194 226 166 216 229 158 242 96 197 166 212 208 94 103 220 245 231 186 206 183 267 125 175 109 65 127 146 233 159 196 68 180 135 197 45 70 284 159 186 230 111 159 187 227 235 123 146 217 123 240 46 220 250 156 252 101 159 209 135 209 231 249 247 103 154 209 206 167 196 177 167 197 204 257 67 112 172 204 77 195 238 230 174 249 109 83 273 128 185 184 154 187 209 110 215 147 221 228 249 186 153 218 128 176 175 193 189 84 269 179 118 247 135 205 74 258 58 262 123 169 85 235 205 103 112 237 90 133 191 193 127 198 224 132 247 76 195 103 171 137 133 163 156 220 103 231 91 218 70 187 155 265 139 297 185 124 186 283 181 48 222 213 99 159 180 208 158 251 238 274 237 242 113 188 142 178 215 190 243 42 165 228 205 
204 245 259 202 211 115 98 99 91 174 100 110 157 282 179 186 159 257 137 187 199 183 217 290 227 214 208 205 200 180 325 297 281 354 307 109 343 186 324 242 121 265 291 201 129 116 300 249 248 154 278 272 173 116 154 272 276 237 163 148 272 268 150 168 178 101 139 299 226 122 299 293 250 317 298 269 284 97 133 181 205 299 254 155 343 258 151 278 309 170 258 268 224 187 105 302 292 192 278 151 132 310 272 219 163 323 212 154 103 181 268 151 286 112 219 200 167 121 207 141 183 247 148 277 129 224 159 173 159 212 190 153 208 212 356 200 192 128 248 234 128 187 290 282 267 270 217 113 192 317 348 262 136 317 255 241 101 339 228 220 163 253 268 124 256 184 182 256 208 155 219 138 297 282 234 167 172 274 244 245 280 170 266 309 162 211 184 129 273 225 284 143 292 297 120 282 310 304 154 255 292 227 244 178 181 225 154 115 151 185 155 112 178 232 299 312 103 317 272 115 134 246 116 105 189 272 220 188 161 353 252 304 134 203 165 190 277 279 206 179 205 263 177 196 263 109 270 173 235 240 245 0 104 143 101 187 259 218 146 150 240 139 284 189 251 136 282 294 125 289 227 175 218 199 305 243 164 277 195 213 232 167 302 172 181 176 137 102 111 287 101 145 133 103 127 110 288 264 183 164 194 291 284 182 326 118 135 288 336 229 231 269 159 129 348 191 180 141 189 105 201 214 95 189 273 182 129 159 157 271 266 159 194 170 171 153 346 252 284 138 286 228 304 323 180 108 135 231 143 120 134 208 247 257 96 123 169 274 336 126 190 182 300 323 154 300 189 223 205 197 103 237 278 336 146 294 148 204 234 184 262 101 172 155 114 181 162 114 134 143 242 230 289 121 153 240 158 223 215 159 222 286 260 246 291 348 133 103 126 172 273 164 310 206 213 196 171 100 155 291 113 160 178 126 261 242 164 277 220 298 154 251 231 221 235 300 154 248 198 142 266 271 184 267 296 176 132 290 145 187 295 186 253 358 266 134 300 118 112 319 205 266 194 254 181 233 172 92 238 124 270 132 301 133 256 130 207 161 150 276 108 117 181 321 198 177 247 176 189 290 173 319 163 162 175 180 219 150 191 154 
114 155 169 112 121 25 20 5 13 96 4 32 67 192 83 108 69 167 59 109 121 87 127 200 137 136 130 127 122 84 235 207 191 264 217 31 253 108 234 152 31 175 201 123 51 22 210 171 158 64 188 182 83 38 76 182 186 147 85 70 194 178 60 78 100 7 61 209 148 32 209 203 160 227 208 179 194 19 55 91 127 209 164 77 253 168 55 188 219 80 168 178 146 109 27 212 202 98 188 61 36 220 182 141 85 233 134 76 25 103 178 73 196 16 141 122 73 27 117 47 105 157 58 187 51 134 65 83 81 122 112 63 118 122 266 122 102 34 158 144 32 97 200 192 177 180 127 17 102 227 258 172 58 227 165 151 7 249 138 142 85 163 178 30 166 106 92 166 130 77 129 60 207 192 144 89 78 184 154 167 190 80 176 219 84 121 94 33 183 135 194 49 202 207 30 192 220 214 76 177 202 137 154 82 87 135 76 37 73 95 77 16 100 154 209 222 25 227 182 19 40 156 38 11 95 182 130 98 71 263 162 214 56 113 87 94 187 189 128 101 115 185 99 118 173 31 180 95 145 150 155 104 0 49 5 109 181 140 52 56 150 61 194 95 161 42 192 204 35 199 137 97 128 109 215 153 74 187 105 123 142 77 212 78 91 82 59 8 33 197 23 49 37 25 37 32 198 174 105 86 100 201 194 92 236 28 39 198 246 139 141 179 69 51 258 113 102 47 111 27 111 124 17 95 183 92 51 65 61 181 176 81 98 92 81 59 256 162 194 60 196 138 214 233 86 12 57 141 65 30 56 118 157 179 18 45 91 184 246 48 112 88 210 233 76 210 93 133 115 103 9 147 188 246 68 204 70 126 144 106 172 7 94 59 20 91 72 20 56 65 152 140 199 25 57 150 80 133 125 69 144 196 170 168 201 258 37 7 48 94 183 68 220 116 123 102 81 6 77 201 35 70 88 48 171 164 74 187 142 208 58 161 153 131 157 210 64 158 120 64 176 181 90 177 206 86 54 200 51 109 205 108 163 268 176 56 210 28 16 229 115 176 116 164 103 143 82 14 160 34 192 38 211 39 178 34 117 83 72 186 12 39 103 231 104 99 169 98 95 200 83 229 73 68 85 102 129 60 113 58 
155 196 210 153 162 66 59 44 52 135 45 71 108 233 124 147 110 208 98 148 160 128 168 241 178 175 169 166 161 125 276 248 232 305 258 70 294 147 275 193 72 216 242 162 90 61 251 210 199 105 229 223 124 77 115 223 227 188 124 109 233 219 101 119 139 46 100 250 187 73 250 244 201 268 249 220 235 58 94 132 166 250 205 116 294 209 96 229 260 121 209 219 185 148 66 253 243 137 229 102 77 261 223 180 124 274 173 115 64 142 219 112 237 57 180 161 112 66 158 86 144 198 99 228 90 175 104 124 120 163 151 104 159 163 307 161 143 73 199 185 73 138 241 233 218 221 168 58 143 268 299 213 97 268 206 192 46 290 179 181 124 204 219 69 207 145 133 207 169 116 170 99 248 233 185 128 117 225 195 206 231 121 217 260 123 162 135 74 224 176 235 88 243 248 71 233 261 255 115 216 243 178 195 123 126 176 115 76 112 136 116 57 139 193 250 263 64 268 223 60 79 197 77 50 134 223 171 139 112 304 203 255 95 154 126 135 228 230 167 140 156 224 138 157 214 70 221 134 186 191 196 143 49 0 46 148 220 179 91 95 191 100 235 134 202 81 233 245 76 240 178 136 169 150 256 194 115 228 146 164 183 118 253 117 132 121 98 47 72 238 62 90 78 64 78 71 239 215 144 125 139 242 235 133 277 69 80 239 287 180 182 220 110 90 299 152 141 86 150 66 152 165 56 134 224 133 90 104 102 222 217 120 139 131 122 98 297 203 235 99 237 179 255 274 125 53 96 182 104 71 95 159 198 218 57 84 130 225 287 87 151 127 251 274 115 251 134 174 156 142 48 188 229 287 107 245 109 165 185 145 213 46 133 100 59 132 113 59 95 104 193 181 240 66 98 191 119 174 166 110 183 237 211 207 242 299 78 48 87 133 224 109 261 157 164 141 122 45 116 242 74 111 129 87 212 203 115 228 181 249 99 202 192 172 196 251 105 199 159 103 217 222 129 218 247 127 93 241 90 148 246 147 204 309 217 95 251 69 57 270 156 217 155 205 142 184 123 53 199 75 231 77 252 78 217 75 158 122 111 227 53 78 142 272 143 138 208 137 134 241 124 270 114 107 126 141 170 101 152 99 
111 152 166 109 118 22 17 2 10 93 1 29 64 189 80 105 66 164 56 106 118 84 124 197 134 133 127 124 119 81 232 204 188 261 214 28 250 105 231 149 28 172 198 120 48 19 207 168 155 61 185 179 80 35 73 179 183 144 82 67 191 175 57 75 97 4 58 206 145 29 206 200 157 224 205 176 191 16 52 88 124 206 161 74 250 165 52 185 216 77 165 175 143 106 24 209 199 95 185 58 33 217 179 138 82 230 131 73 22 100 175 70 193 13 138 119 70 24 114 44 102 154 55 184 48 131 62 80 78 119 109 60 115 119 263 119 99 31 155 141 29 94 197 189 174 177 124 14 99 224 255 169 55 224 162 148 4 246 135 139 82 160 175 27 163 103 89 163 127 74 126 57 204 189 141 86 75 181 151 164 187 77 173 216 81 118 91 30 180 132 191 46 199 204 27 189 217 211 73 174 199 134 151 79 84 132 73 34 70 92 74 13 97 151 206 219 22 224 179 16 37 153 35 8 92 179 127 95 68 260 159 211 53 110 84 91 184 186 125 98 112 182 96 115 170 28 177 92 142 147 152 101 5 46 0 106 178 137 49 53 147 58 191 92 158 39 189 201 32 196 134 94 125 106 212 150 71 184 102 120 139 74 209 75 88 79 56 5 30 194 20 46 34 22 34 29 195 171 102 83 97 198 191 89 233 25 36 195 243 136 138 176 66 48 255 110 99 44 108 24 108 121 14 92 180 89 48 62 58 178 173 78 95 89 78 56 253 159 191 57 193 135 211 230 83 9 54 138 62 27 53 115 154 176 15 42 88 181 243 45 109 85 207 230 73 207 90 130 112 100 6 144 185 243 65 201 67 123 141 103 169 4 91 56 17 88 69 17 53 62 149 137 196 22 54 147 77 130 122 66 141 193 167 165 198 255 34 4 45 91 180 65 217 113 120 99 78 3 74 198 32 67 85 45 168 161 71 184 139 205 55 158 150 128 154 207 61 155 117 61 173 178 87 174 203 83 51 197 48 106 202 105 160 265 173 53 207 25 13 226 112 173 113 161 100 140 79 11 157 31 189 35 208 36 175 31 114 80 69 183 9 36 100 228 101 96 166 95 92 197 80 226 70 65 82 99 126 57 110 55 
173 214 228 171 180 84 89 104 96 13 105 101 126 251 184 177 128 226 142 178 190 188 186 259 196 53 47 196 39 185 294 266 250 323 276 100 312 177 293 211 90 234 260 40 134 121 269 88 217 123 247 241 142 107 145 241 245 206 154 139 111 237 119 137 169 106 144 268 65 91 268 262 219 286 267 238 253 102 124 150 44 268 223 146 312 227 156 247 278 139 227 237 63 26 110 271 261 197 247 120 137 279 241 58 154 292 51 159 94 172 237 142 255 117 58 191 172 126 176 146 188 216 117 246 120 193 164 142 150 181 29 122 177 181 325 191 161 133 217 203 133 156 259 251 236 239 186 118 161 286 317 231 141 286 224 210 106 308 197 59 154 222 237 129 225 175 151 225 199 146 188 129 266 251 203 158 177 243 213 84 249 139 235 278 153 180 153 134 242 194 253 148 261 266 89 251 279 273 159 94 261 196 213 183 186 194 159 106 156 154 146 117 17 71 268 281 94 286 241 120 139 215 107 110 194 241 189 157 130 322 221 273 125 172 170 195 246 248 45 170 174 102 168 187 232 114 239 164 204 209 214 187 109 148 106 0 98 57 151 155 209 130 253 194 220 141 251 263 94 258 196 166 187 168 274 212 133 246 164 182 201 136 271 177 150 181 128 107 102 256 92 150 138 108 96 115 257 233 174 155 199 260 253 151 295 87 140 257 305 198 200 238 128 120 317 182 19 146 180 96 170 183 100 194 242 151 120 164 162 240 235 150 199 161 140 158 315 221 253 129 255 197 273 292 185 113 126 200 134 89 139 177 216 96 101 128 160 243 305 117 181 187 269 292 159 269 194 192 174 202 108 206 247 305 151 263 139 43 203 189 231 106 163 160 119 150 131 119 139 134 211 199 258 126 158 209 149 192 184 128 61 255 229 85 260 317 138 108 117 163 242 169 279 175 182 201 140 105 160 260 118 129 147 131 230 81 133 246 59 267 159 220 70 190 74 269 123 217 189 147 235 240 189 236 265 145 123 259 150 178 264 177 222 327 235 125 269 87 117 288 174 235 185 223 172 202 141 97 77 93 109 137 270 138 95 135 176 152 155 245 113 122 20 290 203 168 86 167 194 259 142 288 132 167 144 185 188 119 182 159 
245 286 300 243 252 156 161 176 168 85 177 173 198 323 256 249 200 298 214 250 262 260 258 331 268 125 119 268 111 257 366 338 322 395 348 172 384 249 365 283 162 306 332 112 206 193 341 160 289 195 319 313 214 179 217 313 317 278 226 211 183 309 191 209 241 178 216 340 137 163 340 334 291 358 339 310 325 174 196 222 116 340 295 218 384 299 228 319 350 211 299 309 135 98 182 343 333 269 319 192 209 351 313 130 226 364 123 231 166 244 309 214 327 189 130 263 244 198 248 218 260 288 189 318 192 265 236 214 222 253 101 194 249 253 397 263 233 205 289 275 205 228 331 323 308 311 258 190 233 358 389 303 213 358 296 282 178 380 269 131 226 294 309 201 297 247 223 297 271 218 260 201 338 323 275 230 249 315 285 156 321 211 307 350 225 252 225 206 314 266 325 220 333 338 161 323 351 345 231 166 333 268 285 255 258 266 231 178 228 226 218 189 89 143 340 353 166 358 313 192 211 287 179 182 266 313 261 229 202 394 293 345 197 244 242 267 318 320 117 242 246 174 240 259 304 186 311 236 276 281 286 259 181 220 178 98 0 129 223 227 281 202 325 266 292 213 323 335 166 330 268 238 259 240 346 284 205 318 236 254 273 208 343 249 222 253 200 179 174 328 164 222 210 180 168 187 329 305 246 227 271 332 325 223 367 159 212 329 377 270 272 310 200 192 389 254 91 218 252 168 242 255 172 266 314 223 192 236 234 312 307 222 271 233 212 230 387 293 325 201 327 269 345 364 257 185 198 272 206 161 211 249 288 168 173 200 232 315 377 189 253 259 341 364 231 341 266 264 246 274 180 278 319 377 223 335 211 115 275 261 303 178 235 232 191 222 203 191 211 206 283 271 330 198 230 281 221 264 256 200 133 327 301 157 332 389 210 180 189 235 314 241 351 247 254 273 212 177 232 332 190 201 219 203 302 153 205 318 131 339 231 292 142 262 146 341 195 289 261 219 307 312 261 308 337 217 195 331 222 250 336 249 294 399 307 197 341 159 189 360 246 307 257 295 244 274 213 169 149 165 181 209 342 210 167 207 248 224 227 317 185 194 92 362 275 240 158 239 266 331 214 360 204 239 216 257 260 191 254 231 
204 245 259 202 211 115 120 135 127 44 136 132 157 282 215 208 159 257 173 209 221 219 217 290 227 84 78 227 70 216 325 297 281 354 307 131 343 208 324 242 121 265 291 71 165 152 300 119 248 154 278 272 173 138 176 272 276 237 185 170 142 268 150 168 200 137 175 299 96 122 299 293 250 317 298 269 284 133 155 181 75 299 254 177 343 258 187 278 309 170 258 268 94 57 141 302 292 228 278 151 168 310 272 89 185 323 82 190 125 203 268 173 286 148 89 222 203 157 207 177 219 247 148 277 151 224 195 173 181 212 60 153 208 212 356 222 192 164 248 234 164 187 290 282 267 270 217 149 192 317 348 262 172 317 255 241 137 339 228 90 185 253 268 160 256 206 182 256 230 177 219 160 297 282 234 189 208 274 244 115 280 170 266 309 184 211 184 165 273 225 284 179 292 297 120 282 310 304 190 125 292 227 244 214 217 225 190 137 187 185 177 148 48 102 299 312 125 317 272 151 170 246 138 141 225 272 220 188 161 353 252 304 156 203 201 226 277 279 76 201 205 133 199 218 263 145 270 195 235 240 245 218 140 179 137 57 129 0 182 186 240 161 284 225 251 172 282 294 125 289 227 197 218 199 305 243 164 277 195 213 232 167 302 208 181 212 159 138 133 287 123 181 169 139 127 146 288 264 205 186 230 291 284 182 326 118 171 288 336 229 231 269 159 151 348 213 50 177 211 127 201 214 131 225 273 182 151 195 193 271 266 181 230 192 171 189 346 252 284 160 286 228 304 323 216 144 157 231 165 120 170 208 247 127 132 159 191 274 336 148 212 218 300 323 190 300 225 223 205 233 139 237 278 336 182 294 170 74 234 220 262 137 194 191 150 181 162 150 170 165 242 230 289 157 189 240 180 223 215 159 92 286 260 116 291 348 169 139 148 194 273 200 310 206 213 232 171 136 191 291 149 160 178 162 261 112 164 277 90 298 190 251 101 221 105 300 154 248 220 178 266 271 220 267 296 176 154 290 181 209 295 208 253 358 266 156 300 118 148 319 205 266 216 254 203 233 172 128 108 124 140 168 301 169 126 166 207 183 186 276 144 153 51 321 234 199 117 198 225 290 173 319 163 198 175 216 219 150 213 190 
158 199 213 156 165 69 62 47 55 138 48 74 111 236 127 150 113 211 101 151 163 131 171 244 181 178 172 169 164 128 279 251 235 308 261 73 297 150 278 196 75 219 245 165 93 64 254 213 202 108 232 226 127 80 118 226 230 191 127 112 236 222 104 122 142 49 103 253 190 76 253 247 204 271 252 223 238 61 97 135 169 253 208 119 297 212 99 232 263 124 212 222 188 151 69 256 246 140 232 105 80 264 226 183 127 277 176 118 67 145 222 115 240 60 183 164 115 69 161 89 147 201 102 231 93 178 107 127 123 166 154 107 162 166 310 164 146 76 202 188 76 141 244 236 221 224 171 61 146 271 302 216 100 271 209 195 49 293 182 184 127 207 222 72 210 148 136 210 172 119 173 102 251 236 188 131 120 228 198 209 234 124 220 263 126 165 138 77 227 179 238 91 246 251 74 236 264 258 118 219 246 181 198 126 129 179 118 79 115 139 119 60 142 196 253 266 67 271 226 63 82 200 80 53 137 226 174 142 115 307 206 258 98 157 129 138 231 233 170 143 159 227 141 160 217 73 224 137 189 194 199 146 52 91 49 151 223 182 0 98 194 103 238 137 205 84 236 248 79 243 181 139 172 153 259 197 118 231 149 167 186 121 256 120 135 124 101 50 75 241 65 93 81 67 81 74 242 218 147 128 142 245 238 136 280 72 83 242 290 183 185 223 113 93 302 155 144 89 153 69 155 168 59 137 227 136 93 107 105 225 220 123 142 134 125 101 300 206 238 102 240 182 258 277 128 56 99 185 107 74 98 162 201 221 60 87 133 228 290 90 154 130 254 277 118 254 137 177 159 145 51 191 232 290 110 248 112 168 188 148 216 49 136 103 62 135 116 62 98 107 196 184 243 69 101 194 122 177 169 113 186 240 214 210 245 302 81 51 90 136 227 112 264 160 167 144 125 48 119 245 77 114 132 90 215 206 118 231 184 252 102 205 195 175 199 254 108 202 162 106 220 225 132 221 250 130 96 244 93 151 249 150 207 312 220 98 254 72 60 273 159 220 158 208 145 187 126 56 202 78 234 80 255 81 220 78 161 125 114 230 56 81 145 275 146 141 211 140 137 244 127 273 117 110 129 144 173 104 155 102 
162 203 217 160 169 73 66 51 59 142 52 78 115 240 131 154 117 215 105 155 167 135 175 248 185 182 176 173 168 132 283 255 239 312 265 77 301 154 282 200 79 223 249 169 97 68 258 217 206 112 236 230 131 84 122 230 234 195 131 116 240 226 108 126 146 53 107 257 194 80 257 251 208 275 256 227 242 65 101 139 173 257 212 123 301 216 103 236 267 128 216 226 192 155 73 260 250 144 236 109 84 268 230 187 131 281 180 122 71 149 226 119 244 64 187 168 119 73 165 93 151 205 106 235 97 182 111 131 127 170 158 111 166 170 314 168 150 80 206 192 80 145 248 240 225 228 175 65 150 275 306 220 104 275 213 199 53 297 186 188 131 211 226 76 214 152 140 214 176 123 177 106 255 240 192 135 124 232 202 213 238 128 224 267 130 169 142 81 231 183 242 95 250 255 78 240 268 262 122 223 250 185 202 130 133 183 122 83 119 143 123 64 146 200 257 270 71 275 230 67 86 204 84 57 141 230 178 146 119 311 210 262 102 161 133 142 235 237 174 147 163 231 145 164 221 77 228 141 193 198 203 150 56 95 53 155 227 186 98 0 198 107 242 141 209 88 240 252 83 247 185 143 176 157 263 201 122 235 153 171 190 125 260 124 139 128 105 54 79 245 69 97 85 71 85 78 246 222 151 132 146 249 242 140 284 76 87 246 294 187 189 227 117 97 306 159 148 93 157 73 159 172 63 141 231 140 97 111 109 229 224 127 146 138 129 105 304 210 242 106 244 186 262 281 132 60 103 189 111 78 102 166 205 225 64 91 137 232 294 94 158 134 258 281 122 258 141 181 163 149 55 195 236 294 114 252 116 172 192 152 220 53 140 107 66 139 120 66 102 111 200 188 247 73 105 198 126 181 173 117 190 244 218 214 249 306 85 55 94 140 231 116 268 164 171 148 129 52 123 249 81 118 136 94 219 210 122 235 188 256 106 209 199 179 203 258 112 206 166 110 224 229 136 225 254 134 100 248 97 155 253 154 211 316 224 102 258 76 64 277 163 224 162 212 149 191 130 60 206 82 238 84 259 85 224 82 165 129 118 234 60 85 149 279 150 145 215 144 141 248 131 277 121 114 133 148 177 108 159 106 
36 63 91 38 29 125 154 147 149 196 146 142 167 114 225 218 169 93 195 243 231 229 49 108 45 236 230 237 222 226 157 129 99 186 125 165 161 218 142 252 131 83 109 223 187 164 136 271 66 164 96 104 183 172 186 90 112 69 195 204 294 100 160 178 210 149 197 131 248 132 135 111 82 135 116 101 102 155 165 191 227 117 86 211 161 76 197 114 141 180 76 104 246 209 163 134 124 240 110 161 178 128 90 241 195 141 234 212 159 237 104 183 118 158 241 232 215 169 217 189 241 65 158 109 161 234 207 183 215 48 212 163 44 222 188 232 202 176 258 52 174 197 108 118 85 106 53 159 202 149 180 80 194 135 73 251 149 157 60 242 195 263 104 172 92 216 192 74 240 187 37 170 133 118 66 199 220 110 62 267 112 180 102 141 218 221 194 175 105 61 116 191 128 129 130 114 142 136 212 277 124 59 254 224 229 61 212 171 209 195 211 158 200 254 117 130 159 135 108 161 182 64 172 153 237 104 38 198 171 185 70 136 190 213 223 236 109 97 228 211 37 285 209 228 81 167 102 229 71 76 63 240 150 191 147 209 281 240 194 198 0 195 120 237 83 184 100 112 135 121 45 207 228 209 137 75 174 109 205 45 242 177 134 220 191 224 169 150 143 105 157 191 179 161 137 168 124 82 215 196 242 123 120 192 144 128 181 120 168 61 63 101 169 185 180 223 202 189 221 161 211 224 153 237 91 192 161 207 203 89 98 215 240 226 181 201 178 262 120 170 104 60 122 141 228 154 191 63 175 130 192 40 65 279 154 181 225 106 154 182 222 230 118 141 212 118 235 41 215 245 151 247 96 154 204 130 204 226 244 242 98 149 204 201 162 191 172 162 192 199 252 62 107 167 199 72 190 233 225 169 244 104 78 268 123 180 179 149 182 204 105 210 142 216 223 244 181 148 213 123 171 170 188 184 79 264 174 113 242 130 200 69 253 53 257 118 164 80 230 200 98 107 232 85 128 186 188 122 193 219 127 242 71 190 98 166 132 128 158 151 215 98 226 86 213 65 182 150 260 134 292 180 119 181 278 176 43 217 208 94 154 175 203 153 246 233 269 232 237 108 183 137 173 210 185 238 37 160 223 200 
159 200 214 157 166 70 41 56 48 117 57 53 109 237 136 129 114 212 94 130 142 140 172 245 182 157 151 148 143 137 280 252 236 309 262 52 298 129 279 194 76 220 246 144 86 73 255 192 203 109 233 227 125 59 97 227 231 192 106 91 215 223 105 123 121 58 96 254 169 77 254 248 205 272 253 224 239 54 76 136 148 254 209 98 298 213 108 233 264 122 213 223 167 130 62 257 247 149 233 106 89 265 227 162 106 278 155 111 46 124 223 94 241 69 162 143 124 78 162 98 140 202 103 232 72 176 116 128 102 167 133 108 163 164 311 143 147 85 200 189 85 142 245 237 222 225 172 70 147 272 303 217 93 272 210 193 58 294 183 163 106 205 223 81 211 127 134 211 151 98 174 81 252 237 189 110 129 229 199 188 235 125 221 264 105 163 139 86 228 180 239 100 247 252 75 237 265 259 111 198 247 182 196 135 138 180 111 58 108 140 98 69 121 175 254 267 46 272 227 72 91 201 59 62 146 227 175 140 116 308 207 259 77 155 122 147 232 234 149 122 160 206 120 139 218 66 225 116 190 195 200 139 61 100 58 130 202 161 103 107 195 0 239 146 206 93 237 249 80 244 182 118 170 154 260 198 119 232 147 168 184 119 257 129 133 133 80 59 54 242 44 102 90 60 82 67 243 219 126 107 151 246 239 137 281 73 92 243 291 184 186 224 114 72 303 134 123 98 132 48 156 166 52 146 228 134 72 116 114 226 221 102 151 113 126 110 301 204 239 81 241 183 259 278 137 65 78 186 86 75 91 163 202 200 53 80 112 229 291 69 133 139 255 278 111 255 146 178 157 154 60 189 233 291 103 249 91 147 186 141 217 58 115 112 71 136 114 71 91 86 194 185 244 78 110 195 101 175 167 111 165 241 215 189 246 303 90 60 69 115 228 121 265 161 165 153 123 57 112 246 70 115 133 83 216 185 119 232 163 253 111 206 174 176 178 255 109 203 141 99 221 226 141 222 251 128 75 245 102 130 250 129 208 313 221 77 255 73 69 274 157 221 137 209 124 188 127 49 181 79 213 89 256 90 199 87 162 104 107 231 65 74 124 276 155 120 190 119 146 245 128 274 118 119 127 137 174 105 134 111 
84 125 139 82 91 169 198 191 193 240 190 186 211 162 269 262 213 137 239 287 275 273 97 170 107 280 274 281 266 270 205 177 161 234 187 209 223 262 204 296 175 145 171 267 231 208 180 315 128 208 158 152 227 216 230 152 156 117 239 248 338 148 204 222 254 193 241 179 292 176 179 173 130 197 178 149 164 199 209 235 271 179 134 255 223 138 241 158 189 224 138 148 290 253 207 182 172 284 158 205 222 190 152 285 239 203 278 256 203 281 148 227 166 202 285 276 259 213 261 233 285 127 202 157 205 278 251 227 259 92 256 207 88 266 236 276 246 220 302 114 218 241 170 162 147 150 97 203 246 197 228 142 238 197 135 295 193 219 108 286 239 307 148 216 136 260 236 136 284 231 99 214 177 162 114 243 264 154 124 311 160 224 146 189 262 265 238 219 153 105 164 235 172 177 174 162 190 184 256 321 172 107 298 268 273 105 256 215 253 239 255 202 244 298 179 192 203 197 152 205 226 126 216 197 281 152 100 242 215 233 132 184 234 257 267 280 157 159 272 255 85 329 253 272 143 211 150 273 115 120 125 284 194 235 191 253 325 284 238 242 120 239 0 281 131 228 162 174 179 169 107 251 272 253 185 123 218 157 249 93 286 221 182 264 235 268 213 194 187 167 201 235 223 205 181 212 168 144 259 240 286 171 164 236 206 172 225 168 216 109 111 149 213 229 228 267 246 233 265 205 255 268 197 281 153 236 205 251 247 151 146 259 284 270 225 245 226 306 164 214 166 108 184 203 272 198 235 111 219 174 236 88 127 323 198 225 269 154 216 226 266 274 180 203 256 180 279 103 259 289 195 291 158 216 248 174 248 270 288 286 142 193 248 245 206 235 216 206 236 243 296 110 169 211 243 120 234 277 269 213 288 166 140 312 171 228 223 193 226 248 153 254 190 260 267 288 225 192 257 171 215 214 232 228 141 308 218 157 286 178 244 131 297 101 301 180 208 128 274 244 146 151 276 147 176 230 232 170 237 263 175 286 133 238 146 210 180 172 202 199 259 146 270 134 257 113 226 194 304 178 336 224 181 225 322 220 87 261 252 156 198 219 247 201 290 277 313 276 281 170 227 199 217 254 229 282 99 204 267 244 
201 242 256 199 208 112 105 90 98 181 91 117 154 279 170 193 156 254 144 194 206 174 214 287 224 221 215 212 207 171 322 294 278 351 304 116 340 193 321 239 118 262 288 208 136 107 297 256 245 151 275 269 170 123 161 269 273 234 170 155 279 265 147 165 185 92 146 296 233 119 296 290 247 314 295 266 281 104 140 178 212 296 251 162 340 255 142 275 306 167 255 265 231 194 112 299 289 183 275 148 123 307 269 226 170 320 219 161 110 188 265 158 283 103 226 207 158 112 204 132 190 244 145 274 136 221 150 170 166 209 197 150 205 209 353 207 189 119 245 231 119 184 287 279 264 267 214 104 189 314 345 259 143 314 252 238 92 336 225 227 170 250 265 115 253 191 179 253 215 162 216 145 294 279 231 174 163 271 241 252 277 167 263 306 169 208 181 120 270 222 281 134 289 294 117 279 307 301 161 262 289 224 241 169 172 222 161 122 158 182 162 103 185 239 296 309 110 314 269 106 125 243 123 96 180 269 217 185 158 350 249 301 141 200 172 181 274 276 213 186 202 270 184 203 260 116 267 180 232 237 242 189 95 134 92 194 266 225 137 141 237 146 281 0 248 127 279 291 122 286 224 182 215 196 302 240 161 274 192 210 229 164 299 163 178 167 144 93 118 284 108 136 124 110 124 117 285 261 190 171 185 288 281 179 323 115 126 285 333 226 228 266 156 136 345 198 187 132 196 112 198 211 102 180 270 179 136 150 148 268 263 166 185 177 168 144 343 249 281 145 283 225 301 320 171 99 142 228 150 117 141 205 244 264 103 130 176 271 333 133 197 173 297 320 161 297 180 220 202 188 94 234 275 333 153 291 155 211 231 191 259 92 179 146 105 178 159 105 141 150 239 227 286 112 144 237 165 220 212 156 229 283 257 253 288 345 124 94 133 179 270 155 307 203 210 187 168 91 162 288 120 157 175 133 258 249 161 274 227 295 145 248 238 218 242 297 151 245 205 149 263 268 175 264 293 173 139 287 136 194 292 193 250 355 263 141 297 115 103 316 202 263 201 251 188 230 169 99 245 121 277 123 298 124 263 121 204 168 157 273 99 124 188 318 189 184 254 183 180 287 170 316 160 153 172 187 216 147 198 145 
47 88 106 49 54 136 165 158 160 207 157 153 178 125 236 229 180 104 206 254 242 240 60 133 70 247 241 248 233 237 172 140 124 201 150 176 186 229 167 263 142 108 134 234 198 175 147 282 91 175 121 115 194 183 197 115 123 80 206 215 305 111 171 189 221 160 208 142 259 143 146 136 93 160 141 116 127 166 176 202 238 142 97 222 186 101 208 125 156 191 101 115 257 220 174 149 139 251 121 172 189 153 115 252 206 166 245 223 170 248 115 194 129 169 252 243 226 180 228 200 252 90 169 124 172 245 218 194 226 59 223 174 55 233 203 243 213 187 269 77 185 208 133 129 110 117 64 170 213 164 195 105 205 160 98 262 160 182 71 253 206 274 115 183 103 227 203 99 251 198 62 181 144 129 77 210 231 121 87 278 127 191 113 156 229 232 205 186 116 72 131 202 139 144 141 129 157 151 223 288 139 70 265 235 240 72 223 182 220 206 222 169 211 265 142 155 170 160 119 172 193 89 183 164 248 119 63 209 182 200 95 151 201 224 234 247 120 122 239 222 48 296 220 239 106 178 117 240 82 87 88 251 161 202 158 220 292 251 205 209 83 206 131 248 0 195 125 137 146 132 70 218 239 220 152 86 185 120 216 56 253 188 149 231 202 235 180 161 154 130 168 202 190 172 148 179 135 107 226 207 253 134 131 203 169 139 192 135 183 72 74 112 180 196 195 234 213 200 232 172 222 235 164 248 116 203 172 218 214 114 109 226 251 237 192 212 193 273 131 181 129 71 147 166 239 165 202 74 186 141 203 51 90 290 165 192 236 121 179 193 233 241 143 166 223 143 246 66 226 256 162 258 121 179 215 141 215 237 255 253 109 160 215 212 173 202 183 173 203 210 263 73 132 178 210 83 201 244 236 180 255 129 103 279 138 195 190 160 193 215 120 221 157 227 234 255 192 159 224 134 182 181 199 195 104 275 185 124 253 145 211 94 264 64 268 143 175 91 241 211 109 118 243 110 143 197 199 133 204 230 142 253 96 205 113 177 143 139 169 166 226 109 237 97 224 76 193 161 271 145 303 191 144 192 289 187 54 228 219 119 165 186 214 168 257 244 280 243 248 133 194 162 184 221 196 249 62 171 234 211 
148 189 203 146 155 59 52 37 45 128 38 64 101 226 117 140 103 201 91 141 153 121 161 234 171 168 162 159 154 118 269 241 225 298 251 63 287 140 268 186 65 209 235 155 83 54 244 203 192 98 222 216 117 70 108 216 220 181 117 102 226 212 94 112 132 39 93 243 180 66 243 237 194 261 242 213 228 51 87 125 159 243 198 109 287 202 89 222 253 114 202 212 178 141 59 246 236 130 222 95 70 254 216 173 117 267 166 108 57 135 212 105 230 50 173 154 105 59 151 79 137 191 92 221 83 168 97 117 113 156 144 97 152 156 300 154 136 66 192 178 66 131 234 226 211 214 161 51 136 261 292 206 90 261 199 185 39 283 172 174 117 197 212 62 200 138 126 200 162 109 163 92 241 226 178 121 110 218 188 199 224 114 210 253 116 155 128 67 217 169 228 81 236 241 64 226 254 248 108 209 236 171 188 116 119 169 108 69 105 129 109 50 132 186 243 256 57 261 216 53 72 190 70 43 127 216 164 132 105 297 196 248 88 147 119 128 221 223 160 133 149 217 131 150 207 63 214 127 179 184 189 136 42 81 39 141 213 172 84 88 184 93 228 127 195 0 226 238 69 233 171 129 162 143 249 187 108 221 139 157 176 111 246 110 125 114 91 40 65 231 55 83 71 57 71 64 232 208 137 118 132 235 228 126 270 62 73 232 280 173 175 213 103 83 292 145 134 79 143 59 145 158 49 127 217 126 83 97 95 215 210 113 132 124 115 91 290 196 228 92 230 172 248 267 118 46 89 175 97 64 88 152 191 211 50 77 123 218 280 80 144 120 244 267 108 244 127 167 149 135 41 181 222 280 100 238 102 158 178 138 206 39 126 93 52 125 106 52 88 97 186 174 233 59 91 184 112 167 159 103 176 230 204 200 235 292 71 41 80 126 217 102 254 150 157 134 115 38 109 235 67 104 122 80 205 196 108 221 174 242 92 195 185 165 189 244 98 192 152 96 210 215 122 211 240 120 86 234 83 141 239 140 197 302 210 88 244 62 50 263 149 210 148 198 135 177 116 46 192 68 224 70 245 71 210 68 151 115 104 220 46 71 135 265 136 131 201 130 127 234 117 263 107 100 119 134 163 94 145 92 
78 37 85 80 71 167 196 189 191 238 188 184 209 156 267 260 211 135 237 285 273 271 91 82 87 278 272 279 264 268 151 171 141 180 99 207 135 260 116 294 173 57 83 265 229 206 178 313 108 206 138 146 225 214 228 132 154 111 237 246 336 142 202 220 252 191 239 173 290 174 177 85 124 109 158 95 144 197 207 233 269 159 128 253 135 50 239 156 135 222 118 146 288 251 205 128 118 282 152 203 220 170 64 283 237 115 276 254 201 279 146 225 160 200 283 274 257 211 259 231 283 39 200 103 203 276 249 225 257 90 254 205 86 264 182 274 244 218 300 94 216 239 150 160 59 148 95 201 244 143 174 54 236 109 115 293 191 131 102 284 237 305 146 214 134 258 234 48 282 229 79 212 175 160 108 241 262 152 104 309 106 222 144 135 260 263 236 217 147 103 110 233 170 123 172 108 136 130 254 319 118 101 296 266 271 103 254 213 251 237 253 200 242 296 159 104 201 109 150 203 224 106 214 195 279 98 80 240 213 179 44 130 232 255 265 278 151 71 270 253 79 327 251 270 123 209 96 271 113 118 105 282 192 233 189 251 323 282 236 240 100 237 162 279 125 226 0 154 177 163 87 249 270 251 131 117 216 151 247 87 284 219 128 262 233 266 211 192 185 79 199 233 221 203 179 210 166 56 257 238 284 165 162 234 118 170 223 114 162 103 105 143 211 227 174 265 244 231 263 203 253 266 195 279 65 234 203 249 245 63 140 257 282 268 223 243 172 304 162 212 78 102 96 115 270 196 233 105 217 172 234 82 39 321 196 223 267 100 128 224 264 272 160 115 254 92 277 83 257 287 193 289 138 128 246 172 246 268 286 284 140 191 246 243 204 233 214 204 234 241 294 104 149 209 241 114 232 275 267 211 286 78 52 310 117 174 221 191 224 246 99 252 136 258 265 286 223 190 255 165 213 212 230 226 53 306 216 155 284 124 242 43 295 95 299 160 206 122 272 242 140 149 274 127 122 228 230 164 235 261 121 284 113 184 92 208 174 170 200 145 257 140 268 128 255 107 224 192 302 176 334 222 161 223 320 218 85 259 250 136 196 217 245 147 288 275 311 274 279 150 225 111 215 252 227 280 79 202 265 242 
90 117 145 92 83 179 208 201 203 250 200 196 221 168 279 272 223 147 249 297 285 283 103 162 99 290 284 291 276 280 211 183 153 240 179 219 215 272 196 306 185 137 163 277 241 218 190 325 120 218 150 158 237 226 240 144 166 123 249 258 348 154 214 232 264 203 251 185 302 186 189 165 136 189 170 155 156 209 219 245 281 171 140 265 215 130 251 168 195 234 130 158 300 263 217 188 178 294 164 215 232 182 144 295 249 195 288 266 213 291 158 237 172 212 295 286 269 223 271 243 295 119 212 163 215 288 261 237 269 102 266 217 98 276 242 286 256 230 312 106 228 251 162 172 139 160 107 213 256 203 234 134 248 189 127 305 203 211 114 296 249 317 158 226 146 270 246 128 294 241 91 224 187 172 120 253 274 164 116 321 166 234 156 195 272 275 248 229 159 115 170 245 182 183 184 168 196 190 266 331 178 113 308 278 283 115 266 225 263 249 265 212 254 308 171 184 213 189 162 215 236 118 226 207 291 158 92 252 225 239 124 190 244 267 277 290 163 151 282 265 91 339 263 282 135 221 156 283 125 130 117 294 204 245 201 263 335 294 248 252 112 249 174 291 137 238 154 0 189 175 99 261 282 263 191 129 228 163 259 99 296 231 188 274 245 278 223 204 197 159 211 245 233 215 191 222 178 136 269 250 296 177 174 246 198 182 235 174 222 115 117 155 223 239 234 277 256 243 275 215 265 278 207 291 145 246 215 261 257 143 152 269 294 280 235 255 232 316 174 224 158 114 176 195 282 208 245 117 229 184 246 94 119 333 208 235 279 160 208 236 276 284 172 195 266 172 289 95 269 299 205 301 150 208 258 184 258 280 298 296 152 203 258 255 216 245 226 216 246 253 306 116 161 221 253 126 244 287 279 223 298 158 132 322 177 234 233 203 236 258 159 264 196 270 277 298 235 202 267 177 225 224 242 238 133 318 228 167 296 184 254 123 307 107 311 172 218 134 284 254 152 161 286 139 182 240 242 176 247 273 181 296 125 244 152 220 186 182 212 205 269 152 280 140 267 119 236 204 314 188 346 234 173 235 332 230 97 271 262 148 208 229 257 207 300 287 323 286 291 162 237 191 227 264 239 292 91 214 277 254 
99 140 154 97 106 10 39 32 34 81 31 27 52 177 110 103 54 152 80 128 116 114 112 185 122 121 115 122 107 111 220 192 176 249 202 50 238 103 219 137 16 160 186 108 72 49 195 156 143 49 173 167 68 57 71 167 171 132 80 89 179 163 45 63 95 34 82 194 133 17 194 188 145 212 193 164 179 40 50 76 112 194 149 96 238 153 82 173 204 65 153 163 131 94 48 197 187 125 173 46 63 205 167 126 80 218 119 97 44 122 163 68 181 43 126 117 100 54 102 74 126 142 43 172 46 119 92 68 100 107 97 48 103 107 251 117 87 61 143 129 59 82 185 177 162 165 112 44 87 212 243 157 79 212 150 136 34 234 123 127 80 148 163 57 151 101 77 151 125 72 114 55 192 177 129 84 105 169 139 152 175 65 161 204 103 106 79 60 168 120 179 76 187 192 15 177 205 199 97 162 187 122 139 109 114 120 97 56 94 80 96 43 85 139 194 207 44 212 167 46 67 141 57 38 122 167 115 83 56 248 147 199 75 98 108 121 172 174 113 96 100 170 94 113 158 52 165 114 130 135 140 125 35 76 32 94 166 125 79 83 135 80 179 122 146 69 177 189 0 184 122 92 113 94 200 138 59 172 90 108 127 62 197 105 76 109 54 35 28 182 42 76 64 46 22 53 183 159 100 81 127 186 179 77 221 13 66 183 231 124 126 164 54 70 243 108 87 74 106 46 96 109 38 122 168 77 46 92 88 166 161 100 125 111 66 86 241 147 179 55 181 123 199 218 113 39 76 126 60 15 77 103 142 164 39 66 110 169 231 67 107 115 195 218 97 195 120 118 100 130 36 132 173 231 89 189 89 111 129 127 157 34 89 86 47 76 57 47 77 84 137 125 184 52 84 135 75 118 110 54 129 181 155 153 186 243 64 34 67 89 168 95 205 101 108 129 66 33 98 186 56 55 73 69 156 149 59 172 127 193 85 146 138 116 142 195 49 143 115 85 161 166 117 162 191 71 73 185 78 104 190 127 148 253 161 51 195 13 43 214 100 161 111 149 98 128 67 35 145 19 177 65 196 66 163 61 102 102 93 171 39 60 88 216 131 118 154 117 122 185 68 214 58 95 70 123 114 45 108 85 
85 126 144 87 92 174 203 196 198 245 195 191 216 163 274 267 218 142 244 292 280 278 98 171 108 285 279 286 271 275 210 178 162 239 188 214 224 267 205 301 180 146 172 272 236 213 185 320 129 213 159 153 232 221 235 153 161 118 244 253 343 149 209 227 259 198 246 180 297 181 184 174 131 198 179 154 165 204 214 240 276 180 135 260 224 139 246 163 194 229 139 153 295 258 212 187 177 289 159 210 227 191 153 290 244 204 283 261 208 286 153 232 167 207 290 281 264 218 266 238 290 128 207 162 210 283 256 232 264 97 261 212 93 271 241 281 251 225 307 115 223 246 171 167 148 155 102 208 251 202 233 143 243 198 136 300 198 220 109 291 244 312 153 221 141 265 241 137 289 236 100 219 182 167 115 248 269 159 125 316 165 229 151 194 267 270 243 224 154 110 169 240 177 182 179 167 195 189 261 326 177 108 303 273 278 110 261 220 258 244 260 207 249 303 180 193 208 198 157 210 231 127 221 202 286 157 101 247 220 238 133 189 239 262 272 285 158 160 277 260 86 334 258 277 144 216 155 278 120 125 126 289 199 240 196 258 330 289 243 247 121 244 169 286 132 233 163 175 184 0 108 256 277 258 190 124 223 158 254 94 291 226 187 269 240 273 218 199 192 168 206 240 228 210 186 217 173 145 264 245 291 172 169 241 207 177 230 173 221 110 112 150 218 234 233 272 251 238 270 210 260 273 202 286 154 241 210 256 252 152 147 264 289 275 230 250 231 311 169 219 167 109 185 204 277 203 240 112 224 179 241 89 128 328 203 230 274 159 217 231 271 279 181 204 261 181 284 104 264 294 200 296 159 217 253 179 253 275 293 291 147 198 253 250 211 240 221 211 241 248 301 111 170 216 248 121 239 282 274 218 293 167 141 317 176 233 228 198 231 253 158 259 195 265 272 293 230 197 262 172 220 219 237 233 142 313 223 162 291 183 249 132 302 102 306 181 213 129 279 249 147 156 281 148 181 235 237 171 242 268 180 291 134 243 151 215 181 177 207 204 264 147 275 135 262 114 231 199 309 183 341 229 182 230 327 225 92 266 257 157 203 224 252 206 295 282 318 281 286 171 232 200 222 259 234 287 100 209 272 249 
23 50 78 25 16 112 141 134 136 183 133 129 154 101 212 205 156 80 182 230 218 216 36 95 32 223 217 224 209 213 144 116 86 173 112 152 148 205 129 239 118 70 96 210 174 151 123 258 53 151 83 91 170 159 173 77 99 56 182 191 281 87 147 165 197 136 184 118 235 119 122 98 69 122 103 88 89 142 152 178 214 104 73 198 148 63 184 101 128 167 63 91 233 196 150 121 111 227 97 148 165 115 77 228 182 128 221 199 146 224 91 170 105 145 228 219 202 156 204 176 228 52 145 96 148 221 194 170 202 35 199 150 31 209 175 219 189 163 245 39 161 184 95 105 72 93 40 146 189 136 167 67 181 122 60 238 136 144 47 229 182 250 91 159 79 203 179 61 227 174 24 157 120 105 53 186 207 97 49 254 99 167 89 128 205 208 181 162 92 48 103 178 115 116 117 101 129 123 199 264 111 46 241 211 216 48 199 158 196 182 198 145 187 241 104 117 146 122 95 148 169 51 159 140 224 91 25 185 158 172 57 123 177 200 210 223 96 84 215 198 24 272 196 215 68 154 89 216 58 63 50 227 137 178 134 196 268 227 181 185 45 182 107 224 70 171 87 99 122 108 0 194 215 196 124 62 161 96 192 32 229 164 121 207 178 211 156 137 130 92 144 178 166 148 124 155 111 69 202 183 229 110 107 179 131 115 168 107 155 48 50 88 156 172 167 210 189 176 208 148 198 211 140 224 78 179 148 194 190 76 85 202 227 213 168 188 165 249 107 157 91 47 109 128 215 141 178 50 162 117 179 27 52 266 141 168 212 93 141 169 209 217 105 128 199 105 222 28 202 232 138 234 83 141 191 117 191 213 231 229 85 136 191 188 149 178 159 149 179 186 239 49 94 154 186 59 177 220 212 156 231 91 65 255 110 167 166 136 169 191 92 197 129 203 210 231 168 135 200 110 158 157 175 171 66 251 161 100 229 117 187 56 240 40 244 105 151 67 217 187 85 94 219 72 115 173 175 109 180 206 114 229 58 177 85 153 119 115 145 138 202 85 213 73 200 52 169 137 247 121 279 167 106 168 265 163 30 204 195 81 141 162 190 140 233 220 256 219 224 95 170 124 160 197 172 225 24 147 210 187 
171 212 226 169 178 82 77 92 84 153 93 65 124 249 172 141 126 224 130 166 154 176 184 257 194 193 187 160 179 173 292 264 248 321 274 88 310 141 291 209 88 232 258 180 122 109 267 228 215 121 245 239 140 95 109 239 243 204 118 127 251 235 117 135 133 94 132 266 205 89 266 260 217 284 265 236 251 90 88 148 184 266 221 134 310 225 144 245 276 137 225 235 203 166 98 269 259 185 245 118 125 277 239 198 118 290 191 147 82 160 235 106 253 105 198 155 160 114 174 134 176 214 115 244 84 191 152 140 138 179 169 120 175 179 323 155 159 121 215 201 121 154 257 249 234 237 184 106 159 284 315 229 129 284 222 208 94 306 195 199 118 220 235 117 223 139 149 223 163 110 186 93 264 249 201 122 165 241 211 224 247 137 233 276 141 178 151 122 240 192 251 136 259 264 87 249 277 271 147 234 259 194 211 171 174 192 147 94 144 152 134 105 157 211 266 279 82 284 239 108 127 213 95 98 182 239 187 155 128 320 219 271 113 170 158 183 244 246 185 134 172 242 132 151 230 102 237 152 202 207 212 175 97 136 94 166 238 197 139 143 207 118 251 182 218 129 249 261 92 256 194 0 185 166 272 210 131 244 162 180 199 134 269 165 148 169 92 95 66 254 80 138 126 96 94 103 255 231 138 119 187 258 251 149 293 85 128 255 303 196 198 236 126 108 315 146 159 134 144 84 168 181 88 182 240 149 84 152 150 238 233 138 187 149 138 146 313 219 251 93 253 195 271 290 173 101 114 198 98 87 127 175 214 236 89 116 148 241 303 105 145 175 267 290 147 267 182 190 172 190 96 204 245 303 139 261 127 183 201 177 229 94 127 148 107 148 129 107 127 122 209 197 256 114 146 207 113 190 182 126 201 253 227 225 258 315 126 96 105 127 240 157 277 173 180 189 138 93 148 258 106 127 145 119 228 221 131 244 199 265 147 218 210 188 214 267 121 215 153 135 233 238 177 234 263 143 111 257 138 142 262 165 220 325 233 89 267 85 105 286 172 233 149 221 136 200 139 85 217 91 249 125 268 126 235 123 174 140 143 243 101 110 160 288 191 156 226 155 182 257 140 286 130 155 142 173 186 117 146 147 
192 233 247 190 199 103 129 125 127 174 124 120 61 270 203 196 147 245 173 218 209 207 205 278 215 214 208 215 200 204 313 285 269 342 295 140 331 196 312 146 109 253 279 201 165 142 288 249 236 142 266 260 77 147 164 260 264 225 173 179 272 256 138 156 188 127 175 287 226 110 287 281 238 305 286 257 272 133 143 169 205 287 242 186 331 246 175 266 297 74 246 256 224 187 141 290 280 218 266 139 156 298 260 219 173 311 212 190 134 212 256 161 274 136 219 210 193 147 195 167 219 235 136 265 139 128 185 161 190 200 190 141 196 116 344 210 180 154 152 222 152 175 278 270 255 258 205 137 180 305 336 250 172 305 243 145 127 327 216 220 173 157 256 150 244 194 86 244 218 165 207 148 285 270 222 177 198 262 232 245 268 158 254 297 193 115 172 153 261 213 272 169 280 285 108 270 298 292 190 255 280 215 148 202 207 213 190 146 187 173 186 136 178 232 287 300 134 305 260 139 160 234 147 131 215 260 208 92 149 341 240 292 165 107 201 214 265 267 206 189 193 263 187 206 251 145 258 204 223 228 233 218 128 169 125 187 259 218 172 176 228 170 272 215 239 162 270 282 113 277 215 185 0 187 293 231 152 265 99 201 136 71 290 198 85 202 147 128 121 275 132 169 157 139 115 146 276 252 193 174 220 279 272 170 314 106 159 276 324 217 219 257 147 160 336 201 180 167 199 136 189 118 131 215 261 86 139 185 181 259 254 190 218 201 159 179 334 156 272 148 274 216 292 311 206 132 166 219 153 108 170 196 235 257 132 159 200 262 324 157 200 208 288 311 190 288 213 211 109 223 129 141 266 324 182 282 179 204 138 220 250 127 182 179 140 169 66 140 170 174 146 218 277 145 177 228 168 127 119 63 222 274 248 246 279 336 157 127 157 182 261 188 298 194 117 222 75 126 191 279 149 148 166 162 249 242 152 265 220 286 178 239 231 209 235 288 142 236 208 178 254 259 210 255 284 80 163 278 171 197 283 217 241 346 254 144 288 106 136 307 109 254 204 242 191 221 160 128 238 112 270 158 289 159 256 154 195 192 186 264 132 153 181 309 224 208 247 207 215 278 161 307 151 188 79 216 207 138 201 178 
173 214 228 171 180 84 113 106 108 155 105 101 126 251 184 177 128 226 154 202 190 188 186 259 196 195 189 196 181 185 294 266 250 323 276 124 312 177 293 211 90 234 260 182 146 123 269 230 217 123 247 241 142 131 145 241 245 206 154 163 253 237 119 137 169 108 156 268 207 91 268 262 219 286 267 238 253 114 124 150 186 268 223 170 312 227 156 247 278 139 227 237 205 168 122 271 261 199 247 120 137 279 241 200 154 292 193 171 118 196 237 142 255 117 200 191 174 128 176 148 200 216 117 246 120 193 166 142 174 181 171 122 177 181 325 191 161 135 217 203 133 156 259 251 236 239 186 118 161 286 317 231 153 286 224 210 108 308 197 201 154 222 237 131 225 175 151 225 199 146 188 129 266 251 203 158 179 243 213 226 249 139 235 278 177 180 153 134 242 194 253 150 261 266 89 251 279 273 171 236 261 196 213 183 188 194 171 130 168 154 170 117 159 213 268 281 118 286 241 120 141 215 131 112 196 241 189 157 130 322 221 273 149 172 182 195 246 248 187 170 174 244 168 187 232 126 239 188 204 209 214 199 109 150 106 168 240 199 153 157 209 154 253 196 220 143 251 263 94 258 196 166 187 0 274 212 133 246 164 182 201 136 271 179 150 183 128 109 102 256 116 150 138 120 96 127 257 233 174 155 201 260 253 151 295 87 140 257 305 198 200 238 128 144 317 182 161 148 180 120 170 183 112 196 242 151 120 166 162 240 235 174 199 185 140 160 315 221 253 129 255 197 273 292 187 113 150 200 134 89 151 177 216 238 113 140 184 243 305 141 181 189 269 292 171 269 194 192 174 204 110 206 247 305 163 263 163 185 203 201 231 108 163 160 121 150 131 121 151 158 211 199 258 126 158 209 149 192 184 128 203 255 229 227 260 317 138 108 141 163 242 169 279 175 182 203 140 107 172 260 130 129 147 143 230 223 133 246 201 267 159 220 212 190 216 269 123 217 189 159 235 240 191 236 265 145 147 259 152 178 264 201 222 327 235 125 269 87 117 288 174 235 185 223 172 202 141 109 219 93 251 139 270 140 237 135 176 176 167 245 113 134 162 290 205 192 228 191 196 259 142 288 132 169 144 197 188 119 182 159 
105 94 46 103 108 190 219 212 214 261 211 207 232 183 290 283 234 158 260 308 296 294 118 139 124 301 295 302 287 291 112 198 178 141 156 230 192 283 173 317 196 114 140 288 252 229 201 336 145 229 175 173 248 237 251 169 177 138 260 269 359 169 225 243 275 214 262 200 313 197 200 142 151 166 195 56 181 220 230 256 292 196 155 276 192 107 262 179 96 245 155 169 311 274 228 89 79 305 179 226 243 207 121 306 260 172 299 277 224 302 169 248 187 223 306 297 280 234 282 254 306 96 223 64 226 299 272 248 280 113 277 228 109 287 143 297 267 241 323 131 239 262 187 183 116 171 118 224 267 104 135 111 259 166 152 316 214 188 129 307 260 328 169 237 157 281 257 105 305 252 116 235 198 183 135 264 285 175 141 332 67 245 167 96 283 286 259 240 174 126 71 256 193 84 195 69 97 91 277 342 79 128 319 289 294 126 277 236 274 260 276 223 265 319 196 161 224 166 173 226 247 143 237 218 302 59 117 263 236 140 101 91 255 278 288 301 178 128 293 276 106 350 274 293 160 232 57 294 136 141 142 305 215 256 212 274 346 305 259 263 137 260 185 302 152 249 131 191 200 190 124 272 293 274 0 144 239 178 270 114 307 242 89 285 256 289 234 215 208 136 222 256 244 226 202 233 189 113 280 261 307 192 185 257 175 193 246 75 123 130 132 170 234 250 135 288 267 254 286 226 276 289 218 302 122 257 226 272 268 120 167 280 305 291 246 266 133 327 185 235 135 129 153 172 293 219 256 132 240 195 257 109 96 344 219 246 290 61 185 247 287 295 197 172 277 149 300 120 280 310 216 312 175 185 269 195 269 291 309 307 163 214 269 266 227 256 237 227 257 264 317 131 186 232 264 141 255 298 290 234 309 135 109 333 78 135 244 214 247 269 60 275 97 281 288 309 246 213 278 192 236 235 253 249 110 329 239 178 307 85 265 100 318 122 322 197 229 149 295 265 167 172 297 164 83 251 253 191 258 284 82 307 150 145 53 231 201 193 223 106 280 167 291 155 278 134 247 215 325 199 357 245 198 246 343 241 108 282 273 173 219 240 268 108 311 298 334 297 302 187 248 168 238 275 250 303 116 225 288 265 
39 80 98 41 46 128 157 150 152 199 149 145 170 117 228 221 172 96 198 246 234 232 52 125 62 239 233 240 225 229 164 132 116 193 142 168 178 221 159 255 134 100 126 226 190 167 139 274 83 167 113 107 186 175 189 107 115 72 198 207 297 103 163 181 213 152 200 134 251 135 138 128 85 152 133 108 119 158 168 194 230 134 89 214 178 93 200 117 148 183 93 107 249 212 166 141 131 243 113 164 181 145 107 244 198 158 237 215 162 240 107 186 121 161 244 235 218 172 220 192 244 82 161 116 164 237 210 186 218 51 215 166 47 225 195 235 205 179 261 69 177 200 125 121 102 109 56 162 205 156 187 97 197 152 90 254 152 174 63 245 198 266 107 175 95 219 195 91 243 190 54 173 136 121 69 202 223 113 79 270 119 183 105 148 221 224 197 178 108 64 123 194 131 136 133 121 149 143 215 280 131 62 257 227 232 64 215 174 212 198 214 161 203 257 134 147 162 152 111 164 185 81 175 156 240 111 55 201 174 192 87 143 193 216 226 239 112 114 231 214 40 288 212 231 98 170 109 232 74 79 80 243 153 194 150 212 284 243 197 201 75 198 123 240 86 187 117 129 138 124 62 210 231 212 144 0 177 112 208 48 245 180 141 223 194 227 172 153 146 122 160 194 182 164 140 171 127 99 218 199 245 126 123 195 161 131 184 127 175 64 66 104 172 188 187 226 205 192 224 164 214 227 156 240 108 195 164 210 206 106 101 218 243 229 184 204 185 265 123 173 121 63 139 158 231 157 194 66 178 133 195 43 82 282 157 184 228 113 171 185 225 233 135 158 215 135 238 58 218 248 154 250 113 171 207 133 207 229 247 245 101 152 207 204 165 194 175 165 195 202 255 65 124 170 202 75 193 236 228 172 247 121 95 271 130 187 182 152 185 207 112 213 149 219 226 247 184 151 216 126 174 173 191 187 96 267 177 116 245 137 203 86 256 56 260 135 167 83 233 203 101 110 235 102 135 189 191 125 196 222 134 245 88 197 105 169 135 131 161 158 218 101 229 89 216 68 185 153 263 137 295 183 136 184 281 179 46 220 211 111 157 178 206 160 249 236 272 235 240 125 186 154 176 213 188 241 54 163 226 203 
138 179 193 136 145 49 78 71 73 120 70 66 91 216 149 142 93 191 119 167 155 153 151 224 161 160 154 161 146 150 259 231 215 288 241 89 277 142 258 176 55 199 225 147 111 88 234 195 182 88 212 206 107 96 110 206 210 171 119 128 218 202 84 102 134 73 121 233 172 56 233 227 184 251 232 203 218 79 89 115 151 233 188 135 277 192 121 212 243 104 192 202 170 133 87 236 226 164 212 85 102 244 206 165 119 257 158 136 83 161 202 107 220 82 165 156 139 93 141 113 165 181 82 211 85 158 131 107 139 146 136 87 142 146 290 156 126 100 182 168 98 121 224 216 201 204 151 83 126 251 282 196 118 251 189 175 73 273 162 166 119 187 202 96 190 140 116 190 164 111 153 94 231 216 168 123 144 208 178 191 214 104 200 243 142 145 118 99 207 159 218 115 226 231 54 216 244 238 136 201 226 161 178 148 153 159 136 95 133 119 135 82 124 178 233 246 83 251 206 85 106 180 96 77 161 206 154 122 95 287 186 238 114 137 147 160 211 213 152 135 139 209 133 152 197 91 204 153 169 174 179 164 74 115 71 133 205 164 118 122 174 119 218 161 185 108 216 228 59 223 161 131 152 133 239 177 0 211 129 147 166 101 236 144 115 148 93 74 67 221 81 115 103 85 61 92 222 198 139 120 166 225 218 116 260 52 105 222 270 163 165 203 93 109 282 147 126 113 145 85 135 148 77 161 207 116 85 131 127 205 200 139 164 150 105 125 280 186 218 94 220 162 238 257 152 78 115 165 99 54 116 142 181 203 78 105 149 208 270 106 146 154 234 257 136 234 159 157 139 169 75 171 212 270 128 228 128 150 168 166 196 73 128 125 86 115 96 86 116 123 176 164 223 91 123 174 114 157 149 93 168 220 194 192 225 282 103 73 106 128 207 134 244 140 147 168 105 72 137 225 95 94 112 108 195 188 98 211 166 232 124 185 177 155 181 234 88 182 154 124 200 205 156 201 230 110 112 224 117 143 229 166 187 292 200 90 234 52 82 253 139 200 150 188 137 167 106 74 184 58 216 104 235 105 202 100 141 141 132 210 78 99 127 255 170 157 193 156 161 224 107 253 97 134 109 162 153 84 147 124 
73 114 132 75 80 162 191 184 186 233 183 179 204 151 262 255 206 130 232 280 268 266 86 159 96 273 267 274 259 263 198 166 150 227 176 202 212 255 193 289 168 134 160 260 224 201 173 308 117 201 147 141 220 209 223 141 149 106 232 241 331 137 197 215 247 186 234 168 285 169 172 162 119 186 167 142 153 192 202 228 264 168 123 248 212 127 234 151 182 217 127 141 283 246 200 175 165 277 147 198 215 179 141 278 232 192 271 249 196 274 141 220 155 195 278 269 252 206 254 226 278 116 195 150 198 271 244 220 252 85 249 200 81 259 229 269 239 213 295 103 211 234 159 155 136 143 90 196 239 190 221 131 231 186 124 288 186 208 97 279 232 300 141 209 129 253 229 125 277 224 88 207 170 155 103 236 257 147 113 304 153 217 139 182 255 258 231 212 142 98 157 228 165 170 167 155 183 177 249 314 165 96 291 261 266 98 249 208 246 232 248 195 237 291 168 181 196 186 145 198 219 115 209 190 274 145 89 235 208 226 121 177 227 250 260 273 146 148 265 248 74 322 246 265 132 204 143 266 108 113 114 277 187 228 184 246 318 277 231 235 109 232 157 274 120 221 151 163 172 158 96 244 265 246 178 112 211 0 242 82 279 214 175 257 228 261 206 187 180 156 194 228 216 198 174 205 161 133 252 233 279 160 157 229 195 165 218 161 209 98 100 138 206 222 221 260 239 226 258 198 248 261 190 274 142 229 198 244 240 140 135 252 277 263 218 238 219 299 157 207 155 97 173 192 265 191 228 100 212 167 229 77 116 316 191 218 262 147 205 219 259 267 169 192 249 169 272 92 252 282 188 284 147 205 241 167 241 263 281 279 135 186 241 238 199 228 209 199 229 236 289 99 158 204 236 109 227 270 262 206 281 155 129 305 164 221 216 186 219 241 146 247 183 253 260 281 218 185 250 160 208 207 225 221 130 301 211 150 279 171 237 120 290 90 294 169 201 117 267 237 135 144 269 136 169 223 225 159 230 256 168 279 122 231 139 203 169 165 195 192 252 135 263 123 250 102 219 187 297 171 329 217 170 218 315 213 80 254 245 145 191 212 240 194 283 270 306 269 274 159 220 188 210 247 222 275 88 197 260 237 
169 210 224 167 176 80 106 102 104 151 101 97 38 247 180 173 124 222 150 195 186 184 182 255 192 191 185 192 177 181 290 262 246 319 272 117 308 173 289 123 86 230 256 178 142 119 265 226 213 119 243 237 54 124 141 237 241 202 150 156 249 233 115 133 165 104 152 264 203 87 264 258 215 282 263 234 249 110 120 146 182 264 219 163 308 223 152 243 274 51 223 233 201 164 118 267 257 195 243 116 133 275 237 196 150 288 189 167 111 189 233 138 251 113 196 187 170 124 172 144 196 212 113 242 116 105 162 138 167 177 167 118 173 93 321 187 157 131 129 199 129 152 255 247 232 235 182 114 157 282 313 227 149 282 220 122 104 304 193 197 150 134 233 127 221 171 63 221 195 142 184 125 262 247 199 154 175 239 209 222 245 135 231 274 170 92 149 130 238 190 249 146 257 262 85 247 275 269 167 232 257 192 125 179 184 190 167 123 164 150 163 113 155 209 264 277 111 282 237 116 137 211 124 108 192 237 185 69 126 318 217 269 142 84 178 191 242 244 183 166 170 240 164 183 228 122 235 181 200 205 210 195 105 146 102 164 236 195 149 153 205 147 249 192 216 139 247 259 90 254 192 162 99 164 270 208 129 242 0 178 113 48 267 175 62 179 124 105 98 252 109 146 134 116 92 123 253 229 170 151 197 256 249 147 291 83 136 253 301 194 196 234 124 137 313 178 157 144 176 113 166 95 108 192 238 63 116 162 158 236 231 167 195 178 136 156 311 133 249 125 251 193 269 288 183 109 143 196 130 85 147 173 212 234 109 136 177 239 301 134 177 185 265 288 167 265 190 188 86 200 106 118 243 301 159 259 156 181 115 197 227 104 159 156 117 146 43 117 147 151 123 195 254 122 154 205 145 104 96 40 199 251 225 223 256 313 134 104 134 159 238 165 275 171 94 199 52 103 168 256 126 125 143 139 226 219 129 242 197 263 155 216 208 186 212 265 119 213 185 155 231 236 187 232 261 57 140 255 148 174 260 194 218 323 231 121 265 83 113 284 86 231 181 219 168 198 137 105 215 89 247 135 266 136 233 131 172 169 163 241 109 130 158 286 201 185 224 184 192 255 138 284 128 165 56 193 184 115 178 155 
9 50 68 11 16 98 127 120 122 169 119 115 140 87 198 191 142 66 168 216 204 202 22 95 32 209 203 210 195 199 134 102 86 163 112 138 148 191 129 225 104 70 96 196 160 137 109 244 53 137 83 77 156 145 159 77 85 42 168 177 267 73 133 151 183 122 170 104 221 105 108 98 55 122 103 78 89 128 138 164 200 104 59 184 148 63 170 87 118 153 63 77 219 182 136 111 101 213 83 134 151 115 77 214 168 128 207 185 132 210 77 156 91 131 214 205 188 142 190 162 214 52 131 86 134 207 180 156 188 21 185 136 17 195 165 205 175 149 231 39 147 170 95 91 72 79 26 132 175 126 157 67 167 122 60 224 122 144 33 215 168 236 77 145 65 189 165 61 213 160 24 143 106 91 39 172 193 83 49 240 89 153 75 118 191 194 167 148 78 34 93 164 101 106 103 91 119 113 185 250 101 32 227 197 202 34 185 144 182 168 184 131 173 227 104 117 132 122 81 134 155 51 145 126 210 81 25 171 144 162 57 113 163 186 196 209 82 84 201 184 10 258 182 201 68 140 79 202 44 49 50 213 123 164 120 182 254 213 167 171 45 168 93 210 56 157 87 99 108 94 32 180 201 182 114 48 147 82 178 0 215 150 111 193 164 197 142 123 116 92 130 164 152 134 110 141 97 69 188 169 215 96 93 165 131 101 154 97 145 34 36 74 142 158 157 196 175 162 194 134 184 197 126 210 78 165 134 180 176 76 71 188 213 199 154 174 155 235 93 143 91 33 109 128 201 127 164 36 148 103 165 13 52 252 127 154 198 83 141 155 195 203 105 128 185 105 208 28 188 218 124 220 83 141 177 103 177 199 217 215 71 122 177 174 135 164 145 135 165 172 225 35 94 140 172 45 163 206 198 142 217 91 65 241 100 157 152 122 155 177 82 183 119 189 196 217 154 121 186 96 144 143 161 157 66 237 147 86 215 107 173 56 226 26 230 105 137 53 203 173 71 80 205 72 105 159 161 95 166 192 104 215 58 167 75 139 105 101 131 128 188 71 199 59 186 38 155 123 233 107 265 153 106 154 251 149 16 190 181 81 127 148 176 130 219 206 242 205 210 95 156 124 146 183 158 211 24 133 196 173 
206 247 261 204 213 117 143 139 141 188 138 134 75 284 217 210 161 259 187 232 223 221 219 292 229 228 222 229 214 218 327 299 283 356 309 154 345 210 326 160 123 267 293 215 179 156 302 263 250 156 280 274 91 161 178 274 278 239 187 193 286 270 152 170 202 141 189 301 240 124 301 295 252 319 300 271 286 147 157 183 219 301 256 200 345 260 189 280 311 88 260 270 238 201 155 304 294 232 280 153 170 312 274 233 187 325 226 204 148 226 270 175 288 150 233 224 207 161 209 181 233 249 150 279 153 142 199 175 204 214 204 155 210 130 358 224 194 168 166 236 166 189 292 284 269 272 219 151 194 319 350 264 186 319 257 159 141 341 230 234 187 171 270 164 258 208 100 258 232 179 221 162 299 284 236 191 212 276 246 259 282 172 268 311 207 129 186 167 275 227 286 183 294 299 122 284 312 306 204 269 294 229 162 216 221 227 204 160 201 187 200 150 192 246 301 314 148 319 274 153 174 248 161 145 229 274 222 106 163 355 254 306 179 121 215 228 279 281 220 203 207 277 201 220 265 159 272 218 237 242 247 232 142 183 139 201 273 232 186 190 242 184 286 229 253 176 284 296 127 291 229 199 136 201 307 245 166 279 113 215 0 85 304 212 99 216 161 142 135 289 146 183 171 153 129 160 290 266 207 188 234 293 286 184 328 120 173 290 338 231 233 271 161 174 350 215 194 181 213 150 203 132 145 229 275 100 153 199 195 273 268 204 232 215 173 193 348 170 286 162 288 230 306 325 220 146 180 233 167 122 184 210 249 271 146 173 214 276 338 171 214 222 302 325 204 302 227 225 123 237 143 155 280 338 196 296 193 218 152 234 264 141 196 193 154 183 80 154 184 188 160 232 291 159 191 242 182 141 133 77 236 288 262 260 293 350 171 141 171 196 275 202 312 208 131 236 89 140 205 293 163 162 180 176 263 256 166 279 234 300 192 253 245 223 249 302 156 250 222 192 268 273 224 269 298 94 177 292 185 211 297 231 255 360 268 158 302 120 150 321 123 268 218 256 205 235 174 142 252 126 284 172 303 173 270 168 209 206 200 278 146 167 195 323 238 222 261 221 229 292 175 321 165 202 93 230 221 152 215 192 
141 182 196 139 148 52 78 74 76 123 73 69 10 219 152 145 96 194 122 167 158 156 154 227 164 163 157 164 149 153 262 234 218 291 244 89 280 145 261 95 58 202 228 150 114 91 237 198 185 91 215 209 26 96 113 209 213 174 122 128 221 205 87 105 137 76 124 236 175 59 236 230 187 254 235 206 221 82 92 118 154 236 191 135 280 195 124 215 246 23 195 205 173 136 90 239 229 167 215 88 105 247 209 168 122 260 161 139 83 161 205 110 223 85 168 159 142 96 144 116 168 184 85 214 88 77 134 110 139 149 139 90 145 65 293 159 129 103 101 171 101 124 227 219 204 207 154 86 129 254 285 199 121 254 192 94 76 276 165 169 122 106 205 99 193 143 35 193 167 114 156 97 234 219 171 126 147 211 181 194 217 107 203 246 142 64 121 102 210 162 221 118 229 234 57 219 247 241 139 204 229 164 97 151 156 162 139 95 136 122 135 85 127 181 236 249 83 254 209 88 109 183 96 80 164 209 157 41 98 290 189 241 114 56 150 163 214 216 155 138 142 212 136 155 200 94 207 153 172 177 182 167 77 118 74 136 208 167 121 125 177 119 221 164 188 111 219 231 62 226 164 134 71 136 242 180 101 214 48 150 85 0 239 147 34 151 96 77 70 224 81 118 106 88 64 95 225 201 142 123 169 228 221 119 263 55 108 225 273 166 168 206 96 109 285 150 129 116 148 85 138 67 80 164 210 35 88 134 130 208 203 139 167 150 108 128 283 105 221 97 223 165 241 260 155 81 115 168 102 57 119 145 184 206 81 108 149 211 273 106 149 157 237 260 139 237 162 160 58 172 78 90 215 273 131 231 128 153 87 169 199 76 131 128 89 118 15 89 119 123 95 167 226 94 126 177 117 76 68 12 171 223 197 195 228 285 106 76 106 131 210 137 247 143 66 171 24 75 140 228 98 97 115 111 198 191 101 214 169 235 127 188 180 158 184 237 91 185 157 127 203 208 159 204 233 29 112 227 120 146 232 166 190 295 203 93 237 55 85 256 58 203 153 191 140 170 109 77 187 61 219 107 238 108 205 103 144 141 135 213 81 102 130 258 173 157 196 156 164 227 110 256 100 137 28 165 156 87 150 127 
102 91 43 100 105 187 216 209 211 258 208 204 229 180 287 280 231 155 257 305 293 291 115 136 121 298 292 299 284 288 109 195 175 138 153 227 189 280 170 314 193 111 137 285 249 226 198 333 142 226 172 170 245 234 248 166 174 135 257 266 356 166 222 240 272 211 259 197 310 194 197 139 148 163 192 53 178 217 227 253 289 193 152 273 189 104 259 176 93 242 152 166 308 271 225 86 76 302 176 223 240 204 118 303 257 169 296 274 221 299 166 245 184 220 303 294 277 231 279 251 303 93 220 61 223 296 269 245 277 110 274 225 106 284 140 294 264 238 320 128 236 259 184 180 113 168 115 221 264 101 132 108 256 163 149 313 211 185 126 304 257 325 166 234 154 278 254 102 302 249 113 232 195 180 132 261 282 172 138 329 64 242 164 93 280 283 256 237 171 123 68 253 190 81 192 66 94 88 274 339 76 125 316 286 291 123 274 233 271 257 273 220 262 316 193 158 221 163 170 223 244 140 234 215 299 56 114 260 233 137 98 88 252 275 285 298 175 125 290 273 103 347 271 290 157 229 54 291 133 138 139 302 212 253 209 271 343 302 256 260 134 257 182 299 149 246 128 188 197 187 121 269 290 271 89 141 236 175 267 111 304 239 0 282 253 286 231 212 205 133 219 253 241 223 199 230 186 110 277 258 304 189 182 254 172 190 243 72 120 127 129 167 231 247 132 285 264 251 283 223 273 286 215 299 119 254 223 269 265 117 164 277 302 288 243 263 130 324 182 232 132 126 150 169 290 216 253 129 237 192 254 106 93 341 216 243 287 58 182 244 284 292 194 169 274 146 297 117 277 307 213 309 172 182 266 192 266 288 306 304 160 211 266 263 224 253 234 224 254 261 314 128 183 229 261 138 252 295 287 231 306 132 106 330 75 132 241 211 244 266 57 272 94 278 285 306 243 210 275 189 233 232 250 246 107 326 236 175 304 82 262 97 315 119 319 194 226 146 292 262 164 169 294 161 80 248 250 188 255 281 79 304 147 142 50 228 198 190 220 103 277 164 288 152 275 131 244 212 322 196 354 242 195 243 340 238 105 279 270 170 216 237 265 105 308 295 331 294 299 184 245 165 235 272 247 300 113 222 285 262 
184 225 239 182 191 95 88 73 81 164 74 100 137 262 153 176 139 237 127 177 189 157 197 270 207 204 198 195 190 154 305 277 261 334 287 99 323 176 304 222 101 245 271 191 119 90 280 239 228 134 258 252 153 106 144 252 256 217 153 138 262 248 130 148 168 75 129 279 216 102 279 273 230 297 278 249 264 87 123 161 195 279 234 145 323 238 125 258 289 150 238 248 214 177 95 282 272 166 258 131 106 290 252 209 153 303 202 144 93 171 248 141 266 86 209 190 141 95 187 115 173 227 128 257 119 204 133 153 149 192 180 133 188 192 336 190 172 102 228 214 102 167 270 262 247 250 197 87 172 297 328 242 126 297 235 221 75 319 208 210 153 233 248 98 236 174 162 236 198 145 199 128 277 262 214 157 146 254 224 235 260 150 246 289 152 191 164 103 253 205 264 117 272 277 100 262 290 284 144 245 272 207 224 152 155 205 144 105 141 165 145 86 168 222 279 292 93 297 252 89 108 226 106 79 163 252 200 168 141 333 232 284 124 183 155 164 257 259 196 169 185 253 167 186 243 99 250 163 215 220 225 172 78 117 75 177 249 208 120 124 220 129 264 163 231 110 262 274 105 269 207 165 198 179 285 223 144 257 175 193 212 147 282 0 161 150 127 76 101 267 91 119 107 93 107 100 268 244 173 154 168 271 264 162 306 98 109 268 316 209 211 249 139 119 328 181 170 115 179 95 181 194 85 163 253 162 119 133 131 251 246 149 168 160 151 127 326 232 264 128 266 208 284 303 154 82 125 211 133 100 124 188 227 247 86 113 159 254 316 116 180 156 280 303 144 280 163 203 185 171 77 217 258 316 136 274 138 194 214 174 242 75 162 129 88 161 142 88 124 133 222 210 269 95 127 220 148 203 195 139 212 266 240 236 271 328 107 77 116 162 253 138 290 186 193 170 151 74 145 271 103 140 158 116 241 232 144 257 210 278 128 231 221 201 225 280 134 228 188 132 246 251 158 247 276 156 122 270 119 177 275 176 233 338 246 124 280 98 86 299 185 246 184 234 171 213 152 82 228 104 260 106 281 107 246 104 187 151 140 256 82 107 171 301 172 167 237 166 163 270 153 299 143 136 155 170 199 130 181 128 
155 196 210 153 162 66 92 88 90 137 87 83 24 233 166 159 110 208 136 181 172 170 168 241 178 177 171 178 163 167 276 248 232 305 258 103 294 159 275 109 72 216 242 164 128 105 251 212 199 105 229 223 40 110 127 223 227 188 136 142 235 219 101 119 151 90 138 250 189 73 250 244 201 268 249 220 235 96 106 132 168 250 205 149 294 209 138 229 260 37 209 219 187 150 104 253 243 181 229 102 119 261 223 182 136 274 175 153 97 175 219 124 237 99 182 173 156 110 158 130 182 198 99 228 102 91 148 124 153 163 153 104 159 79 307 173 143 117 115 185 115 138 241 233 218 221 168 100 143 268 299 213 135 268 206 108 90 290 179 183 136 120 219 113 207 157 49 207 181 128 170 111 248 233 185 140 161 225 195 208 231 121 217 260 156 78 135 116 224 176 235 132 243 248 71 233 261 255 153 218 243 178 111 165 170 176 153 109 150 136 149 99 141 195 250 263 97 268 223 102 123 197 110 94 178 223 171 55 112 304 203 255 128 70 164 177 228 230 169 152 156 226 150 169 214 108 221 167 186 191 196 181 91 132 88 150 222 181 135 139 191 133 235 178 202 125 233 245 76 240 178 148 85 150 256 194 115 228 62 164 99 34 253 161 0 165 110 91 84 238 95 132 120 102 78 109 239 215 156 137 183 242 235 133 277 69 122 239 287 180 182 220 110 123 299 164 143 130 162 99 152 81 94 178 224 49 102 148 144 222 217 153 181 164 122 142 297 119 235 111 237 179 255 274 169 95 129 182 116 71 133 159 198 220 95 122 163 225 287 120 163 171 251 274 153 251 176 174 72 186 92 104 229 287 145 245 142 167 101 183 213 90 145 142 103 132 29 103 133 137 109 181 240 108 140 191 131 90 82 26 185 237 211 209 242 299 120 90 120 145 224 151 261 157 80 185 38 89 154 242 112 111 129 125 212 205 115 228 183 249 141 202 194 172 198 251 105 199 171 141 217 222 173 218 247 43 126 241 134 160 246 180 204 309 217 107 251 69 99 270 72 217 167 205 154 184 123 91 201 75 233 121 252 122 219 117 158 155 149 227 95 116 144 272 187 171 210 170 178 241 124 270 114 151 42 179 170 101 164 141 
188 229 243 186 195 99 92 77 85 168 78 104 141 266 157 180 143 241 131 181 193 161 201 274 211 208 202 199 194 158 309 281 265 338 291 103 327 180 308 226 105 249 275 195 123 94 284 243 232 138 262 256 157 110 148 256 260 221 157 142 266 252 134 152 172 79 133 283 220 106 283 277 234 301 282 253 268 91 127 165 199 283 238 149 327 242 129 262 293 154 242 252 218 181 99 286 276 170 262 135 110 294 256 213 157 307 206 148 97 175 252 145 270 90 213 194 145 99 191 119 177 231 132 261 123 208 137 157 153 196 184 137 192 196 340 194 176 106 232 218 106 171 274 266 251 254 201 91 176 301 332 246 130 301 239 225 79 323 212 214 157 237 252 102 240 178 166 240 202 149 203 132 281 266 218 161 150 258 228 239 264 154 250 293 156 195 168 107 257 209 268 121 276 281 104 266 294 288 148 249 276 211 228 156 159 209 148 109 145 169 149 90 172 226 283 296 97 301 256 93 112 230 110 83 167 256 204 172 145 337 236 288 128 187 159 168 261 263 200 173 189 257 171 190 247 103 254 167 219 224 229 176 82 121 79 181 253 212 124 128 224 133 268 167 235 114 266 278 109 273 211 169 202 183 289 227 148 261 179 197 216 151 286 150 165 0 131 80 105 271 95 123 111 97 111 104 272 248 177 158 172 275 268 166 310 102 113 272 320 213 215 253 143 123 332 185 174 119 183 99 185 198 89 167 257 166 123 137 135 255 250 153 172 164 155 131 330 236 268 132 270 212 288 307 158 86 129 215 137 104 128 192 231 251 90 117 163 258 320 120 184 160 284 307 148 284 167 207 189 175 81 221 262 320 140 278 142 198 218 178 246 79 166 133 92 165 146 92 128 137 226 214 273 99 131 224 152 207 199 143 216 270 244 240 275 332 111 81 120 166 257 142 294 190 197 174 155 78 149 275 107 144 162 120 245 236 148 261 214 282 132 235 225 205 229 284 138 232 192 136 250 255 162 251 280 160 126 274 123 181 279 180 237 342 250 128 284 102 90 303 189 250 188 238 175 217 156 86 232 108 264 110 285 111 250 108 191 155 144 260 86 111 175 305 176 171 241 170 167 274 157 303 147 140 159 174 203 134 185 132 
133 174 188 131 140 44 39 54 46 115 55 27 86 211 134 103 88 186 92 128 116 138 146 219 156 155 149 122 141 135 254 226 210 283 236 50 272 103 253 171 50 194 220 142 84 71 229 190 177 83 207 201 102 57 71 201 205 166 80 89 213 197 79 97 95 56 94 228 167 51 228 222 179 246 227 198 213 52 50 110 146 228 183 96 272 187 106 207 238 99 187 197 165 128 60 231 221 147 207 80 87 239 201 160 80 252 153 109 44 122 197 68 215 67 160 117 122 76 136 96 138 176 77 206 46 153 114 102 100 141 131 82 137 141 285 117 121 83 177 163 83 116 219 211 196 199 146 68 121 246 277 191 91 246 184 170 56 268 157 161 80 182 197 79 185 101 111 185 125 72 148 55 226 211 163 84 127 203 173 186 209 99 195 238 103 140 113 84 202 154 213 98 221 226 49 211 239 233 109 196 221 156 173 133 136 154 109 56 106 114 96 67 119 173 228 241 44 246 201 70 89 175 57 60 144 201 149 117 90 282 181 233 75 132 120 145 206 208 147 96 134 204 94 113 192 64 199 114 164 169 174 137 59 98 56 128 200 159 101 105 169 80 213 144 180 91 211 223 54 218 156 92 147 128 234 172 93 206 124 142 161 96 231 127 110 131 0 57 28 216 42 100 88 58 56 65 217 193 100 81 149 220 213 111 255 47 90 217 265 158 160 198 88 70 277 108 121 96 106 46 130 143 50 144 202 111 46 114 112 200 195 100 149 111 100 108 275 181 213 55 215 157 233 252 135 63 76 160 60 49 89 137 176 198 51 78 110 203 265 67 107 137 229 252 109 229 144 152 134 152 58 166 207 265 101 223 89 145 163 139 191 56 89 110 69 110 91 69 89 84 171 159 218 76 108 169 75 152 144 88 163 215 189 187 220 277 88 58 67 89 202 119 239 135 142 151 100 55 110 220 68 89 107 81 190 183 93 206 161 227 109 180 172 150 176 229 83 177 115 97 195 200 139 196 225 105 73 219 100 104 224 127 182 287 195 51 229 47 67 248 134 195 111 183 98 162 101 47 179 53 211 87 230 88 197 85 136 102 105 205 63 72 122 250 153 118 188 117 144 219 102 248 92 117 104 135 148 79 108 109 
114 155 169 112 121 25 18 3 11 94 4 30 67 192 83 106 69 167 57 107 119 87 127 200 137 134 128 125 120 84 235 207 191 264 217 29 253 106 234 152 31 175 201 121 49 20 210 169 158 64 188 182 83 36 74 182 186 147 83 68 192 178 60 78 98 5 59 209 146 32 209 203 160 227 208 179 194 17 53 91 125 209 164 75 253 168 55 188 219 80 168 178 144 107 25 212 202 96 188 61 36 220 182 139 83 233 132 74 23 101 178 71 196 16 139 120 71 25 117 45 103 157 58 187 49 134 63 83 79 122 110 63 118 122 266 120 102 32 158 144 32 97 200 192 177 180 127 17 102 227 258 172 56 227 165 151 5 249 138 140 83 163 178 28 166 104 92 166 128 75 129 58 207 192 144 87 76 184 154 165 190 80 176 219 82 121 94 33 183 135 194 47 202 207 30 192 220 214 74 175 202 137 154 82 85 135 74 35 71 95 75 16 98 152 209 222 23 227 182 19 38 156 36 9 93 182 130 98 71 263 162 214 54 113 85 94 187 189 126 99 115 183 97 116 173 29 180 93 145 150 155 102 8 47 5 107 179 138 50 54 150 59 194 93 161 40 192 204 35 199 137 95 128 109 215 153 74 187 105 123 142 77 212 76 91 80 57 0 31 197 21 49 37 23 37 30 198 174 103 84 98 201 194 92 236 28 39 198 246 139 141 179 69 49 258 111 100 45 109 25 111 124 15 93 183 92 49 63 61 181 176 79 98 90 81 57 256 162 194 58 196 138 214 233 84 12 55 141 63 30 54 118 157 177 16 43 89 184 246 46 110 86 210 233 74 210 93 133 115 101 7 147 188 246 66 204 68 124 144 104 172 5 92 59 18 91 72 18 54 63 152 140 199 25 57 150 78 133 125 69 142 196 170 166 201 258 37 7 46 92 183 68 220 116 123 100 81 4 75 201 33 70 88 46 171 162 74 187 140 208 58 161 151 131 155 210 64 158 118 62 176 181 88 177 206 86 52 200 49 107 205 106 163 268 176 54 210 28 16 229 115 176 114 164 101 143 82 12 158 34 190 36 211 37 176 34 117 81 70 186 12 37 101 231 102 97 167 96 93 200 83 229 73 66 85 100 129 60 111 58 
107 148 162 105 114 18 13 28 20 89 29 1 60 185 108 77 62 160 66 102 90 112 120 193 130 129 123 96 115 109 228 200 184 257 210 24 246 77 227 145 24 168 194 116 58 45 203 164 151 57 181 175 76 31 45 175 179 140 54 63 187 171 53 71 69 30 68 202 141 25 202 196 153 220 201 172 187 26 24 84 120 202 157 70 246 161 80 181 212 73 161 171 139 102 34 205 195 121 181 54 61 213 175 134 54 226 127 83 18 96 171 42 189 41 134 91 96 50 110 70 112 150 51 180 20 127 88 76 74 115 105 56 111 115 259 91 95 57 151 137 57 90 193 185 170 173 120 42 95 220 251 165 65 220 158 144 30 242 131 135 54 156 171 53 159 75 85 159 99 46 122 29 200 185 137 58 101 177 147 160 183 73 169 212 77 114 87 58 176 128 187 72 195 200 23 185 213 207 83 170 195 130 147 107 110 128 83 30 80 88 70 41 93 147 202 215 18 220 175 44 63 149 31 34 118 175 123 91 64 256 155 207 49 106 94 119 180 182 121 70 108 178 68 87 166 38 173 88 138 143 148 111 33 72 30 102 174 133 75 79 143 54 187 118 154 65 185 197 28 192 130 66 121 102 208 146 67 180 98 116 135 70 205 101 84 105 28 31 0 190 16 74 62 32 30 39 191 167 74 55 123 194 187 85 229 21 64 191 239 132 134 172 62 44 251 82 95 70 80 20 104 117 24 118 176 85 20 88 86 174 169 74 123 85 74 82 249 155 187 29 189 131 207 226 109 37 50 134 34 23 63 111 150 172 25 52 84 177 239 41 81 111 203 226 83 203 118 126 108 126 32 140 181 239 75 197 63 119 137 113 165 30 63 84 43 84 65 43 63 58 145 133 192 50 82 143 49 126 118 62 137 189 163 161 194 251 62 32 41 63 176 93 213 109 116 125 74 29 84 194 42 63 81 55 164 157 67 180 135 201 83 154 146 124 150 203 57 151 89 71 169 174 113 170 199 79 47 193 74 78 198 101 156 261 169 25 203 21 41 222 108 169 85 157 72 136 75 21 153 27 185 61 204 62 171 59 110 76 79 179 37 46 96 224 127 92 162 91 118 193 76 222 66 91 78 109 122 53 82 83 
83 42 90 85 76 172 201 194 196 243 193 189 214 161 272 265 216 140 242 290 278 276 96 87 92 283 277 284 269 273 156 176 146 185 104 212 140 265 121 299 178 62 88 270 234 211 183 318 113 211 143 151 230 219 233 137 159 116 242 251 341 147 207 225 257 196 244 178 295 179 182 90 129 114 163 100 149 202 212 238 274 164 133 258 140 55 244 161 140 227 123 151 293 256 210 133 123 287 157 208 225 175 69 288 242 120 281 259 206 284 151 230 165 205 288 279 262 216 264 236 288 44 205 108 208 281 254 230 262 95 259 210 91 269 187 279 249 223 305 99 221 244 155 165 64 153 100 206 249 148 179 59 241 114 120 298 196 136 107 289 242 310 151 219 139 263 239 53 287 234 84 217 180 165 113 246 267 157 109 314 111 227 149 140 265 268 241 222 152 108 115 238 175 128 177 113 141 135 259 324 123 106 301 271 276 108 259 218 256 242 258 205 247 301 164 109 206 114 155 208 229 111 219 200 284 103 85 245 218 184 49 135 237 260 270 283 156 76 275 258 84 332 256 275 128 214 101 276 118 123 110 287 197 238 194 256 328 287 241 245 105 242 167 284 130 231 79 159 182 168 92 254 275 256 136 122 221 156 252 92 289 224 133 267 238 271 216 197 190 0 204 238 226 208 184 215 171 61 262 243 289 170 167 239 123 175 228 119 167 108 110 148 216 232 179 270 249 236 268 208 258 271 200 284 70 239 208 254 250 68 145 262 287 273 228 248 177 309 167 217 83 107 101 120 275 201 238 110 222 177 239 87 44 326 201 228 272 105 133 229 269 277 165 120 259 97 282 88 262 292 198 294 143 133 251 177 251 273 291 289 145 196 251 248 209 238 219 209 239 246 299 109 154 214 246 119 237 280 272 216 291 83 57 315 122 179 226 196 229 251 104 257 141 263 270 291 228 195 260 170 218 217 235 231 58 311 221 160 289 129 247 48 300 100 304 165 211 127 277 247 145 154 279 132 127 233 235 169 240 266 126 289 118 189 97 213 179 175 205 150 262 145 273 133 260 112 229 197 307 181 339 227 166 228 325 223 90 264 255 141 201 222 250 152 293 280 316 279 284 155 230 116 220 257 232 285 84 207 270 247 
121 162 176 119 128 32 3 18 10 79 19 15 71 199 98 91 76 174 56 92 104 102 134 207 144 119 113 110 105 99 242 214 198 271 224 14 260 91 241 156 38 182 208 106 48 35 217 154 165 71 195 189 87 21 59 189 193 154 68 53 177 185 67 85 83 20 58 216 131 39 216 210 167 234 215 186 201 16 38 98 110 216 171 60 260 175 70 195 226 84 175 185 129 92 24 219 209 111 195 68 51 227 189 124 68 240 117 73 8 86 185 56 203 31 124 105 86 40 124 60 102 164 65 194 34 138 78 90 64 129 95 70 125 126 273 105 109 47 162 151 47 104 207 199 184 187 134 32 109 234 265 179 55 234 172 155 20 256 145 125 68 167 185 43 173 89 96 173 113 60 136 43 214 199 151 72 91 191 161 150 197 87 183 226 67 125 101 48 190 142 201 62 209 214 37 199 227 221 73 160 209 144 158 97 100 142 73 20 70 102 60 31 83 137 216 229 8 234 189 34 53 163 21 24 108 189 137 102 78 270 169 221 39 117 84 109 194 196 111 84 122 168 82 101 180 28 187 78 152 157 162 101 23 62 20 92 164 123 65 69 157 44 201 108 168 55 199 211 42 206 144 80 132 116 222 160 81 194 109 130 146 81 219 91 95 95 42 21 16 204 0 64 52 22 44 29 205 181 88 69 113 208 201 99 243 35 54 205 253 146 148 186 76 34 265 96 85 60 94 10 118 128 14 108 190 96 34 78 76 188 183 64 113 75 88 72 263 166 201 43 203 145 221 240 99 27 40 148 48 37 53 125 164 162 15 42 74 191 253 31 95 101 217 240 73 217 108 140 119 116 22 151 195 253 65 211 53 109 148 103 179 20 77 74 33 98 76 33 53 48 156 147 206 40 72 157 63 137 129 73 127 203 177 151 208 265 52 22 31 77 190 83 227 123 127 115 85 19 74 208 32 77 95 45 178 147 81 194 125 215 73 168 136 138 140 217 71 165 103 61 183 188 103 184 213 90 37 207 64 92 212 91 170 275 183 39 217 35 31 236 119 183 99 171 86 150 89 11 143 41 175 51 218 52 161 49 124 66 69 193 27 36 86 238 117 82 152 81 108 207 90 236 80 81 89 99 136 67 96 73 
155 196 210 153 162 66 61 46 54 137 45 73 108 233 124 149 110 208 100 150 162 128 168 241 178 177 171 168 163 125 276 248 232 305 258 72 294 149 275 193 72 216 242 164 92 63 251 212 199 105 229 223 124 79 117 223 227 188 126 111 235 219 101 119 141 48 102 250 189 73 250 244 201 268 249 220 235 60 96 132 168 250 205 118 294 209 96 229 260 121 209 219 187 150 68 253 243 139 229 102 77 261 223 182 126 274 175 117 66 144 219 114 237 57 182 163 114 68 158 88 146 198 99 228 92 175 106 124 122 163 153 104 159 163 307 163 143 75 199 185 73 138 241 233 218 221 168 58 143 268 299 213 99 268 206 192 48 290 179 183 126 204 219 71 207 147 133 207 171 118 170 101 248 233 185 130 119 225 195 208 231 121 217 260 125 162 135 74 224 176 235 90 243 248 71 233 261 255 117 218 243 178 195 123 128 176 117 78 114 136 118 57 141 195 250 263 66 268 223 60 81 197 79 52 136 223 171 139 112 304 203 255 97 154 128 135 228 230 169 142 156 226 140 159 214 72 221 136 186 191 196 145 49 90 46 150 222 181 93 97 191 102 235 136 202 83 233 245 76 240 178 138 169 150 256 194 115 228 146 164 183 118 253 119 132 123 100 49 74 238 64 0 78 66 78 73 239 215 146 127 141 242 235 133 277 69 80 239 287 180 182 220 110 92 299 154 143 88 152 68 152 165 58 136 224 133 92 106 102 222 217 122 139 133 122 100 297 203 235 101 237 179 255 274 127 53 98 182 106 71 97 159 198 220 59 86 132 225 287 89 153 129 251 274 117 251 134 174 156 144 50 188 229 287 109 245 111 167 185 147 213 48 135 100 61 132 113 61 97 106 193 181 240 66 98 191 121 174 166 110 185 237 211 209 242 299 78 48 89 135 224 109 261 157 164 143 122 47 118 242 76 111 129 89 212 205 115 228 183 249 99 202 194 172 198 251 105 199 161 105 217 222 131 218 247 127 95 241 92 150 246 149 204 309 217 97 251 69 57 270 156 217 157 205 144 184 123 55 201 75 233 79 252 80 219 75 158 124 113 227 53 80 144 272 145 140 210 139 136 241 124 270 114 109 126 143 170 101 154 99 
143 184 198 141 150 54 49 34 42 125 33 61 96 221 112 137 98 196 88 138 150 116 156 229 166 165 159 156 151 113 264 236 220 293 246 60 282 137 263 181 60 204 230 152 80 51 239 200 187 93 217 211 112 67 105 211 215 176 114 99 223 207 89 107 129 36 90 238 177 61 238 232 189 256 237 208 223 48 84 120 156 238 193 106 282 197 84 217 248 109 197 207 175 138 56 241 231 127 217 90 65 249 211 170 114 262 163 105 54 132 207 102 225 45 170 151 102 56 146 76 134 186 87 216 80 163 94 112 110 151 141 92 147 151 295 151 131 63 187 173 61 126 229 221 206 209 156 46 131 256 287 201 87 256 194 180 36 278 167 171 114 192 207 59 195 135 121 195 159 106 158 89 236 221 173 118 107 213 183 196 219 109 205 248 113 150 123 62 212 164 223 78 231 236 59 221 249 243 105 206 231 166 183 111 116 164 105 66 102 124 106 45 129 183 238 251 54 256 211 48 69 185 67 40 124 211 159 127 100 292 191 243 85 142 116 123 216 218 157 130 144 214 128 147 202 60 209 124 174 179 184 133 37 78 34 138 210 169 81 85 179 90 223 124 190 71 221 233 64 228 166 126 157 138 244 182 103 216 134 152 171 106 241 107 120 111 88 37 62 226 52 78 0 54 66 61 227 203 134 115 129 230 223 121 265 57 68 227 275 168 170 208 98 80 287 142 131 76 140 56 140 153 46 124 212 121 80 94 90 210 205 110 127 121 110 88 285 191 223 89 225 167 243 262 115 41 86 170 94 59 85 147 186 208 47 74 120 213 275 77 141 117 239 262 105 239 122 162 144 132 38 176 217 275 97 233 99 155 173 135 201 36 123 88 49 120 101 49 85 94 181 169 228 54 86 179 109 162 154 98 173 225 199 197 230 287 66 36 77 123 212 97 249 145 152 131 110 35 106 230 64 99 117 77 200 193 103 216 171 237 87 190 182 160 186 239 93 187 149 93 205 210 119 206 235 115 83 229 80 138 234 137 192 297 205 85 239 57 45 258 144 205 145 193 132 172 111 43 189 63 221 67 240 68 207 63 146 112 101 215 41 68 132 260 133 128 198 127 124 229 112 258 102 97 114 131 158 89 142 87 
125 166 180 123 132 36 19 20 12 95 21 31 78 203 100 107 80 178 58 108 120 104 138 211 148 135 129 126 121 101 246 218 202 275 228 30 264 107 245 163 42 186 212 122 50 37 221 170 169 75 199 193 94 37 75 193 197 158 84 69 193 189 71 89 99 22 60 220 147 43 220 214 171 238 219 190 205 18 54 102 126 220 175 76 264 179 72 199 230 91 179 189 145 108 26 223 213 113 199 72 53 231 193 140 84 244 133 75 24 102 189 72 207 33 140 121 88 42 128 62 104 168 69 198 50 145 80 94 80 133 111 74 129 133 277 121 113 49 169 155 49 108 211 203 188 191 138 34 113 238 269 183 57 238 176 162 22 260 149 141 84 174 189 45 177 105 103 177 129 76 140 59 218 203 155 88 93 195 165 166 201 91 187 230 83 132 105 50 194 146 205 64 213 218 41 203 231 225 75 176 213 148 165 99 102 146 75 36 72 106 76 33 99 153 220 233 24 238 193 36 55 167 37 26 110 193 141 109 82 274 173 225 55 124 86 111 198 200 127 100 126 184 98 117 184 30 191 94 156 161 166 103 25 64 22 108 180 139 67 71 161 60 205 110 172 57 203 215 46 210 148 96 139 120 226 164 85 198 116 134 153 88 223 93 102 97 58 23 32 208 22 66 54 0 48 31 209 185 104 85 115 212 205 103 247 39 56 209 257 150 152 190 80 50 269 112 101 62 110 26 122 135 16 110 194 103 50 80 78 192 187 80 115 91 92 74 267 173 205 59 207 149 225 244 101 29 56 152 64 41 55 129 168 178 17 44 90 195 257 47 111 103 221 244 75 221 110 144 126 118 24 158 199 257 67 215 69 125 155 105 183 22 93 76 35 102 83 35 55 64 163 151 210 42 74 161 79 144 136 80 143 207 181 167 212 269 54 24 47 93 194 85 231 127 134 117 92 21 76 212 34 81 99 47 182 163 85 198 141 219 75 172 152 142 156 221 75 169 119 63 187 192 105 188 217 97 53 211 66 108 216 107 174 279 187 55 221 39 33 240 126 187 115 175 102 154 93 13 159 45 191 53 222 54 177 51 128 82 71 197 29 38 102 242 119 98 168 97 110 211 94 240 84 83 96 101 140 71 112 75 
101 142 156 99 108 12 41 34 36 83 33 29 54 179 112 105 56 154 82 130 118 116 114 187 124 123 117 124 109 113 222 194 178 251 204 52 240 105 221 139 18 162 188 110 74 51 197 158 145 51 175 169 70 59 73 169 173 134 82 91 181 165 47 65 97 36 84 196 135 19 196 190 147 214 195 166 181 42 52 78 114 196 151 98 240 155 84 175 206 67 155 165 133 96 50 199 189 127 175 48 65 207 169 128 82 220 121 99 46 124 165 70 183 45 128 119 102 56 104 76 128 144 45 174 48 121 94 70 102 109 99 50 105 109 253 119 89 63 145 131 61 84 187 179 164 167 114 46 89 214 245 159 81 214 152 138 36 236 125 129 82 150 165 59 153 103 79 153 127 74 116 57 194 179 131 86 107 171 141 154 177 67 163 206 105 108 81 62 170 122 181 78 189 194 17 179 207 201 99 164 189 124 141 111 116 122 99 58 96 82 98 45 87 141 196 209 46 214 169 48 69 143 59 40 124 169 117 85 58 250 149 201 77 100 110 123 174 176 115 98 102 172 96 115 160 54 167 116 132 137 142 127 37 78 34 96 168 127 81 85 137 82 181 124 148 71 179 191 22 186 124 94 115 96 202 140 61 174 92 110 129 64 199 107 78 111 56 37 30 184 44 78 66 48 0 55 185 161 102 83 129 188 181 79 223 15 68 185 233 126 128 166 56 72 245 110 89 76 108 48 98 111 40 124 170 79 48 94 90 168 163 102 127 113 68 88 243 149 181 57 183 125 201 220 115 41 78 128 62 17 79 105 144 166 41 68 112 171 233 69 109 117 197 220 99 197 122 120 102 132 38 134 175 233 91 191 91 113 131 129 159 36 91 88 49 78 59 49 79 86 139 127 186 54 86 137 77 120 112 56 131 183 157 155 188 245 66 36 69 91 170 97 207 103 110 131 68 35 100 188 58 57 75 71 158 151 61 174 129 195 87 148 140 118 144 197 51 145 117 87 163 168 119 164 193 73 75 187 80 106 192 129 150 255 163 53 197 15 45 216 102 163 113 151 100 130 69 37 147 21 179 67 198 68 165 63 104 104 95 173 41 62 90 218 133 120 156 119 124 187 70 216 60 97 72 125 116 47 110 87 
132 173 187 130 139 43 26 27 19 102 28 38 85 210 107 114 87 185 65 115 127 111 145 218 155 142 136 133 128 108 253 225 209 282 235 37 271 114 252 170 49 193 219 129 57 44 228 177 176 82 206 200 101 44 82 200 204 165 91 76 200 196 78 96 106 29 67 227 154 50 227 221 178 245 226 197 212 25 61 109 133 227 182 83 271 186 79 206 237 98 186 196 152 115 33 230 220 120 206 79 60 238 200 147 91 251 140 82 31 109 196 79 214 40 147 128 95 49 135 69 111 175 76 205 57 152 87 101 87 140 118 81 136 140 284 128 120 56 176 162 56 115 218 210 195 198 145 41 120 245 276 190 64 245 183 169 29 267 156 148 91 181 196 52 184 112 110 184 136 83 147 66 225 210 162 95 100 202 172 173 208 98 194 237 90 139 112 57 201 153 212 71 220 225 48 210 238 232 82 183 220 155 172 106 109 153 82 43 79 113 83 40 106 160 227 240 31 245 200 43 62 174 44 33 117 200 148 116 89 281 180 232 62 131 93 118 205 207 134 107 133 191 105 124 191 37 198 101 163 168 173 110 32 71 29 115 187 146 74 78 168 67 212 117 179 64 210 222 53 217 155 103 146 127 233 171 92 205 123 141 160 95 230 100 109 104 65 30 39 215 29 73 61 31 55 0 216 192 111 92 122 219 212 110 254 46 63 216 264 157 159 197 87 57 276 119 108 69 117 33 129 142 23 117 201 110 57 87 85 199 194 87 122 98 99 81 274 180 212 66 214 156 232 251 108 36 63 159 71 48 62 136 175 185 24 51 97 202 264 54 118 110 228 251 82 228 117 151 133 125 31 165 206 264 74 222 76 132 162 112 190 29 100 83 42 109 90 42 62 71 170 158 217 49 81 168 86 151 143 87 150 214 188 174 219 276 61 31 54 100 201 92 238 134 141 124 99 28 83 219 41 88 106 54 189 170 92 205 148 226 82 179 159 149 163 228 82 176 126 70 194 199 112 195 224 104 60 218 73 115 223 114 181 286 194 62 228 46 40 247 133 194 122 182 109 161 100 20 166 52 198 60 229 61 184 58 135 89 78 204 36 45 109 249 126 105 175 104 117 218 101 247 91 90 103 108 147 78 119 82 
88 129 143 86 95 173 202 195 197 244 194 190 215 166 273 266 217 141 243 291 279 277 101 174 111 284 278 285 270 274 209 181 165 238 191 213 227 266 208 300 179 149 175 271 235 212 184 319 132 212 162 156 231 220 234 156 160 121 243 252 342 152 208 226 258 197 245 183 296 180 183 177 134 201 182 153 168 203 213 239 275 183 138 259 227 142 245 162 193 228 142 152 294 257 211 186 176 288 162 209 226 194 156 289 243 207 282 260 207 285 152 231 170 206 289 280 263 217 265 237 289 131 206 161 209 282 255 231 263 96 260 211 92 270 240 280 250 224 306 118 222 245 174 166 151 154 101 207 250 201 232 146 242 201 139 299 197 223 112 290 243 311 152 220 140 264 240 140 288 235 103 218 181 166 118 247 268 158 128 315 164 228 150 193 266 269 242 223 157 109 168 239 176 181 178 166 194 188 260 325 176 111 302 272 277 109 260 219 257 243 259 206 248 302 183 196 207 201 156 209 230 130 220 201 285 156 104 246 219 237 136 188 238 261 271 284 161 163 276 259 89 333 257 276 147 215 154 277 119 124 129 288 198 239 195 257 329 288 242 246 124 243 168 285 135 232 166 178 183 173 111 255 276 257 189 127 222 161 253 97 290 225 186 268 239 272 217 198 191 171 205 239 227 209 185 216 0 148 263 244 290 175 168 240 210 176 229 172 220 113 115 153 217 233 232 271 250 237 269 209 259 272 201 285 157 240 209 255 251 155 150 263 288 274 229 249 230 310 168 218 170 112 188 207 276 202 239 115 223 178 240 92 131 327 202 229 273 158 220 230 270 278 184 207 260 184 283 107 263 293 199 295 162 220 252 178 252 274 292 290 146 197 252 249 210 239 220 210 240 247 300 114 173 215 247 124 238 281 273 217 292 170 144 316 175 232 227 197 230 252 157 258 194 264 271 292 229 196 261 175 219 218 236 232 145 312 222 161 290 182 248 135 301 105 305 184 212 132 278 248 150 155 280 151 180 234 236 174 241 267 179 290 137 242 150 214 184 176 206 203 263 150 274 138 261 117 230 198 308 182 340 228 185 229 326 224 91 265 256 160 202 223 251 205 294 281 317 280 285 174 231 203 221 258 233 286 103 208 271 248 
60 19 67 62 53 149 178 171 173 220 170 166 191 138 249 242 193 117 219 267 255 253 73 64 69 260 254 261 246 250 133 153 123 162 81 189 117 242 98 276 155 39 65 247 211 188 160 295 90 188 120 128 207 196 210 114 136 93 219 228 318 124 184 202 234 173 221 155 272 156 159 67 106 91 140 77 126 179 189 215 251 141 110 235 117 32 221 138 117 204 100 128 270 233 187 110 100 264 134 185 202 152 46 265 219 97 258 236 183 261 128 207 142 182 265 256 239 193 241 213 265 21 182 85 185 258 231 207 239 72 236 187 68 246 164 256 226 200 282 76 198 221 132 142 41 130 77 183 226 125 156 36 218 91 97 275 173 113 84 266 219 287 128 196 116 240 216 30 264 211 61 194 157 142 90 223 244 134 86 291 88 204 126 117 242 245 218 199 129 85 92 215 152 105 154 90 118 112 236 301 100 83 278 248 253 85 236 195 233 219 235 182 224 278 141 86 183 91 132 185 206 88 196 177 261 80 62 222 195 161 26 112 214 237 247 260 133 53 252 235 61 309 233 252 105 191 78 253 95 100 87 264 174 215 171 233 305 264 218 222 82 219 144 261 107 208 56 136 159 145 69 231 252 233 113 99 198 133 229 69 266 201 110 244 215 248 193 174 167 61 181 215 203 185 161 192 148 0 239 220 266 147 144 216 100 152 205 96 144 85 87 125 193 209 156 247 226 213 245 185 235 248 177 261 47 216 185 231 227 45 122 239 264 250 205 225 154 286 144 194 60 84 78 97 252 178 215 87 199 154 216 64 21 303 178 205 249 82 110 206 246 254 142 97 236 74 259 65 239 269 175 271 120 110 228 154 228 250 268 266 122 173 228 225 186 215 196 186 216 223 276 86 131 191 223 96 214 257 249 193 268 60 34 292 99 156 203 173 206 228 81 234 118 240 247 268 205 172 237 147 195 194 212 208 35 288 198 137 266 106 224 25 277 77 281 142 188 104 254 224 122 131 256 109 104 210 212 146 217 243 103 266 95 166 74 190 156 152 182 127 239 122 250 110 237 89 206 174 284 158 316 204 143 205 302 200 67 241 232 118 178 199 227 129 270 257 293 256 261 132 207 93 197 234 209 262 61 184 247 224 
179 220 234 177 186 90 85 100 92 161 101 73 132 257 180 149 134 232 138 174 162 184 192 265 202 201 195 168 187 181 300 272 256 329 282 96 318 149 299 217 96 240 266 188 130 117 275 236 223 129 253 247 148 103 117 247 251 212 126 135 259 243 125 143 141 102 140 274 213 97 274 268 225 292 273 244 259 98 96 156 192 274 229 142 318 233 152 253 284 145 233 243 211 174 106 277 267 193 253 126 133 285 247 206 126 298 199 155 90 168 243 114 261 113 206 163 168 122 182 142 184 222 123 252 92 199 160 148 146 187 177 128 183 187 331 163 167 129 223 209 129 162 265 257 242 245 192 114 167 292 323 237 137 292 230 216 102 314 203 207 126 228 243 125 231 147 157 231 171 118 194 101 272 257 209 130 173 249 219 232 255 145 241 284 149 186 159 130 248 200 259 144 267 272 95 257 285 279 155 242 267 202 219 179 182 200 155 102 152 160 142 113 165 219 274 287 90 292 247 116 135 221 103 106 190 247 195 163 136 328 227 279 121 178 166 191 252 254 193 142 180 250 140 159 238 110 245 160 210 215 220 183 105 144 102 174 246 205 147 151 215 126 259 190 226 137 257 269 100 264 202 138 193 174 280 218 139 252 170 188 207 142 277 173 156 177 100 103 74 262 88 146 134 104 102 111 263 239 0 127 195 266 259 157 301 93 136 263 311 204 206 244 134 116 323 154 167 142 152 92 176 189 96 190 248 157 92 160 158 246 241 146 195 157 146 154 321 227 259 101 261 203 279 298 181 109 122 206 106 95 135 183 222 244 97 124 156 249 311 113 153 183 275 298 155 275 190 198 180 198 104 212 253 311 147 269 135 191 209 185 237 102 135 156 115 156 137 115 135 130 217 205 264 122 154 215 121 198 190 134 209 261 235 233 266 323 134 104 113 135 248 165 285 181 188 197 146 101 156 266 114 135 153 127 236 229 139 252 207 273 155 226 218 196 222 275 129 223 161 143 241 246 185 242 271 151 119 265 146 150 270 173 228 333 241 97 275 93 113 294 180 241 157 229 144 208 147 93 225 99 257 133 276 134 243 131 182 148 151 251 109 118 168 296 199 164 234 163 190 265 148 294 138 163 150 181 194 125 154 155 
160 201 215 158 167 71 66 81 73 142 82 54 113 238 161 130 115 213 119 155 143 165 173 246 183 182 176 149 168 162 281 253 237 310 263 77 299 130 280 198 77 221 247 169 111 98 256 217 204 110 234 228 129 84 98 228 232 193 107 116 240 224 106 124 122 83 121 255 194 78 255 249 206 273 254 225 240 79 77 137 173 255 210 123 299 214 133 234 265 126 214 224 192 155 87 258 248 174 234 107 114 266 228 187 107 279 180 136 71 149 224 95 242 94 187 144 149 103 163 123 165 203 104 233 73 180 141 129 127 168 158 109 164 168 312 144 148 110 204 190 110 143 246 238 223 226 173 95 148 273 304 218 118 273 211 197 83 295 184 188 107 209 224 106 212 128 138 212 152 99 175 82 253 238 190 111 154 230 200 213 236 126 222 265 130 167 140 111 229 181 240 125 248 253 76 238 266 260 136 223 248 183 200 160 163 181 136 83 133 141 123 94 146 200 255 268 71 273 228 97 116 202 84 87 171 228 176 144 117 309 208 260 102 159 147 172 233 235 174 123 161 231 121 140 219 91 226 141 191 196 201 164 86 125 83 155 227 186 128 132 196 107 240 171 207 118 238 250 81 245 183 119 174 155 261 199 120 233 151 169 188 123 258 154 137 158 81 84 55 243 69 127 115 85 83 92 244 220 127 0 176 247 240 138 282 74 117 244 292 185 187 225 115 97 304 135 148 123 133 73 157 170 77 171 229 138 73 141 139 227 222 127 176 138 127 135 302 208 240 82 242 184 260 279 162 90 103 187 87 76 116 164 203 225 78 105 137 230 292 94 134 164 256 279 136 256 171 179 161 179 85 193 234 292 128 250 116 172 190 166 218 83 116 137 96 137 118 96 116 111 198 186 245 103 135 196 102 179 171 115 190 242 216 214 247 304 115 85 94 116 229 146 266 162 169 178 127 82 137 247 95 116 134 108 217 210 120 233 188 254 136 207 199 177 203 256 110 204 142 124 222 227 166 223 252 132 100 246 127 131 251 154 209 314 222 78 256 74 94 275 161 222 138 210 125 189 128 74 206 80 238 114 257 115 224 112 163 129 132 232 90 99 149 277 180 145 215 144 171 246 129 275 119 144 131 162 175 106 135 136 
206 247 261 204 213 117 110 95 103 186 96 122 159 284 175 198 161 259 149 199 211 179 219 292 229 226 220 217 212 176 327 299 283 356 309 121 345 198 326 244 123 267 293 213 141 112 302 261 250 156 280 274 175 128 166 274 278 239 175 160 284 270 152 170 190 97 151 301 238 124 301 295 252 319 300 271 286 109 145 183 217 301 256 167 345 260 147 280 311 172 260 270 236 199 117 304 294 188 280 153 128 312 274 231 175 325 224 166 115 193 270 163 288 108 231 212 163 117 209 137 195 249 150 279 141 226 155 175 171 214 202 155 210 214 358 212 194 124 250 236 124 189 292 284 269 272 219 109 194 319 350 264 148 319 257 243 97 341 230 232 175 255 270 120 258 196 184 258 220 167 221 150 299 284 236 179 168 276 246 257 282 172 268 311 174 213 186 125 275 227 286 139 294 299 122 284 312 306 166 267 294 229 246 174 177 227 166 127 163 187 167 108 190 244 301 314 115 319 274 111 130 248 128 101 185 274 222 190 163 355 254 306 146 205 177 186 279 281 218 191 207 275 189 208 265 121 272 185 237 242 247 194 100 139 97 199 271 230 142 146 242 151 286 185 253 132 284 296 127 291 229 187 220 201 307 245 166 279 197 215 234 169 304 168 183 172 149 98 123 289 113 141 129 115 129 122 290 266 195 176 0 293 286 184 328 120 131 290 338 231 233 271 161 141 350 203 192 137 201 117 203 216 107 185 275 184 141 155 153 273 268 171 190 182 173 149 348 254 286 150 288 230 306 325 176 104 147 233 155 122 146 210 249 269 108 135 181 276 338 138 202 178 302 325 166 302 185 225 207 193 99 239 280 338 158 296 160 216 236 196 264 97 184 151 110 183 164 110 146 155 244 232 291 117 149 242 170 225 217 161 234 288 262 258 293 350 129 99 138 184 275 160 312 208 215 192 173 96 167 293 125 162 180 138 263 254 166 279 232 300 150 253 243 223 247 302 156 250 210 154 268 273 180 269 298 178 144 292 141 199 297 198 255 360 268 146 302 120 108 321 207 268 206 256 193 235 174 104 250 126 282 128 303 129 268 126 209 173 162 278 104 129 193 323 194 189 259 188 185 292 175 321 165 158 177 192 221 152 203 150 
87 128 146 89 94 176 205 198 200 247 197 193 218 165 276 269 220 144 246 294 282 280 100 173 110 287 281 288 273 277 212 180 164 241 190 216 226 269 207 303 182 148 174 274 238 215 187 322 131 215 161 155 234 223 237 155 163 120 246 255 345 151 211 229 261 200 248 182 299 183 186 176 133 200 181 156 167 206 216 242 278 182 137 262 226 141 248 165 196 231 141 155 297 260 214 189 179 291 161 212 229 193 155 292 246 206 285 263 210 288 155 234 169 209 292 283 266 220 268 240 292 130 209 164 212 285 258 234 266 99 263 214 95 273 243 283 253 227 309 117 225 248 173 169 150 157 104 210 253 204 235 145 245 200 138 302 200 222 111 293 246 314 155 223 143 267 243 139 291 238 102 221 184 169 117 250 271 161 127 318 167 231 153 196 269 272 245 226 156 112 171 242 179 184 181 169 197 191 263 328 179 110 305 275 280 112 263 222 260 246 262 209 251 305 182 195 210 200 159 212 233 129 223 204 288 159 103 249 222 240 135 191 241 264 274 287 160 162 279 262 88 336 260 279 146 218 157 280 122 127 128 291 201 242 198 260 332 291 245 249 123 246 171 288 134 235 165 177 186 172 110 258 279 260 192 126 225 160 256 96 293 228 189 271 242 275 220 201 194 170 208 242 230 212 188 219 175 147 266 247 293 0 171 243 209 179 232 175 223 112 114 152 220 236 235 274 253 240 272 212 262 275 204 288 156 243 212 258 254 154 149 266 291 277 232 252 233 313 171 221 169 111 187 206 279 205 242 114 226 181 243 91 130 330 205 232 276 161 219 233 273 281 183 206 263 183 286 106 266 296 202 298 161 219 255 181 255 277 295 293 149 200 255 252 213 242 223 213 243 250 303 113 172 218 250 123 241 284 276 220 295 169 143 319 178 235 230 200 233 255 160 261 197 267 274 295 232 199 264 174 222 221 239 235 144 315 225 164 293 185 251 134 304 104 308 183 215 131 281 251 149 158 283 150 183 237 239 173 244 270 182 293 136 245 153 217 183 179 209 206 266 149 277 137 264 116 233 201 311 185 343 231 184 232 329 227 94 268 259 159 205 226 254 208 297 284 320 283 288 173 234 202 224 261 236 289 102 211 274 251 
84 125 139 82 91 169 198 191 193 240 190 186 211 162 269 262 213 137 239 287 275 273 97 170 107 280 274 281 266 270 205 177 161 234 187 209 223 262 204 296 175 145 171 267 231 208 180 315 128 208 158 152 227 216 230 152 156 117 239 248 338 148 204 222 254 193 241 179 292 176 179 173 130 197 178 149 164 199 209 235 271 179 134 255 223 138 241 158 189 224 138 148 290 253 207 182 172 284 158 205 222 190 152 285 239 203 278 256 203 281 148 227 166 202 285 276 259 213 261 233 285 127 202 157 205 278 251 227 259 92 256 207 88 266 236 276 246 220 302 114 218 241 170 162 147 150 97 203 246 197 228 142 238 197 135 295 193 219 108 286 239 307 148 216 136 260 236 136 284 231 99 214 177 162 114 243 264 154 124 311 160 224 146 189 262 265 238 219 153 105 164 235 172 177 174 162 190 184 256 321 172 107 298 268 273 105 256 215 253 239 255 202 244 298 179 192 203 197 152 205 226 126 216 197 281 152 100 242 215 233 132 184 234 257 267 280 157 159 272 255 85 329 253 272 143 211 150 273 115 120 125 284 194 235 191 253 325 284 238 242 120 239 164 281 131 228 162 174 179 169 107 251 272 253 185 123 218 157 249 93 286 221 182 264 235 268 213 194 187 167 201 235 223 205 181 212 168 144 259 240 286 171 0 236 206 172 225 168 216 109 111 149 213 229 228 267 246 233 265 205 255 268 197 281 153 236 205 251 247 151 146 259 284 270 225 245 226 306 164 214 166 108 184 203 272 198 235 111 219 174 236 88 127 323 198 225 269 154 216 226 266 274 180 203 256 180 279 103 259 289 195 291 158 216 248 174 248 270 288 286 142 193 248 245 206 235 216 206 236 243 296 110 169 211 243 120 234 277 269 213 288 166 140 312 171 228 223 193 226 248 153 254 190 260 267 288 225 192 257 171 215 214 232 228 141 308 218 157 286 178 244 131 297 101 301 180 208 128 274 244 146 151 276 147 176 230 232 170 237 263 175 286 133 238 146 210 180 172 202 199 259 146 270 134 257 113 226 194 304 178 336 224 181 225 322 220 87 261 252 156 198 219 247 201 290 277 313 276 281 170 227 199 217 254 229 282 99 204 267 244 
156 197 211 154 163 67 96 89 91 138 88 84 109 234 167 160 111 209 137 185 173 171 169 242 179 178 172 179 164 168 277 249 233 306 259 107 295 160 276 194 73 217 243 165 129 106 252 213 200 106 230 224 125 114 128 224 228 189 137 146 236 220 102 120 152 91 139 251 190 74 251 245 202 269 250 221 236 97 107 133 169 251 206 153 295 210 139 230 261 122 210 220 188 151 105 254 244 182 230 103 120 262 224 183 137 275 176 154 101 179 220 125 238 100 183 174 157 111 159 131 183 199 100 229 103 176 149 125 157 164 154 105 160 164 308 174 144 118 200 186 116 139 242 234 219 222 169 101 144 269 300 214 136 269 207 193 91 291 180 184 137 205 220 114 208 158 134 208 182 129 171 112 249 234 186 141 162 226 196 209 232 122 218 261 160 163 136 117 225 177 236 133 244 249 72 234 262 256 154 219 244 179 196 166 171 177 154 113 151 137 153 100 142 196 251 264 101 269 224 103 124 198 114 95 179 224 172 140 113 305 204 256 132 155 165 178 229 231 170 153 157 227 151 170 215 109 222 171 187 192 197 182 92 133 89 151 223 182 136 140 192 137 236 179 203 126 234 246 77 241 179 149 170 151 257 195 116 229 147 165 184 119 254 162 133 166 111 92 85 239 99 133 121 103 79 110 240 216 157 138 184 243 236 0 278 70 123 240 288 181 183 221 111 127 300 165 144 131 163 103 153 166 95 179 225 134 103 149 145 223 218 157 182 168 123 143 298 204 236 112 238 180 256 275 170 96 133 183 117 72 134 160 199 221 96 123 167 226 288 124 164 172 252 275 154 252 177 175 157 187 93 189 230 288 146 246 146 168 186 184 214 91 146 143 104 133 114 104 134 141 194 182 241 109 141 192 132 175 167 111 186 238 212 210 243 300 121 91 124 146 225 152 262 158 165 186 123 90 155 243 113 112 130 126 213 206 116 229 184 250 142 203 195 173 199 252 106 200 172 142 218 223 174 219 248 128 130 242 135 161 247 184 205 310 218 108 252 70 100 271 157 218 168 206 155 185 124 92 202 76 234 122 253 123 220 118 159 159 150 228 96 117 145 273 188 175 211 174 179 242 125 271 115 152 127 180 171 102 165 142 
122 81 129 124 115 211 240 233 235 282 232 228 253 200 311 304 255 179 281 329 317 315 135 126 131 322 316 323 308 312 195 215 185 224 143 251 179 304 160 338 217 101 127 309 273 250 222 357 152 250 182 190 269 258 272 176 198 155 281 290 380 186 246 264 296 235 283 217 334 218 221 129 168 153 202 139 188 241 251 277 313 203 172 297 179 94 283 200 179 266 162 190 332 295 249 172 162 326 196 247 264 214 108 327 281 159 320 298 245 323 190 269 204 244 327 318 301 255 303 275 327 83 244 147 247 320 293 269 301 134 298 249 130 308 226 318 288 262 344 138 260 283 194 204 103 192 139 245 288 187 218 98 280 153 159 337 235 175 146 328 281 349 190 258 178 302 278 92 326 273 123 256 219 204 152 285 306 196 148 353 150 266 188 179 304 307 280 261 191 147 154 277 214 167 216 152 180 174 298 363 162 145 340 310 315 147 298 257 295 281 297 244 286 340 203 148 245 153 194 247 268 150 258 239 323 142 124 284 257 223 88 174 276 299 309 322 195 115 314 297 123 371 295 314 167 253 140 315 157 162 149 326 236 277 233 295 367 326 280 284 144 281 206 323 169 270 118 198 221 207 131 293 314 295 175 161 260 195 291 131 328 263 172 306 277 310 255 236 229 123 243 277 265 247 223 254 210 100 301 282 328 209 206 278 0 214 267 158 206 147 149 187 255 271 218 309 288 275 307 247 297 310 239 323 109 278 247 293 289 107 184 301 326 312 267 287 216 348 206 256 122 146 140 159 314 240 277 149 261 216 278 126 83 365 240 267 311 144 172 268 308 316 204 159 298 136 321 127 301 331 237 333 182 172 290 216 290 312 330 328 184 235 290 287 248 277 258 248 278 285 338 148 193 253 285 158 276 319 311 255 330 122 96 354 161 218 265 235 268 290 143 296 180 302 309 330 267 234 299 209 257 256 274 270 97 350 260 199 328 168 286 87 339 139 343 204 250 166 316 286 184 193 318 171 166 272 274 208 279 305 165 328 157 228 136 252 218 214 244 189 301 184 312 172 299 151 268 236 346 220 378 266 205 267 364 262 129 303 294 180 240 261 289 191 332 319 355 318 323 194 269 155 259 296 271 324 123 246 309 286 
92 133 147 90 99 3 32 25 27 74 24 20 45 170 103 96 47 145 73 121 109 107 105 178 115 114 108 115 100 104 213 185 169 242 195 43 231 96 212 130 9 153 179 101 65 42 188 149 136 42 166 160 61 50 64 160 164 125 73 82 172 156 38 56 88 27 75 187 126 10 187 181 138 205 186 157 172 33 43 69 105 187 142 89 231 146 75 166 197 58 146 156 124 87 41 190 180 118 166 39 56 198 160 119 73 211 112 90 37 115 156 61 174 36 119 110 93 47 95 67 119 135 36 165 39 112 85 61 93 100 90 41 96 100 244 110 80 54 136 122 52 75 178 170 155 158 105 37 80 205 236 150 72 205 143 129 27 227 116 120 73 141 156 50 144 94 70 144 118 65 107 48 185 170 122 77 98 162 132 145 168 58 154 197 96 99 72 53 161 113 172 69 180 185 8 170 198 192 90 155 180 115 132 102 107 113 90 49 87 73 89 36 78 132 187 200 37 205 160 39 60 134 50 31 115 160 108 76 49 241 140 192 68 91 101 114 165 167 106 89 93 163 87 106 151 45 158 107 123 128 133 118 28 69 25 87 159 118 72 76 128 73 172 115 139 62 170 182 13 177 115 85 106 87 193 131 52 165 83 101 120 55 190 98 69 102 47 28 21 175 35 69 57 39 15 46 176 152 93 74 120 179 172 70 214 0 59 176 224 117 119 157 47 63 236 101 80 67 99 39 89 102 31 115 161 70 39 85 81 159 154 93 118 104 59 79 234 140 172 48 174 116 192 211 106 32 69 119 53 8 70 96 135 157 32 59 103 162 224 60 100 108 188 211 90 188 113 111 93 123 29 125 166 224 82 182 82 104 122 120 150 27 82 79 40 69 50 40 70 77 130 118 177 45 77 128 68 111 103 47 122 174 148 146 179 236 57 27 60 82 161 88 198 94 101 122 59 26 91 179 49 48 66 62 149 142 52 165 120 186 78 139 131 109 135 188 42 136 108 78 154 159 110 155 184 64 66 178 71 97 183 120 141 246 154 44 188 6 36 207 93 154 104 142 91 121 60 28 138 12 170 58 189 59 156 54 95 95 86 164 32 53 81 209 124 111 147 110 115 178 61 207 51 88 63 116 107 38 101 78 
145 186 200 143 152 56 51 36 44 127 35 63 98 223 114 139 100 198 90 140 152 118 158 231 168 167 161 158 153 115 266 238 222 295 248 62 284 139 265 183 62 206 232 154 82 53 241 202 189 95 219 213 114 69 107 213 217 178 116 101 225 209 91 109 131 38 92 240 179 63 240 234 191 258 239 210 225 50 86 122 158 240 195 108 284 199 86 219 250 111 199 209 177 140 58 243 233 129 219 92 67 251 213 172 116 264 165 107 56 134 209 104 227 47 172 153 104 58 148 78 136 188 89 218 82 165 96 114 112 153 143 94 149 153 297 153 133 65 189 175 63 128 231 223 208 211 158 48 133 258 289 203 89 258 196 182 38 280 169 173 116 194 209 61 197 137 123 197 161 108 160 91 238 223 175 120 109 215 185 198 221 111 207 250 115 152 125 64 214 166 225 80 233 238 61 223 251 245 107 208 233 168 185 113 118 166 107 68 104 126 108 47 131 185 240 253 56 258 213 50 71 187 69 42 126 213 161 129 102 294 193 245 87 144 118 125 218 220 159 132 146 216 130 149 204 62 211 126 176 181 186 135 39 80 36 140 212 171 83 87 181 92 225 126 192 73 223 235 66 230 168 128 159 140 246 184 105 218 136 154 173 108 243 109 122 113 90 39 64 228 54 80 68 56 68 63 229 205 136 117 131 232 225 123 267 59 0 229 277 170 172 210 100 82 289 144 133 78 142 58 142 155 48 126 214 123 82 96 92 212 207 112 129 123 112 90 287 193 225 91 227 169 245 264 117 43 88 172 96 61 87 149 188 210 49 76 122 215 277 79 143 119 241 264 107 241 124 164 146 134 40 178 219 277 99 235 101 157 175 137 203 38 125 90 51 122 103 51 87 96 183 171 230 56 88 181 111 164 156 100 175 227 201 199 232 289 68 38 79 125 214 99 251 147 154 133 112 37 108 232 66 101 119 79 202 195 105 218 173 239 89 192 184 162 188 241 95 189 151 95 207 212 121 208 237 117 85 231 82 140 236 139 194 299 207 87 241 59 47 260 146 207 147 195 134 174 113 45 191 65 223 69 242 70 209 65 148 114 103 217 43 70 134 262 135 130 200 129 126 231 114 260 104 99 116 133 160 91 144 89 
88 77 29 86 91 173 202 195 197 244 194 190 215 166 273 266 217 141 243 291 279 277 101 122 107 284 278 285 270 274 95 181 161 124 139 213 175 266 156 300 179 97 123 271 235 212 184 319 128 212 158 156 231 220 234 152 160 121 243 252 342 152 208 226 258 197 245 183 296 180 183 125 134 149 178 39 164 203 213 239 275 179 138 259 175 90 245 162 79 228 138 152 294 257 211 72 62 288 162 209 226 190 104 289 243 155 282 260 207 285 152 231 170 206 289 280 263 217 265 237 289 79 206 47 209 282 255 231 263 96 260 211 92 270 126 280 250 224 306 114 222 245 170 166 99 154 101 207 250 87 118 94 242 149 135 299 197 171 112 290 243 311 152 220 140 264 240 88 288 235 99 218 181 166 118 247 268 158 124 315 50 228 150 79 266 269 242 223 157 109 54 239 176 67 178 52 80 74 260 325 62 111 302 272 277 109 260 219 257 243 259 206 248 302 179 144 207 149 156 209 230 126 220 201 285 42 100 246 219 123 84 74 238 261 271 284 161 111 276 259 89 333 257 276 143 215 40 277 119 124 125 288 198 239 195 257 329 288 242 246 120 243 168 285 135 232 114 174 183 173 107 255 276 257 75 127 222 161 253 97 290 225 72 268 239 272 217 198 191 119 205 239 227 209 185 216 172 96 263 244 290 175 168 240 158 176 229 0 106 113 115 153 217 233 118 271 250 237 269 209 259 272 201 285 105 240 209 255 251 103 150 263 288 274 229 249 116 310 168 218 118 112 136 155 276 202 239 115 223 178 240 92 79 327 202 229 273 44 168 230 270 278 180 155 260 132 283 103 263 293 199 295 158 168 252 178 252 274 292 290 146 197 252 249 210 239 220 210 240 247 300 114 169 215 247 124 238 281 273 217 292 118 92 316 61 118 227 197 230 252 43 258 80 264 271 292 229 196 261 175 219 218 236 232 93 312 222 161 290 68 248 83 301 105 305 180 212 132 278 248 150 155 280 147 66 234 236 174 241 267 65 290 133 128 36 214 184 176 206 89 263 150 274 138 261 117 230 198 308 182 340 228 181 229 326 224 91 265 256 156 202 223 251 91 294 281 317 280 285 170 231 151 221 258 233 286 99 208 271 248 
136 125 77 134 139 221 250 243 245 292 242 238 263 214 321 314 265 189 291 339 327 325 149 170 155 332 326 333 318 322 143 229 209 172 187 261 223 314 204 348 227 145 171 319 283 260 232 367 176 260 206 204 279 268 282 200 208 169 291 300 390 200 256 274 306 245 293 231 344 228 231 173 182 197 226 87 212 251 261 287 323 227 186 307 223 138 293 210 127 276 186 200 342 305 259 120 110 336 210 257 274 238 152 337 291 203 330 308 255 333 200 279 218 254 337 328 311 265 313 285 337 127 254 95 257 330 303 279 311 144 308 259 140 318 174 328 298 272 354 162 270 293 218 214 147 202 149 255 298 135 166 142 290 197 183 347 245 219 160 338 291 359 200 268 188 312 288 136 336 283 147 266 229 214 166 295 316 206 172 363 98 276 198 127 314 317 290 271 205 157 102 287 224 115 226 100 128 122 308 373 110 159 350 320 325 157 308 267 305 291 307 254 296 350 227 192 255 197 204 257 278 174 268 249 333 90 148 294 267 171 132 122 286 309 319 332 209 159 324 307 137 381 305 324 191 263 88 325 167 172 173 336 246 287 243 305 377 336 290 294 168 291 216 333 183 280 162 222 231 221 155 303 324 305 123 175 270 209 301 145 338 273 120 316 287 320 265 246 239 167 253 287 275 257 233 264 220 144 311 292 338 223 216 288 206 224 277 106 0 161 163 201 265 281 166 319 298 285 317 257 307 320 249 333 153 288 257 303 299 151 198 311 336 322 277 297 164 358 216 266 166 160 184 203 324 250 287 163 271 226 288 140 127 375 250 277 321 92 216 278 318 326 228 203 308 180 331 151 311 341 247 343 206 216 300 226 300 322 340 338 194 245 300 297 258 287 268 258 288 295 348 162 217 263 295 172 286 329 321 265 340 166 140 364 109 166 275 245 278 300 91 306 128 312 319 340 277 244 309 223 267 266 284 280 141 360 270 209 338 116 296 131 349 153 353 228 260 180 326 296 198 203 328 195 114 282 284 222 289 315 113 338 181 176 84 262 232 224 254 137 311 198 322 186 309 165 278 246 356 230 388 276 229 277 374 272 139 313 304 204 250 271 299 139 342 329 365 328 333 218 279 199 269 306 281 334 147 256 319 296 
25 66 84 27 32 114 143 136 138 185 135 131 156 103 214 207 158 82 184 232 220 218 38 111 48 225 219 226 211 215 150 118 102 179 128 154 164 207 145 241 120 86 112 212 176 153 125 260 69 153 99 93 172 161 175 93 101 58 184 193 283 89 149 167 199 138 186 120 237 121 124 114 71 138 119 94 105 144 154 180 216 120 75 200 164 79 186 103 134 169 79 93 235 198 152 127 117 229 99 150 167 131 93 230 184 144 223 201 148 226 93 172 107 147 230 221 204 158 206 178 230 68 147 102 150 223 196 172 204 37 201 152 33 211 181 221 191 165 247 55 163 186 111 107 88 95 42 148 191 142 173 83 183 138 76 240 138 160 49 231 184 252 93 161 81 205 181 77 229 176 40 159 122 107 55 188 209 99 65 256 105 169 91 134 207 210 183 164 94 50 109 180 117 122 119 107 135 129 201 266 117 48 243 213 218 50 201 160 198 184 200 147 189 243 120 133 148 138 97 150 171 67 161 142 226 97 41 187 160 178 73 129 179 202 212 225 98 100 217 200 26 274 198 217 84 156 95 218 60 65 66 229 139 180 136 198 270 229 183 187 61 184 109 226 72 173 103 115 124 110 48 196 217 198 130 64 163 98 194 34 231 166 127 209 180 213 158 139 132 108 146 180 168 150 126 157 113 85 204 185 231 112 109 181 147 117 170 113 161 0 52 90 158 174 173 212 191 178 210 150 200 213 142 226 94 181 150 196 192 92 87 204 229 215 170 190 171 251 109 159 107 49 125 144 217 143 180 52 164 119 181 29 68 268 143 170 214 99 157 171 211 219 121 144 201 121 224 44 204 234 140 236 99 157 193 119 193 215 233 231 87 138 193 190 151 180 161 151 181 188 241 51 110 156 188 61 179 222 214 158 233 107 81 257 116 173 168 138 171 193 98 199 135 205 212 233 170 137 202 112 160 159 177 173 82 253 163 102 231 123 189 72 242 42 246 121 153 69 219 189 87 96 221 88 121 175 177 111 182 208 120 231 74 183 91 155 121 117 147 144 204 87 215 75 202 54 171 139 249 123 281 169 122 170 267 165 32 206 197 97 143 164 192 146 235 222 258 221 226 111 172 140 162 199 174 227 40 149 212 189 
27 68 86 29 34 116 145 138 140 187 137 133 158 105 216 209 160 84 186 234 222 220 40 113 50 227 221 228 213 217 152 120 104 181 130 156 166 209 147 243 122 88 114 214 178 155 127 262 71 155 101 95 174 163 177 95 103 60 186 195 285 91 151 169 201 140 188 122 239 123 126 116 73 140 121 96 107 146 156 182 218 122 77 202 166 81 188 105 136 171 81 95 237 200 154 129 119 231 101 152 169 133 95 232 186 146 225 203 150 228 95 174 109 149 232 223 206 160 208 180 232 70 149 104 152 225 198 174 206 39 203 154 35 213 183 223 193 167 249 57 165 188 113 109 90 97 44 150 193 144 175 85 185 140 78 242 140 162 51 233 186 254 95 163 83 207 183 79 231 178 42 161 124 109 57 190 211 101 67 258 107 171 93 136 209 212 185 166 96 52 111 182 119 124 121 109 137 131 203 268 119 50 245 215 220 52 203 162 200 186 202 149 191 245 122 135 150 140 99 152 173 69 163 144 228 99 43 189 162 180 75 131 181 204 214 227 100 102 219 202 28 276 200 219 86 158 97 220 62 67 68 231 141 182 138 200 272 231 185 189 63 186 111 228 74 175 105 117 126 112 50 198 219 200 132 66 165 100 196 36 233 168 129 211 182 215 160 141 134 110 148 182 170 152 128 159 115 87 206 187 233 114 111 183 149 119 172 115 163 52 0 92 160 176 175 214 193 180 212 152 202 215 144 228 96 183 152 198 194 94 89 206 231 217 172 192 173 253 111 161 109 51 127 146 219 145 182 54 166 121 183 31 70 270 145 172 216 101 159 173 213 221 123 146 203 123 226 46 206 236 142 238 101 159 195 121 195 217 235 233 89 140 195 192 153 182 163 153 183 190 243 53 112 158 190 63 181 224 216 160 235 109 83 259 118 175 170 140 173 195 100 201 137 207 214 235 172 139 204 114 162 161 179 175 84 255 165 104 233 125 191 74 244 44 248 123 155 71 221 191 89 98 223 90 123 177 179 113 184 210 122 233 76 185 93 157 123 119 149 146 206 89 217 77 204 56 173 141 251 125 283 171 124 172 269 167 34 208 199 99 145 166 194 148 237 224 260 223 228 113 174 142 164 201 176 229 42 151 214 191 
65 106 124 67 72 154 183 176 178 225 175 171 196 143 254 247 198 122 224 272 260 258 78 151 88 265 259 266 251 255 190 158 142 219 168 194 204 247 185 281 160 126 152 252 216 193 165 300 109 193 139 133 212 201 215 133 141 98 224 233 323 129 189 207 239 178 226 160 277 161 164 154 111 178 159 134 145 184 194 220 256 160 115 240 204 119 226 143 174 209 119 133 275 238 192 167 157 269 139 190 207 171 133 270 224 184 263 241 188 266 133 212 147 187 270 261 244 198 246 218 270 108 187 142 190 263 236 212 244 77 241 192 73 251 221 261 231 205 287 95 203 226 151 147 128 135 82 188 231 182 213 123 223 178 116 280 178 200 89 271 224 292 133 201 121 245 221 117 269 216 80 199 162 147 95 228 249 139 105 296 145 209 131 174 247 250 223 204 134 90 149 220 157 162 159 147 175 169 241 306 157 88 283 253 258 90 241 200 238 224 240 187 229 283 160 173 188 178 137 190 211 107 201 182 266 137 81 227 200 218 113 169 219 242 252 265 138 140 257 240 66 314 238 257 124 196 135 258 100 105 106 269 179 220 176 238 310 269 223 227 101 224 149 266 112 213 143 155 164 150 88 236 257 238 170 104 203 138 234 74 271 206 167 249 220 253 198 179 172 148 186 220 208 190 166 197 153 125 244 225 271 152 149 221 187 157 210 153 201 90 92 0 198 214 213 252 231 218 250 190 240 253 182 266 134 221 190 236 232 132 127 244 269 255 210 230 211 291 149 199 147 89 165 184 257 183 220 92 204 159 221 69 108 308 183 210 254 139 197 211 251 259 161 184 241 161 264 84 244 274 180 276 139 197 233 159 233 255 273 271 127 178 233 230 191 220 201 191 221 228 281 91 150 196 228 101 219 262 254 198 273 147 121 297 156 213 208 178 211 233 138 239 175 245 252 273 210 177 242 152 200 199 217 213 122 293 203 142 271 163 229 112 282 82 286 161 193 109 259 229 127 136 261 128 161 215 217 151 222 248 160 271 114 223 131 195 161 157 187 184 244 127 255 115 242 94 211 179 289 163 321 209 162 210 307 205 72 246 237 137 183 204 232 186 275 262 298 261 266 151 212 180 202 239 214 267 80 189 252 229 
133 174 188 131 140 44 73 66 68 115 65 61 86 211 144 137 88 186 114 162 150 148 146 219 156 155 149 156 141 145 254 226 210 283 236 84 272 137 253 171 50 194 220 142 106 83 229 190 177 83 207 201 102 91 105 201 205 166 114 123 213 197 79 97 129 68 116 228 167 51 228 222 179 246 227 198 213 74 84 110 146 228 183 130 272 187 116 207 238 99 187 197 165 128 82 231 221 159 207 80 97 239 201 160 114 252 153 131 78 156 197 102 215 77 160 151 134 88 136 108 160 176 77 206 80 153 126 102 134 141 131 82 137 141 285 151 121 95 177 163 93 116 219 211 196 199 146 78 121 246 277 191 113 246 184 170 68 268 157 161 114 182 197 91 185 135 111 185 159 106 148 89 226 211 163 118 139 203 173 186 209 99 195 238 137 140 113 94 202 154 213 110 221 226 49 211 239 233 131 196 221 156 173 143 148 154 131 90 128 114 130 77 119 173 228 241 78 246 201 80 101 175 91 72 156 201 149 117 90 282 181 233 109 132 142 155 206 208 147 130 134 204 128 147 192 86 199 148 164 169 174 159 69 110 66 128 200 159 113 117 169 114 213 156 180 103 211 223 54 218 156 126 147 128 234 172 93 206 124 142 161 96 231 139 110 143 88 69 62 216 76 110 98 80 56 87 217 193 134 115 161 220 213 111 255 47 100 217 265 158 160 198 0 104 277 142 121 108 140 80 130 143 72 156 202 111 80 126 122 200 195 134 159 145 100 120 275 181 213 89 215 157 233 252 147 73 110 160 94 49 111 137 176 198 73 100 144 203 265 101 141 149 229 252 131 229 154 152 134 164 70 166 207 265 123 223 123 145 163 161 191 68 123 120 81 110 91 81 111 118 171 159 218 86 118 169 109 152 144 88 163 215 189 187 220 277 98 68 101 123 202 129 239 135 142 163 100 67 132 220 90 89 107 103 190 183 93 206 161 227 119 180 172 150 176 229 83 177 149 119 195 200 151 196 225 105 107 219 112 138 224 161 182 287 195 85 229 47 77 248 134 195 145 183 132 162 101 69 179 53 211 99 230 100 197 95 136 136 127 205 73 94 122 250 165 152 188 151 156 219 102 248 92 129 104 157 148 79 142 119 
149 190 204 147 156 60 31 46 38 107 47 43 99 227 126 119 104 202 84 120 132 130 162 235 172 147 141 138 133 127 270 242 226 299 252 42 288 119 269 184 66 210 236 134 76 63 245 182 193 99 223 217 115 49 87 217 221 182 96 81 205 213 95 113 111 48 86 244 159 67 244 238 195 262 243 214 229 44 66 126 138 244 199 88 288 203 98 223 254 112 203 213 157 120 52 247 237 139 223 96 79 255 217 152 96 268 145 101 36 114 213 84 231 59 152 133 114 68 152 88 130 192 93 222 62 166 106 118 92 157 123 98 153 154 301 133 137 75 190 179 75 132 235 227 212 215 162 60 137 262 293 207 83 262 200 183 48 284 173 153 96 195 213 71 201 117 124 201 141 88 164 71 242 227 179 100 119 219 189 178 225 115 211 254 95 153 129 76 218 170 229 90 237 242 65 227 255 249 101 188 237 172 186 125 128 170 101 48 98 130 88 59 111 165 244 257 36 262 217 62 81 191 49 52 136 217 165 130 106 298 197 249 67 145 112 137 222 224 139 112 150 196 110 129 208 56 215 106 180 185 190 129 51 90 48 120 192 151 93 97 185 72 229 136 196 83 227 239 70 234 172 108 160 144 250 188 109 222 137 158 174 109 247 119 123 123 70 49 44 232 34 92 80 50 72 57 233 209 116 97 141 236 229 127 271 63 82 233 281 174 176 214 104 0 293 124 113 88 122 38 146 156 42 136 218 124 62 106 104 216 211 92 141 103 116 100 291 194 229 71 231 173 249 268 127 55 68 176 76 65 81 153 192 190 43 70 102 219 281 59 123 129 245 268 101 245 136 168 147 144 50 179 223 281 93 239 81 137 176 131 207 48 105 102 61 126 104 61 81 76 184 175 234 68 100 185 91 165 157 101 155 231 205 179 236 293 80 50 59 105 218 111 255 151 155 143 113 47 102 236 60 105 123 73 206 175 109 222 153 243 101 196 164 166 168 245 99 193 131 89 211 216 131 212 241 118 65 235 92 120 240 119 198 303 211 67 245 63 59 264 147 211 127 199 114 178 117 39 171 69 203 79 246 80 189 77 152 94 97 221 55 64 114 266 145 110 180 109 136 235 118 264 108 109 117 127 164 95 124 101 
148 137 89 146 151 233 262 255 257 304 254 250 275 226 333 326 277 201 303 351 339 337 161 182 167 344 338 345 330 334 155 241 221 184 199 273 235 326 216 360 239 157 183 331 295 272 244 379 188 272 218 216 291 280 294 212 220 181 303 312 402 212 268 286 318 257 305 243 356 240 243 185 194 209 238 99 224 263 273 299 335 239 198 319 235 150 305 222 139 288 198 212 354 317 271 132 122 348 222 269 286 250 164 349 303 215 342 320 267 345 212 291 230 266 349 340 323 277 325 297 349 139 266 107 269 342 315 291 323 156 320 271 152 330 186 340 310 284 366 174 282 305 230 226 159 214 161 267 310 147 178 154 302 209 195 359 257 231 172 350 303 371 212 280 200 324 300 148 348 295 159 278 241 226 178 307 328 218 184 375 110 288 210 139 326 329 302 283 217 169 114 299 236 127 238 112 140 134 320 385 122 171 362 332 337 169 320 279 317 303 319 266 308 362 239 204 267 209 216 269 290 186 280 261 345 102 160 306 279 183 144 134 298 321 331 344 221 171 336 319 149 393 317 336 203 275 100 337 179 184 185 348 258 299 255 317 389 348 302 306 180 303 228 345 195 292 174 234 243 233 167 315 336 317 135 187 282 221 313 157 350 285 132 328 299 332 277 258 251 179 265 299 287 269 245 276 232 156 323 304 350 235 228 300 218 236 289 118 166 173 175 213 277 293 0 331 310 297 329 269 319 332 261 345 165 300 269 315 311 163 210 323 348 334 289 309 176 370 228 278 178 172 196 215 336 262 299 175 283 238 300 152 139 387 262 289 333 104 228 290 330 338 240 215 320 192 343 163 323 353 259 355 218 228 312 238 312 334 352 350 206 257 312 309 270 299 280 270 300 307 360 174 229 275 307 184 298 341 333 277 352 178 152 376 121 178 287 257 290 312 103 318 140 324 331 352 289 256 321 235 279 278 296 292 153 372 282 221 350 128 308 143 361 165 365 240 272 192 338 308 210 215 340 207 126 294 296 234 301 327 125 350 193 188 96 274 244 236 266 149 323 210 334 198 321 177 290 258 368 242 400 288 241 289 386 284 151 325 316 216 262 283 311 151 354 341 377 340 345 230 291 211 281 318 293 346 159 268 331 308 
187 228 242 185 194 98 93 108 100 169 109 81 140 265 188 157 142 240 146 182 170 192 200 273 210 209 203 176 195 189 308 280 264 337 290 104 326 157 307 225 104 248 274 196 138 125 283 244 231 137 261 255 156 111 125 255 259 220 134 143 267 251 133 151 149 110 148 282 221 105 282 276 233 300 281 252 267 106 104 164 200 282 237 150 326 241 160 261 292 153 241 251 219 182 114 285 275 201 261 134 141 293 255 214 134 306 207 163 98 176 251 122 269 121 214 171 176 130 190 150 192 230 131 260 100 207 168 156 154 195 185 136 191 195 339 171 175 137 231 217 137 170 273 265 250 253 200 122 175 300 331 245 145 300 238 224 110 322 211 215 134 236 251 133 239 155 165 239 179 126 202 109 280 265 217 138 181 257 227 240 263 153 249 292 157 194 167 138 256 208 267 152 275 280 103 265 293 287 163 250 275 210 227 187 190 208 163 110 160 168 150 121 173 227 282 295 98 300 255 124 143 229 111 114 198 255 203 171 144 336 235 287 129 186 174 199 260 262 201 150 188 258 148 167 246 118 253 168 218 223 228 191 113 152 110 182 254 213 155 159 223 134 267 198 234 145 265 277 108 272 210 146 201 182 288 226 147 260 178 196 215 150 285 181 164 185 108 111 82 270 96 154 142 112 110 119 271 247 154 135 203 274 267 165 309 101 144 271 319 212 214 252 142 124 331 0 175 150 160 100 184 197 104 198 256 165 100 168 166 254 249 154 203 165 154 162 329 235 267 109 269 211 287 306 189 117 130 214 114 103 143 191 230 252 105 132 164 257 319 121 161 191 283 306 163 283 198 206 188 206 112 220 261 319 155 277 143 199 217 193 245 110 143 164 123 164 145 123 143 138 225 213 272 130 162 223 129 206 198 142 217 269 243 241 274 331 142 112 121 143 256 173 293 189 196 205 154 109 164 274 122 143 161 135 244 237 147 260 215 281 163 234 226 204 230 283 137 231 169 151 249 254 193 250 279 159 127 273 154 158 278 181 236 341 249 105 283 101 121 302 188 249 165 237 152 216 155 101 233 107 265 141 284 142 251 139 190 156 159 259 117 126 176 304 207 172 242 171 198 273 156 302 146 171 158 189 202 133 162 163 
166 207 221 164 173 77 82 97 89 6 98 94 119 244 177 170 121 219 135 171 183 181 179 252 189 46 40 189 32 178 287 259 243 316 269 93 305 170 286 204 83 227 253 33 127 114 262 81 210 116 240 234 135 100 138 234 238 199 147 132 104 230 112 130 162 99 137 261 58 84 261 255 212 279 260 231 246 95 117 143 37 261 216 139 305 220 149 240 271 132 220 230 56 19 103 264 254 190 240 113 130 272 234 51 147 285 44 152 87 165 230 135 248 110 51 184 165 119 169 139 181 209 110 239 113 186 157 135 143 174 22 115 170 174 318 184 154 126 210 196 126 149 252 244 229 232 179 111 154 279 310 224 134 279 217 203 99 301 190 52 147 215 230 122 218 168 144 218 192 139 181 122 259 244 196 151 170 236 206 77 242 132 228 271 146 173 146 127 235 187 246 141 254 259 82 244 272 266 152 87 254 189 206 176 179 187 152 99 149 147 139 110 10 64 261 274 87 279 234 113 132 208 100 103 187 234 182 150 123 315 214 266 118 165 163 188 239 241 38 163 167 95 161 180 225 107 232 157 197 202 207 180 102 141 99 19 91 50 144 148 202 123 246 187 213 134 244 256 87 251 189 159 180 161 267 205 126 239 157 175 194 129 264 170 143 174 121 100 95 249 85 143 131 101 89 108 250 226 167 148 192 253 246 144 288 80 133 250 298 191 193 231 121 113 310 175 0 139 173 89 163 176 93 187 235 144 113 157 155 233 228 143 192 154 133 151 308 214 246 122 248 190 266 285 178 106 119 193 127 82 132 170 209 89 94 121 153 236 298 110 174 180 262 285 152 262 187 185 167 195 101 199 240 298 144 256 132 36 196 182 224 99 156 153 112 143 124 112 132 127 204 192 251 119 151 202 142 185 177 121 54 248 222 78 253 310 131 101 110 156 235 162 272 168 175 194 133 98 153 253 111 122 140 124 223 74 126 239 52 260 152 213 63 183 67 262 116 210 182 140 228 233 182 229 258 138 116 252 143 171 257 170 215 320 228 118 262 80 110 281 167 228 178 216 165 195 134 90 70 86 102 130 263 131 88 128 169 145 148 238 106 115 13 283 196 161 79 160 187 252 135 281 125 160 137 178 181 112 175 152 
153 194 208 151 160 64 57 42 50 133 43 69 106 231 122 145 108 206 96 146 158 126 166 239 176 173 167 164 159 123 274 246 230 303 256 68 292 145 273 191 70 214 240 160 88 59 249 208 197 103 227 221 122 75 113 221 225 186 122 107 231 217 99 117 137 44 98 248 185 71 248 242 199 266 247 218 233 56 92 130 164 248 203 114 292 207 94 227 258 119 207 217 183 146 64 251 241 135 227 100 75 259 221 178 122 272 171 113 62 140 217 110 235 55 178 159 110 64 156 84 142 196 97 226 88 173 102 122 118 161 149 102 157 161 305 159 141 71 197 183 71 136 239 231 216 219 166 56 141 266 297 211 95 266 204 190 44 288 177 179 122 202 217 67 205 143 131 205 167 114 168 97 246 231 183 126 115 223 193 204 229 119 215 258 121 160 133 72 222 174 233 86 241 246 69 231 259 253 113 214 241 176 193 121 124 174 113 74 110 134 114 55 137 191 248 261 62 266 221 58 77 195 75 48 132 221 169 137 110 302 201 253 93 152 124 133 226 228 165 138 154 222 136 155 212 68 219 132 184 189 194 141 47 86 44 146 218 177 89 93 189 98 233 132 200 79 231 243 74 238 176 134 167 148 254 192 113 226 144 162 181 116 251 115 130 119 96 45 70 236 60 88 76 62 76 69 237 213 142 123 137 240 233 131 275 67 78 237 285 178 180 218 108 88 297 150 139 0 148 64 150 163 54 132 222 131 88 102 100 220 215 118 137 129 120 96 295 201 233 97 235 177 253 272 123 51 94 180 102 69 93 157 196 216 55 82 128 223 285 85 149 125 249 272 113 249 132 172 154 140 46 186 227 285 105 243 107 163 183 143 211 44 131 98 57 130 111 57 93 102 191 179 238 64 96 189 117 172 164 108 181 235 209 205 240 297 76 46 85 131 222 107 259 155 162 139 120 43 114 240 72 109 127 85 210 201 113 226 179 247 97 200 190 170 194 249 103 197 157 101 215 220 127 216 245 125 91 239 88 146 244 145 202 307 215 93 249 67 55 268 154 215 153 203 140 182 121 51 197 73 229 75 250 76 215 73 156 120 109 225 51 76 140 270 141 136 206 135 132 239 122 268 112 105 124 139 168 99 150 97 
185 226 240 183 192 96 91 106 98 167 107 79 138 263 186 155 140 238 144 180 168 190 198 271 208 207 201 174 193 187 306 278 262 335 288 102 324 155 305 223 102 246 272 194 136 123 281 242 229 135 259 253 154 109 123 253 257 218 132 141 265 249 131 149 147 108 146 280 219 103 280 274 231 298 279 250 265 104 102 162 198 280 235 148 324 239 158 259 290 151 239 249 217 180 112 283 273 199 259 132 139 291 253 212 132 304 205 161 96 174 249 120 267 119 212 169 174 128 188 148 190 228 129 258 98 205 166 154 152 193 183 134 189 193 337 169 173 135 229 215 135 168 271 263 248 251 198 120 173 298 329 243 143 298 236 222 108 320 209 213 132 234 249 131 237 153 163 237 177 124 200 107 278 263 215 136 179 255 225 238 261 151 247 290 155 192 165 136 254 206 265 150 273 278 101 263 291 285 161 248 273 208 225 185 188 206 161 108 158 166 148 119 171 225 280 293 96 298 253 122 141 227 109 112 196 253 201 169 142 334 233 285 127 184 172 197 258 260 199 148 186 256 146 165 244 116 251 166 216 221 226 189 111 150 108 180 252 211 153 157 221 132 265 196 232 143 263 275 106 270 208 144 199 180 286 224 145 258 176 194 213 148 283 179 162 183 106 109 80 268 94 152 140 110 108 117 269 245 152 133 201 272 265 163 307 99 142 269 317 210 212 250 140 122 329 160 173 148 0 98 182 195 102 196 254 163 98 166 164 252 247 152 201 163 152 160 327 233 265 107 267 209 285 304 187 115 128 212 112 101 141 189 228 250 103 130 162 255 317 119 159 189 281 304 161 281 196 204 186 204 110 218 259 317 153 275 141 197 215 191 243 108 141 162 121 162 143 121 141 136 223 211 270 128 160 221 127 204 196 140 215 267 241 239 272 329 140 110 119 141 254 171 291 187 194 203 152 107 162 272 120 141 159 133 242 235 145 258 213 279 161 232 224 202 228 281 135 229 167 149 247 252 191 248 277 157 125 271 152 156 276 179 234 339 247 103 281 99 119 300 186 247 163 235 150 214 153 99 231 105 263 139 282 140 249 137 188 154 157 257 115 124 174 302 205 170 240 169 196 271 154 300 144 169 156 187 200 131 160 161 
125 166 180 123 132 36 7 22 14 83 23 19 75 203 102 95 80 178 60 96 108 106 138 211 148 123 117 114 109 103 246 218 202 275 228 18 264 95 245 160 42 186 212 110 52 39 221 158 169 75 199 193 91 25 63 193 197 158 72 57 181 189 71 89 87 24 62 220 135 43 220 214 171 238 219 190 205 20 42 102 114 220 175 64 264 179 74 199 230 88 179 189 133 96 28 223 213 115 199 72 55 231 193 128 72 244 121 77 12 90 189 60 207 35 128 109 90 44 128 64 106 168 69 198 38 142 82 94 68 133 99 74 129 130 277 109 113 51 166 155 51 108 211 203 188 191 138 36 113 238 269 183 59 238 176 159 24 260 149 129 72 171 189 47 177 93 100 177 117 64 140 47 218 203 155 76 95 195 165 154 201 91 187 230 71 129 105 52 194 146 205 66 213 218 41 203 231 225 77 164 213 148 162 101 104 146 77 24 74 106 64 35 87 141 220 233 12 238 193 38 57 167 25 28 112 193 141 106 82 274 173 225 43 121 88 113 198 200 115 88 126 172 86 105 184 32 191 82 156 161 166 105 27 66 24 96 168 127 69 73 161 48 205 112 172 59 203 215 46 210 148 84 136 120 226 164 85 198 113 134 150 85 223 95 99 99 46 25 20 208 10 68 56 26 48 33 209 185 92 73 117 212 205 103 247 39 58 209 257 150 152 190 80 38 269 100 89 64 98 0 122 132 18 112 194 100 38 82 80 192 187 68 117 79 92 76 267 170 205 47 207 149 225 244 103 31 44 152 52 41 57 129 168 166 19 46 78 195 257 35 99 105 221 244 77 221 112 144 123 120 26 155 199 257 69 215 57 113 152 107 183 24 81 78 37 102 80 37 57 52 160 151 210 44 76 161 67 141 133 77 131 207 181 155 212 269 56 26 35 81 194 87 231 127 131 119 89 23 78 212 36 81 99 49 182 151 85 198 129 219 77 172 140 142 144 221 75 169 107 65 187 192 107 188 217 94 41 211 68 96 216 95 174 279 187 43 221 39 35 240 123 187 103 175 90 154 93 15 147 45 179 55 222 56 165 53 128 70 73 197 31 40 90 242 121 86 156 85 112 211 94 240 84 85 93 103 140 71 100 77 
175 216 230 173 182 86 115 108 110 157 107 103 128 253 186 179 130 228 156 204 192 190 188 261 198 197 191 198 183 187 296 268 252 325 278 126 314 179 295 213 92 236 262 184 148 125 271 232 219 125 249 243 144 133 147 243 247 208 156 165 255 239 121 139 171 110 158 270 209 93 270 264 221 288 269 240 255 116 126 152 188 270 225 172 314 229 158 249 280 141 229 239 207 170 124 273 263 201 249 122 139 281 243 202 156 294 195 173 120 198 239 144 257 119 202 193 176 130 178 150 202 218 119 248 122 195 168 144 176 183 173 124 179 183 327 193 163 137 219 205 135 158 261 253 238 241 188 120 163 288 319 233 155 288 226 212 110 310 199 203 156 224 239 133 227 177 153 227 201 148 190 131 268 253 205 160 181 245 215 228 251 141 237 280 179 182 155 136 244 196 255 152 263 268 91 253 281 275 173 238 263 198 215 185 190 196 173 132 170 156 172 119 161 215 270 283 120 288 243 122 143 217 133 114 198 243 191 159 132 324 223 275 151 174 184 197 248 250 189 172 176 246 170 189 234 128 241 190 206 211 216 201 111 152 108 170 242 201 155 159 211 156 255 198 222 145 253 265 96 260 198 168 189 170 276 214 135 248 166 184 203 138 273 181 152 185 130 111 104 258 118 152 140 122 98 129 259 235 176 157 203 262 255 153 297 89 142 259 307 200 202 240 130 146 319 184 163 150 182 122 0 185 114 198 244 153 122 168 164 242 237 176 201 187 142 162 317 223 255 131 257 199 275 294 189 115 152 202 136 91 153 179 218 240 115 142 186 245 307 143 183 191 271 294 173 271 196 194 176 206 112 208 249 307 165 265 165 187 205 203 233 110 165 162 123 152 133 123 153 160 213 201 260 128 160 211 151 194 186 130 205 257 231 229 262 319 140 110 143 165 244 171 281 177 184 205 142 109 174 262 132 131 149 145 232 225 135 248 203 269 161 222 214 192 218 271 125 219 191 161 237 242 193 238 267 147 149 261 154 180 266 203 224 329 237 127 271 89 119 290 176 237 187 225 174 204 143 111 221 95 253 141 272 142 239 137 178 178 169 247 115 136 164 292 207 194 230 193 198 261 144 290 134 171 146 199 190 121 184 161 
188 229 243 186 195 99 125 121 123 170 120 116 57 266 199 192 143 241 169 214 205 203 201 274 211 210 204 211 196 200 309 281 265 338 291 136 327 192 308 142 105 249 275 197 161 138 284 245 232 138 262 256 73 143 160 256 260 221 169 175 268 252 134 152 184 123 171 283 222 106 283 277 234 301 282 253 268 129 139 165 201 283 238 182 327 242 171 262 293 70 242 252 220 183 137 286 276 214 262 135 152 294 256 215 169 307 208 186 130 208 252 157 270 132 215 206 189 143 191 163 215 231 132 261 135 124 181 157 186 196 186 137 192 112 340 206 176 150 148 218 148 171 274 266 251 254 201 133 176 301 332 246 168 301 239 141 123 323 212 216 169 153 252 146 240 190 82 240 214 161 203 144 281 266 218 173 194 258 228 241 264 154 250 293 189 111 168 149 257 209 268 165 276 281 104 266 294 288 186 251 276 211 144 198 203 209 186 142 183 169 182 132 174 228 283 296 130 301 256 135 156 230 143 127 211 256 204 88 145 337 236 288 161 103 197 210 261 263 202 185 189 259 183 202 247 141 254 200 219 224 229 214 124 165 121 183 255 214 168 172 224 166 268 211 235 158 266 278 109 273 211 181 118 183 289 227 148 261 95 197 132 67 286 194 81 198 143 124 117 271 128 165 153 135 111 142 272 248 189 170 216 275 268 166 310 102 155 272 320 213 215 253 143 156 332 197 176 163 195 132 185 0 127 211 257 82 135 181 177 255 250 186 214 197 155 175 330 152 268 144 270 212 288 307 202 128 162 215 149 104 166 192 231 253 128 155 196 258 320 153 196 204 284 307 186 284 209 207 105 219 125 137 262 320 178 278 175 200 134 216 246 123 178 175 136 165 62 136 166 170 142 214 273 141 173 224 164 123 115 59 218 270 244 242 275 332 153 123 153 178 257 184 294 190 113 218 71 122 187 275 145 144 162 158 245 238 148 261 216 282 174 235 227 205 231 284 138 232 204 174 250 255 206 251 280 76 159 274 167 193 279 213 237 342 250 140 284 102 132 303 105 250 200 238 187 217 156 124 234 108 266 154 285 155 252 150 191 188 182 260 128 149 177 305 220 204 243 203 211 274 157 303 147 184 75 212 203 134 197 174 
117 158 172 115 124 28 11 12 4 87 13 23 70 195 92 99 72 170 50 100 112 96 130 203 140 127 121 118 113 93 238 210 194 267 220 22 256 99 237 155 34 178 204 114 42 29 213 162 161 67 191 185 86 29 67 185 189 150 76 61 185 181 63 81 91 14 52 212 139 35 212 206 163 230 211 182 197 10 46 94 118 212 167 68 256 171 64 191 222 83 171 181 137 100 18 215 205 105 191 64 45 223 185 132 76 236 125 67 16 94 181 64 199 25 132 113 80 34 120 54 96 160 61 190 42 137 72 86 72 125 103 66 121 125 269 113 105 41 161 147 41 100 203 195 180 183 130 26 105 230 261 175 49 230 168 154 14 252 141 133 76 166 181 37 169 97 95 169 121 68 132 51 210 195 147 80 85 187 157 158 193 83 179 222 75 124 97 42 186 138 197 56 205 210 33 195 223 217 67 168 205 140 157 91 94 138 67 28 64 98 68 25 91 145 212 225 16 230 185 28 47 159 29 18 102 185 133 101 74 266 165 217 47 116 78 103 190 192 119 92 118 176 90 109 176 22 183 86 148 153 158 95 17 56 14 100 172 131 59 63 153 52 197 102 164 49 195 207 38 202 140 88 131 112 218 156 77 190 108 126 145 80 215 85 94 89 50 15 24 200 14 58 46 16 40 23 201 177 96 77 107 204 197 95 239 31 48 201 249 142 144 182 72 42 261 104 93 54 102 18 114 127 0 102 186 95 42 72 70 184 179 72 107 83 84 66 259 165 197 51 199 141 217 236 93 21 48 144 56 33 47 121 160 170 9 36 82 187 249 39 103 95 213 236 67 213 102 136 118 110 16 150 191 249 59 207 61 117 147 97 175 14 85 68 27 94 75 27 47 56 155 143 202 34 66 153 71 136 128 72 135 199 173 159 204 261 46 16 39 85 186 77 223 119 126 109 84 13 68 204 26 73 91 39 174 155 77 190 133 211 67 164 144 134 148 213 67 161 111 55 179 184 97 180 209 89 45 203 58 100 208 99 166 271 179 47 213 31 25 232 118 179 107 167 94 146 85 5 151 37 183 45 214 46 169 43 120 74 63 189 21 30 94 234 111 90 160 89 102 203 86 232 76 75 88 93 132 63 104 67 
201 242 256 199 208 112 105 90 98 181 91 117 154 279 170 193 156 254 144 194 206 174 214 287 224 221 215 212 207 171 322 294 278 351 304 116 340 193 321 239 118 262 288 208 136 107 297 256 245 151 275 269 170 123 161 269 273 234 170 155 279 265 147 165 185 92 146 296 233 119 296 290 247 314 295 266 281 104 140 178 212 296 251 162 340 255 142 275 306 167 255 265 231 194 112 299 289 183 275 148 123 307 269 226 170 320 219 161 110 188 265 158 283 103 226 207 158 112 204 132 190 244 145 274 136 221 150 170 166 209 197 150 205 209 353 207 189 119 245 231 119 184 287 279 264 267 214 104 189 314 345 259 143 314 252 238 92 336 225 227 170 250 265 115 253 191 179 253 215 162 216 145 294 279 231 174 163 271 241 252 277 167 263 306 169 208 181 120 270 222 281 134 289 294 117 279 307 301 161 262 289 224 241 169 172 222 161 122 158 182 162 103 185 239 296 309 110 314 269 106 125 243 123 96 180 269 217 185 158 350 249 301 141 200 172 181 274 276 213 186 202 270 184 203 260 116 267 180 232 237 242 189 95 134 92 194 266 225 137 141 237 146 281 180 248 127 279 291 122 286 224 182 215 196 302 240 161 274 192 210 229 164 299 163 178 167 144 93 118 284 108 136 124 110 124 117 285 261 190 171 185 288 281 179 323 115 126 285 333 226 228 266 156 136 345 198 187 132 196 112 198 211 102 0 270 179 136 150 148 268 263 166 185 177 168 144 343 249 281 145 283 225 301 320 171 99 142 228 150 117 141 205 244 264 103 130 176 271 333 133 197 173 297 320 161 297 180 220 202 188 94 234 275 333 153 291 155 211 231 191 259 92 179 146 105 178 159 105 141 150 239 227 286 112 144 237 165 220 212 156 229 283 257 253 288 345 124 94 133 179 270 155 307 203 210 187 168 91 162 288 120 157 175 133 258 249 161 274 227 295 145 248 238 218 242 297 151 245 205 149 263 268 175 264 293 173 139 287 136 194 292 193 250 355 263 141 297 115 103 316 202 263 201 251 188 230 169 99 245 121 277 123 298 124 263 121 204 168 157 273 99 124 188 318 189 184 254 183 180 287 170 316 160 153 172 187 216 147 198 145 
69 28 76 71 62 158 187 180 182 229 179 175 200 147 258 251 202 126 228 276 264 262 82 73 78 269 263 270 255 259 142 162 132 171 90 198 126 251 107 285 164 48 74 256 220 197 169 304 99 197 129 137 216 205 219 123 145 102 228 237 327 133 193 211 243 182 230 164 281 165 168 76 115 100 149 86 135 188 198 224 260 150 119 244 126 41 230 147 126 213 109 137 279 242 196 119 109 273 143 194 211 161 55 274 228 106 267 245 192 270 137 216 151 191 274 265 248 202 250 222 274 30 191 94 194 267 240 216 248 81 245 196 77 255 173 265 235 209 291 85 207 230 141 151 50 139 86 192 235 134 165 45 227 100 106 284 182 122 93 275 228 296 137 205 125 249 225 39 273 220 70 203 166 151 99 232 253 143 95 300 97 213 135 126 251 254 227 208 138 94 101 224 161 114 163 99 127 121 245 310 109 92 287 257 262 94 245 204 242 228 244 191 233 287 150 95 192 100 141 194 215 97 205 186 270 89 71 231 204 170 35 121 223 246 256 269 142 62 261 244 70 318 242 261 114 200 87 262 104 109 96 273 183 224 180 242 314 273 227 231 91 228 153 270 116 217 65 145 168 154 78 240 261 242 122 108 207 142 238 78 275 210 119 253 224 257 202 183 176 70 190 224 212 194 170 201 157 47 248 229 275 156 153 225 109 161 214 105 153 94 96 134 202 218 165 256 235 222 254 194 244 257 186 270 0 225 194 240 236 54 131 248 273 259 214 234 163 295 153 203 69 93 87 106 261 187 224 96 208 163 225 73 30 312 187 214 258 91 119 215 255 263 151 106 245 83 268 74 248 278 184 280 129 119 237 163 237 259 277 275 131 182 237 234 195 224 205 195 225 232 285 95 140 200 232 105 223 266 258 202 277 69 43 301 108 165 212 182 215 237 90 243 127 249 256 277 214 181 246 156 204 203 221 217 44 297 207 146 275 115 233 34 286 86 290 151 197 113 263 233 131 140 265 118 113 219 221 155 226 252 112 275 104 175 83 199 165 161 191 136 248 131 259 119 246 98 215 183 293 167 325 213 152 214 311 209 76 250 241 127 187 208 236 138 279 266 302 265 270 141 216 102 206 243 218 271 70 193 256 233 
156 197 211 154 163 67 93 89 91 138 88 84 25 234 167 160 111 209 137 182 173 171 169 242 179 178 172 179 164 168 277 249 233 306 259 104 295 160 276 110 73 217 243 165 129 106 252 213 200 106 230 224 41 111 128 224 228 189 137 143 236 220 102 120 152 91 139 251 190 74 251 245 202 269 250 221 236 97 107 133 169 251 206 150 295 210 139 230 261 38 210 220 188 151 105 254 244 182 230 103 120 262 224 183 137 275 176 154 98 176 220 125 238 100 183 174 157 111 159 131 183 199 100 229 103 92 149 125 154 164 154 105 160 80 308 174 144 118 116 186 116 139 242 234 219 222 169 101 144 269 300 214 136 269 207 109 91 291 180 184 137 121 220 114 208 158 50 208 182 129 171 112 249 234 186 141 162 226 196 209 232 122 218 261 157 79 136 117 225 177 236 133 244 249 72 234 262 256 154 219 244 179 112 166 171 177 154 110 151 137 150 100 142 196 251 264 98 269 224 103 124 198 111 95 179 224 172 56 113 305 204 256 129 71 165 178 229 231 170 153 157 227 151 170 215 109 222 168 187 192 197 182 92 133 89 151 223 182 136 140 192 134 236 179 203 126 234 246 77 241 179 149 86 151 257 195 116 229 63 165 100 35 254 162 49 166 111 92 85 239 96 133 121 103 79 110 240 216 157 138 184 243 236 134 278 70 123 240 288 181 183 221 111 124 300 165 144 131 163 100 153 82 95 179 225 0 103 149 145 223 218 154 182 165 123 143 298 120 236 112 238 180 256 275 170 96 130 183 117 72 134 160 199 221 96 123 164 226 288 121 164 172 252 275 154 252 177 175 73 187 93 105 230 288 146 246 143 168 102 184 214 91 146 143 104 133 30 104 134 138 110 182 241 109 141 192 132 91 83 27 186 238 212 210 243 300 121 91 121 146 225 152 262 158 81 186 39 90 155 243 113 112 130 126 213 206 116 229 184 250 142 203 195 173 199 252 106 200 172 142 218 223 174 219 248 44 127 242 135 161 247 181 205 310 218 108 252 70 100 271 73 218 168 206 155 185 124 92 202 76 234 122 253 123 220 118 159 156 150 228 96 117 145 273 188 172 211 171 179 242 125 271 115 152 43 180 171 102 165 142 
125 166 180 123 132 36 31 46 38 107 47 19 78 203 126 95 80 178 84 120 108 130 138 211 148 147 141 114 133 127 246 218 202 275 228 42 264 95 245 163 42 186 212 134 76 63 221 182 169 75 199 193 94 49 63 193 197 158 72 81 205 189 71 89 87 48 86 220 159 43 220 214 171 238 219 190 205 44 42 102 138 220 175 88 264 179 98 199 230 91 179 189 157 120 52 223 213 139 199 72 79 231 193 152 72 244 145 101 36 114 189 60 207 59 152 109 114 68 128 88 130 168 69 198 38 145 106 94 92 133 123 74 129 133 277 109 113 75 169 155 75 108 211 203 188 191 138 60 113 238 269 183 83 238 176 162 48 260 149 153 72 174 189 71 177 93 103 177 117 64 140 47 218 203 155 76 119 195 165 178 201 91 187 230 95 132 105 76 194 146 205 90 213 218 41 203 231 225 101 188 213 148 165 125 128 146 101 48 98 106 88 59 111 165 220 233 36 238 193 62 81 167 49 52 136 193 141 109 82 274 173 225 67 124 112 137 198 200 139 88 126 196 86 105 184 56 191 106 156 161 166 129 51 90 48 120 192 151 93 97 161 72 205 136 172 83 203 215 46 210 148 84 139 120 226 164 85 198 116 134 153 88 223 119 102 123 46 49 20 208 34 92 80 50 48 57 209 185 92 73 141 212 205 103 247 39 82 209 257 150 152 190 80 62 269 100 113 88 98 38 122 135 42 136 194 103 0 106 104 192 187 92 141 103 92 100 267 173 205 47 207 149 225 244 127 55 68 152 52 41 81 129 168 190 43 70 102 195 257 59 99 129 221 244 101 221 136 144 126 144 50 158 199 257 93 215 81 137 155 131 183 48 81 102 61 102 83 61 81 76 163 151 210 68 100 161 67 144 136 80 155 207 181 179 212 269 80 50 59 81 194 111 231 127 134 143 92 47 102 212 60 81 99 73 182 175 85 198 153 219 101 172 164 142 168 221 75 169 107 89 187 192 131 188 217 97 65 211 92 96 216 119 174 279 187 43 221 39 59 240 126 187 103 175 90 154 93 39 171 45 203 79 222 80 189 77 128 94 97 197 55 64 114 242 145 110 180 109 136 211 94 240 84 109 96 127 140 71 100 101 
171 212 226 169 178 82 75 60 68 151 61 87 124 249 140 163 126 224 114 164 176 144 184 257 194 191 185 182 177 141 292 264 248 321 274 86 310 163 291 209 88 232 258 178 106 77 267 226 215 121 245 239 140 93 131 239 243 204 140 125 249 235 117 135 155 62 116 266 203 89 266 260 217 284 265 236 251 74 110 148 182 266 221 132 310 225 112 245 276 137 225 235 201 164 82 269 259 153 245 118 93 277 239 196 140 290 189 131 80 158 235 128 253 73 196 177 128 82 174 102 160 214 115 244 106 191 120 140 136 179 167 120 175 179 323 177 159 89 215 201 89 154 257 249 234 237 184 74 159 284 315 229 113 284 222 208 62 306 195 197 140 220 235 85 223 161 149 223 185 132 186 115 264 249 201 144 133 241 211 222 247 137 233 276 139 178 151 90 240 192 251 104 259 264 87 249 277 271 131 232 259 194 211 139 142 192 131 92 128 152 132 73 155 209 266 279 80 284 239 76 95 213 93 66 150 239 187 155 128 320 219 271 111 170 142 151 244 246 183 156 172 240 154 173 230 86 237 150 202 207 212 159 65 104 62 164 236 195 107 111 207 116 251 150 218 97 249 261 92 256 194 152 185 166 272 210 131 244 162 180 199 134 269 133 148 137 114 63 88 254 78 106 94 80 94 87 255 231 160 141 155 258 251 149 293 85 96 255 303 196 198 236 126 106 315 168 157 102 166 82 168 181 72 150 240 149 106 0 118 238 233 136 155 147 138 114 313 219 251 115 253 195 271 290 141 69 112 198 120 87 111 175 214 234 73 100 146 241 303 103 167 143 267 290 131 267 150 190 172 158 64 204 245 303 123 261 125 181 201 161 229 62 149 116 75 148 129 75 111 120 209 197 256 82 114 207 135 190 182 126 199 253 227 223 258 315 94 64 103 149 240 125 277 173 180 157 138 61 132 258 90 127 145 103 228 219 131 244 197 265 115 218 208 188 212 267 121 215 175 119 233 238 145 234 263 143 109 257 106 164 262 163 220 325 233 111 267 85 73 286 172 233 171 221 158 200 139 69 215 91 247 93 268 94 233 91 174 138 127 243 69 94 158 288 159 154 224 153 150 257 140 286 130 123 142 157 186 117 168 115 
167 208 222 165 174 78 73 58 66 149 57 85 120 245 136 161 122 220 112 162 174 140 180 253 190 189 183 180 175 137 288 260 244 317 270 84 306 161 287 205 84 228 254 176 104 75 263 224 211 117 241 235 136 91 129 235 239 200 138 123 247 231 113 131 153 60 114 262 201 85 262 256 213 280 261 232 247 72 108 144 180 262 217 130 306 221 108 241 272 133 221 231 199 162 80 265 255 151 241 114 89 273 235 194 138 286 187 129 78 156 231 126 249 69 194 175 126 80 170 100 158 210 111 240 104 187 118 136 134 175 165 116 171 175 319 175 155 87 211 197 85 150 253 245 230 233 180 70 155 280 311 225 111 280 218 204 60 302 191 195 138 216 231 83 219 159 145 219 183 130 182 113 260 245 197 142 131 237 207 220 243 133 229 272 137 174 147 86 236 188 247 102 255 260 83 245 273 267 129 230 255 190 207 135 140 188 129 90 126 148 130 69 153 207 262 275 78 280 235 72 93 209 91 64 148 235 183 151 124 316 215 267 109 166 140 147 240 242 181 154 168 238 152 171 226 84 233 148 198 203 208 157 61 102 58 162 234 193 105 109 203 114 247 148 214 95 245 257 88 252 190 150 181 162 268 206 127 240 158 176 195 130 265 131 144 135 112 61 86 250 76 102 90 78 90 85 251 227 158 139 153 254 247 145 289 81 92 251 299 192 194 232 122 104 311 166 155 100 164 80 164 177 70 148 236 145 104 118 0 234 229 134 151 145 134 112 309 215 247 113 249 191 267 286 139 65 110 194 118 83 109 171 210 232 71 98 144 237 299 101 165 141 263 286 129 263 146 186 168 156 62 200 241 299 121 257 123 179 197 159 225 60 147 112 73 144 125 73 109 118 205 193 252 78 110 203 133 186 178 122 197 249 223 221 254 311 90 60 101 147 236 121 273 169 176 155 134 59 130 254 88 123 141 101 224 217 127 240 195 261 111 214 206 184 210 263 117 211 173 117 229 234 143 230 259 139 107 253 104 162 258 161 216 321 229 109 263 81 69 282 168 229 169 217 156 196 135 67 213 87 245 91 264 92 231 87 170 136 125 239 65 92 156 284 157 152 222 151 148 253 136 282 126 121 138 155 182 113 166 111 
67 26 74 69 60 156 185 178 180 227 177 173 198 145 256 249 200 124 226 274 262 260 80 71 76 267 261 268 253 257 140 160 130 169 88 196 124 249 105 283 162 46 72 254 218 195 167 302 97 195 127 135 214 203 217 121 143 100 226 235 325 131 191 209 241 180 228 162 279 163 166 74 113 98 147 84 133 186 196 222 258 148 117 242 124 39 228 145 124 211 107 135 277 240 194 117 107 271 141 192 209 159 53 272 226 104 265 243 190 268 135 214 149 189 272 263 246 200 248 220 272 28 189 92 192 265 238 214 246 79 243 194 75 253 171 263 233 207 289 83 205 228 139 149 48 137 84 190 233 132 163 43 225 98 104 282 180 120 91 273 226 294 135 203 123 247 223 37 271 218 68 201 164 149 97 230 251 141 93 298 95 211 133 124 249 252 225 206 136 92 99 222 159 112 161 97 125 119 243 308 107 90 285 255 260 92 243 202 240 226 242 189 231 285 148 93 190 98 139 192 213 95 203 184 268 87 69 229 202 168 33 119 221 244 254 267 140 60 259 242 68 316 240 259 112 198 85 260 102 107 94 271 181 222 178 240 312 271 225 229 89 226 151 268 114 215 63 143 166 152 76 238 259 240 120 106 205 140 236 76 273 208 117 251 222 255 200 181 174 68 188 222 210 192 168 199 155 45 246 227 273 154 151 223 107 159 212 103 151 92 94 132 200 216 163 254 233 220 252 192 242 255 184 268 54 223 192 238 234 0 129 246 271 257 212 232 161 293 151 201 67 91 85 104 259 185 222 94 206 161 223 71 28 310 185 212 256 89 117 213 253 261 149 104 243 81 266 72 246 276 182 278 127 117 235 161 235 257 275 273 129 180 235 232 193 222 203 193 223 230 283 93 138 198 230 103 221 264 256 200 275 67 41 299 106 163 210 180 213 235 88 241 125 247 254 275 212 179 244 154 202 201 219 215 42 295 205 144 273 113 231 32 284 84 288 149 195 111 261 231 129 138 263 116 111 217 219 153 224 250 110 273 102 173 81 197 163 159 189 134 246 129 257 117 244 96 213 181 291 165 323 211 150 212 309 207 74 248 239 125 185 206 234 136 277 264 300 263 268 139 214 100 204 241 216 269 68 191 254 231 
62 103 121 64 69 151 180 173 175 222 172 168 193 140 251 244 195 119 221 269 257 255 75 148 85 262 256 263 248 252 187 155 139 216 165 191 201 244 182 278 157 123 149 249 213 190 162 297 106 190 136 130 209 198 212 130 138 95 221 230 320 126 186 204 236 175 223 157 274 158 161 151 108 175 156 131 142 181 191 217 253 157 112 237 201 116 223 140 171 206 116 130 272 235 189 164 154 266 136 187 204 168 130 267 221 181 260 238 185 263 130 209 144 184 267 258 241 195 243 215 267 105 184 139 187 260 233 209 241 74 238 189 70 248 218 258 228 202 284 92 200 223 148 144 125 132 79 185 228 179 210 120 220 175 113 277 175 197 86 268 221 289 130 198 118 242 218 114 266 213 77 196 159 144 92 225 246 136 102 293 142 206 128 171 244 247 220 201 131 87 146 217 154 159 156 144 172 166 238 303 154 85 280 250 255 87 238 197 235 221 237 184 226 280 157 170 185 175 134 187 208 104 198 179 263 134 78 224 197 215 110 166 216 239 249 262 135 137 254 237 63 311 235 254 121 193 132 255 97 102 103 266 176 217 173 235 307 266 220 224 98 221 146 263 109 210 140 152 161 147 85 233 254 235 167 101 200 135 231 71 268 203 164 246 217 250 195 176 169 145 183 217 205 187 163 194 150 122 241 222 268 149 146 218 184 154 207 150 198 87 89 127 195 211 210 249 228 215 247 187 237 250 179 263 131 218 187 233 229 129 0 241 266 252 207 227 208 288 146 196 144 86 162 181 254 180 217 89 201 156 218 66 105 305 180 207 251 136 194 208 248 256 158 181 238 158 261 81 241 271 177 273 136 194 230 156 230 252 270 268 124 175 230 227 188 217 198 188 218 225 278 88 147 193 225 98 216 259 251 195 270 144 118 294 153 210 205 175 208 230 135 236 172 242 249 270 207 174 239 149 197 196 214 210 119 290 200 139 268 160 226 109 279 79 283 158 190 106 256 226 124 133 258 125 158 212 214 148 219 245 157 268 111 220 128 192 158 154 184 181 241 124 252 112 239 91 208 176 286 160 318 206 159 207 304 202 69 243 234 134 180 201 229 183 272 259 295 258 263 148 209 177 199 236 211 264 77 186 249 226 
179 220 234 177 186 90 61 76 68 137 77 73 129 257 156 149 134 232 114 150 162 160 192 265 202 177 171 168 163 157 300 272 256 329 282 72 318 149 299 214 96 240 266 164 106 93 275 212 223 129 253 247 145 79 117 247 251 212 126 111 235 243 125 143 141 78 116 274 189 97 274 268 225 292 273 244 259 74 96 156 168 274 229 118 318 233 128 253 284 142 233 243 187 150 82 277 267 169 253 126 109 285 247 182 126 298 175 131 66 144 243 114 261 89 182 163 144 98 182 118 160 222 123 252 92 196 136 148 122 187 153 128 183 184 331 163 167 105 220 209 105 162 265 257 242 245 192 90 167 292 323 237 113 292 230 213 78 314 203 183 126 225 243 101 231 147 154 231 171 118 194 101 272 257 209 130 149 249 219 208 255 145 241 284 125 183 159 106 248 200 259 120 267 272 95 257 285 279 131 218 267 202 216 155 158 200 131 78 128 160 118 89 141 195 274 287 66 292 247 92 111 221 79 82 166 247 195 160 136 328 227 279 97 175 142 167 252 254 169 142 180 226 140 159 238 86 245 136 210 215 220 159 81 120 78 150 222 181 123 127 215 102 259 166 226 113 257 269 100 264 202 138 190 174 280 218 139 252 167 188 204 139 277 149 153 153 100 79 74 262 64 122 110 80 102 87 263 239 146 127 171 266 259 157 301 93 112 263 311 204 206 244 134 92 323 154 143 118 152 68 176 186 72 166 248 154 92 136 134 246 241 0 171 133 146 130 321 224 259 101 261 203 279 298 157 85 98 206 106 95 111 183 222 220 73 100 132 249 311 89 153 159 275 298 131 275 166 198 177 174 80 209 253 311 123 269 111 167 206 161 237 78 135 132 91 156 134 91 111 106 214 205 264 98 130 215 121 195 187 131 185 261 235 209 266 323 110 80 89 135 248 141 285 181 185 173 143 77 132 266 90 135 153 103 236 205 139 252 183 273 131 226 194 196 198 275 129 223 161 119 241 246 161 242 271 148 95 265 122 150 270 149 228 333 241 97 275 93 89 294 177 241 157 229 144 208 147 69 201 99 233 109 276 110 219 107 182 124 127 251 85 94 144 296 175 140 210 139 166 265 148 294 138 139 147 157 194 125 154 131 
204 245 259 202 211 115 110 95 103 186 94 122 157 282 173 198 159 257 149 199 211 177 217 290 227 226 220 217 212 174 325 297 281 354 307 121 343 198 324 242 121 265 291 213 141 112 300 261 248 154 278 272 173 128 166 272 276 237 175 160 284 268 150 168 190 97 151 299 238 122 299 293 250 317 298 269 284 109 145 181 217 299 254 167 343 258 145 278 309 170 258 268 236 199 117 302 292 188 278 151 126 310 272 231 175 323 224 166 115 193 268 163 286 106 231 212 163 117 207 137 195 247 148 277 141 224 155 173 171 212 202 153 208 212 356 212 192 124 248 234 122 187 290 282 267 270 217 107 192 317 348 262 148 317 255 241 97 339 228 232 175 253 268 120 256 196 182 256 220 167 219 150 297 282 234 179 168 274 244 257 280 170 266 309 174 211 184 123 273 225 284 139 292 297 120 282 310 304 166 267 292 227 244 172 177 225 166 127 163 185 167 106 190 244 299 312 115 317 272 109 130 246 128 101 185 272 220 188 161 353 252 304 146 203 177 184 277 279 218 191 205 275 189 208 263 121 270 185 235 240 245 194 98 139 95 199 271 230 142 146 240 151 284 185 251 132 282 294 125 289 227 187 218 199 305 243 164 277 195 213 232 167 302 168 181 172 149 98 123 287 113 139 127 115 127 122 288 264 195 176 190 291 284 182 326 118 129 288 336 229 231 269 159 141 348 203 192 137 201 117 201 214 107 185 273 182 141 155 151 271 266 171 0 182 171 149 346 252 284 150 286 228 304 323 176 102 147 231 155 120 146 208 247 269 108 135 181 274 336 138 202 178 300 323 166 300 183 223 205 193 99 237 278 336 158 294 160 216 234 196 262 97 184 149 110 181 162 110 146 155 242 230 289 115 147 240 170 223 215 159 234 286 260 258 291 348 127 97 138 184 273 158 310 206 213 192 171 96 167 291 125 160 178 138 261 254 164 277 232 298 148 251 243 221 247 300 154 248 210 154 266 271 180 267 296 176 144 290 141 199 295 198 253 358 266 146 300 118 106 319 205 266 206 254 193 233 172 104 250 124 282 128 301 129 268 124 207 173 162 276 102 129 193 321 194 189 259 188 185 290 173 319 163 158 175 192 219 150 203 148 
190 231 245 188 197 101 72 87 79 148 88 84 140 268 167 160 145 243 125 161 173 171 203 276 213 188 182 179 174 168 311 283 267 340 293 83 329 160 310 225 107 251 277 175 117 104 286 223 234 140 264 258 156 90 128 258 262 223 137 122 246 254 136 154 152 89 127 285 200 108 285 279 236 303 284 255 270 85 107 167 179 285 240 129 329 244 139 264 295 153 244 254 198 161 93 288 278 180 264 137 120 296 258 193 137 309 186 142 77 155 254 125 272 100 193 174 155 109 193 129 171 233 134 263 103 207 147 159 133 198 164 139 194 195 342 174 178 116 231 220 116 173 276 268 253 256 203 101 178 303 334 248 124 303 241 224 89 325 214 194 137 236 254 112 242 158 165 242 182 129 205 112 283 268 220 141 160 260 230 219 266 156 252 295 136 194 170 117 259 211 270 131 278 283 106 268 296 290 142 229 278 213 227 166 169 211 142 89 139 171 129 100 152 206 285 298 77 303 258 103 122 232 90 93 177 258 206 171 147 339 238 290 108 186 153 178 263 265 180 153 191 237 151 170 249 97 256 147 221 226 231 170 92 131 89 161 233 192 134 138 226 113 270 177 237 124 268 280 111 275 213 149 201 185 291 229 150 263 178 199 215 150 288 160 164 164 111 90 85 273 75 133 121 91 113 98 274 250 157 138 182 277 270 168 312 104 123 274 322 215 217 255 145 103 334 165 154 129 163 79 187 197 83 177 259 165 103 147 145 257 252 133 182 0 157 141 332 235 270 112 272 214 290 309 168 96 109 217 117 106 122 194 233 231 84 111 143 260 322 100 164 170 286 309 142 286 177 209 188 185 91 220 264 322 134 280 122 178 217 172 248 89 146 143 102 167 145 102 122 117 225 216 275 109 141 226 132 206 198 142 196 272 246 220 277 334 121 91 100 146 259 152 296 192 196 184 154 88 143 277 101 146 164 114 247 216 150 263 194 284 142 237 205 207 209 286 140 234 172 130 252 257 172 253 282 159 106 276 133 161 281 160 239 344 252 108 286 104 100 305 188 252 168 240 155 219 158 80 212 110 244 120 287 121 230 118 193 135 138 262 96 105 155 307 186 151 221 150 177 276 159 305 149 150 158 168 205 136 165 142 
145 186 200 143 152 56 85 78 80 127 77 73 98 223 156 149 100 198 126 174 162 160 158 231 168 167 161 168 153 157 266 238 222 295 248 96 284 149 265 183 62 206 232 154 118 95 241 202 189 95 219 213 114 103 117 213 217 178 126 135 225 209 91 109 141 80 128 240 179 63 240 234 191 258 239 210 225 86 96 122 158 240 195 142 284 199 128 219 250 111 199 209 177 140 94 243 233 171 219 92 109 251 213 172 126 264 165 143 90 168 209 114 227 89 172 163 146 100 148 120 172 188 89 218 92 165 138 114 146 153 143 94 149 153 297 163 133 107 189 175 105 128 231 223 208 211 158 90 133 258 289 203 125 258 196 182 80 280 169 173 126 194 209 103 197 147 123 197 171 118 160 101 238 223 175 130 151 215 185 198 221 111 207 250 149 152 125 106 214 166 225 122 233 238 61 223 251 245 143 208 233 168 185 155 160 166 143 102 140 126 142 89 131 185 240 253 90 258 213 92 113 187 103 84 168 213 161 129 102 294 193 245 121 144 154 167 218 220 159 142 146 216 140 159 204 98 211 160 176 181 186 171 81 122 78 140 212 171 125 129 181 126 225 168 192 115 223 235 66 230 168 138 159 140 246 184 105 218 136 154 173 108 243 151 122 155 100 81 74 228 88 122 110 92 68 99 229 205 146 127 173 232 225 123 267 59 112 229 277 170 172 210 100 116 289 154 133 120 152 92 142 155 84 168 214 123 92 138 134 212 207 146 171 157 0 132 287 193 225 101 227 169 245 264 159 85 122 172 106 61 123 149 188 210 85 112 156 215 277 113 153 161 241 264 143 241 166 164 146 176 82 178 219 277 135 235 135 157 175 173 203 80 135 132 93 122 103 93 123 130 183 171 230 98 130 181 121 164 156 100 175 227 201 199 232 289 110 80 113 135 214 141 251 147 154 175 112 79 144 232 102 101 119 115 202 195 105 218 173 239 131 192 184 162 188 241 95 189 161 131 207 212 163 208 237 117 119 231 124 150 236 173 194 299 207 97 241 59 89 260 146 207 157 195 144 174 113 81 191 65 223 111 242 112 209 107 148 148 139 217 85 106 134 262 177 164 200 163 168 231 114 260 104 141 116 169 160 91 154 131 
165 206 220 163 172 76 69 54 62 145 55 81 118 243 134 157 120 218 108 158 170 138 178 251 188 185 179 176 171 135 286 258 242 315 268 80 304 157 285 203 82 226 252 172 100 71 261 220 209 115 239 233 134 87 125 233 237 198 134 119 243 229 111 129 149 56 110 260 197 83 260 254 211 278 259 230 245 68 104 142 176 260 215 126 304 219 106 239 270 131 219 229 195 158 76 263 253 147 239 112 87 271 233 190 134 284 183 125 74 152 229 122 247 67 190 171 122 76 168 96 154 208 109 238 100 185 114 134 130 173 161 114 169 173 317 171 153 83 209 195 83 148 251 243 228 231 178 68 153 278 309 223 107 278 216 202 56 300 189 191 134 214 229 79 217 155 143 217 179 126 180 109 258 243 195 138 127 235 205 216 241 131 227 270 133 172 145 84 234 186 245 98 253 258 81 243 271 265 125 226 253 188 205 133 136 186 125 86 122 146 126 67 149 203 260 273 74 278 233 70 89 207 87 60 144 233 181 149 122 314 213 265 105 164 136 145 238 240 177 150 166 234 148 167 224 80 231 144 196 201 206 153 59 98 56 158 230 189 101 105 201 110 245 144 212 91 243 255 86 250 188 146 179 160 266 204 125 238 156 174 193 128 263 127 142 131 108 57 82 248 72 100 88 74 88 81 249 225 154 135 149 252 245 143 287 79 90 249 297 190 192 230 120 100 309 162 151 96 160 76 162 175 66 144 234 143 100 114 112 232 227 130 149 141 132 0 307 213 245 109 247 189 265 284 135 63 106 192 114 81 105 169 208 228 67 94 140 235 297 97 161 137 261 284 125 261 144 184 166 152 58 198 239 297 117 255 119 175 195 155 223 56 143 110 69 142 123 69 105 114 203 191 250 76 108 201 129 184 176 120 193 247 221 217 252 309 88 58 97 143 234 119 271 167 174 151 132 55 126 252 84 121 139 97 222 213 125 238 191 259 109 212 202 182 206 261 115 209 169 113 227 232 139 228 257 137 103 251 100 158 256 157 214 319 227 105 261 79 67 280 166 227 165 215 152 194 133 63 209 85 241 87 262 88 227 85 168 132 121 237 63 88 152 282 153 148 218 147 144 251 134 280 124 117 136 151 180 111 162 109 
146 135 87 144 149 231 260 253 255 302 252 248 273 224 331 324 275 199 301 349 337 335 159 180 165 342 336 343 328 332 153 239 219 182 197 271 233 324 214 358 237 155 181 329 293 270 242 377 186 270 216 214 289 278 292 210 218 179 301 310 400 210 266 284 316 255 303 241 354 238 241 183 192 207 236 97 222 261 271 297 333 237 196 317 233 148 303 220 137 286 196 210 352 315 269 130 120 346 220 267 284 248 162 347 301 213 340 318 265 343 210 289 228 264 347 338 321 275 323 295 347 137 264 105 267 340 313 289 321 154 318 269 150 328 184 338 308 282 364 172 280 303 228 224 157 212 159 265 308 145 176 152 300 207 193 357 255 229 170 348 301 369 210 278 198 322 298 146 346 293 157 276 239 224 176 305 326 216 182 373 108 286 208 137 324 327 300 281 215 167 112 297 234 125 236 110 138 132 318 383 120 169 360 330 335 167 318 277 315 301 317 264 306 360 237 202 265 207 214 267 288 184 278 259 343 100 158 304 277 181 142 132 296 319 329 342 219 169 334 317 147 391 315 334 201 273 98 335 177 182 183 346 256 297 253 315 387 346 300 304 178 301 226 343 193 290 172 232 241 231 165 313 334 315 133 185 280 219 311 155 348 283 130 326 297 330 275 256 249 177 263 297 285 267 243 274 230 154 321 302 348 233 226 298 216 234 287 116 164 171 173 211 275 291 176 329 308 295 327 267 317 330 259 343 163 298 267 313 309 161 208 321 346 332 287 307 0 368 226 276 176 170 194 213 334 260 297 173 281 236 298 150 137 385 260 287 331 102 226 288 328 336 238 213 318 190 341 161 321 351 257 353 216 226 310 236 310 332 350 348 204 255 310 307 268 297 278 268 298 305 358 172 227 273 305 182 296 339 331 275 350 176 150 374 119 176 285 255 288 310 101 316 138 322 329 350 287 254 319 233 277 276 294 290 151 370 280 219 348 126 306 141 359 163 363 238 270 190 336 306 208 213 338 205 124 292 294 232 299 325 123 348 191 186 94 272 242 234 264 147 321 208 332 196 319 175 288 256 366 240 398 286 239 287 384 282 149 323 314 214 260 281 309 149 352 339 375 338 343 228 289 209 279 316 291 344 157 266 329 306 
226 267 281 224 233 137 163 159 161 208 158 154 95 304 237 230 181 279 207 252 243 241 239 312 249 248 242 249 234 238 347 319 303 376 329 174 365 230 346 180 143 287 313 235 199 176 322 283 270 176 300 294 111 181 198 294 298 259 207 213 306 290 172 190 222 161 209 321 260 144 321 315 272 339 320 291 306 167 177 203 239 321 276 220 365 280 209 300 331 108 280 290 258 221 175 324 314 252 300 173 190 332 294 253 207 345 246 224 168 246 290 195 308 170 253 244 227 181 229 201 253 269 170 299 173 162 219 195 224 234 224 175 230 150 378 244 214 188 186 256 186 209 312 304 289 292 239 171 214 339 370 284 206 339 277 179 161 361 250 254 207 191 290 184 278 228 120 278 252 199 241 182 319 304 256 211 232 296 266 279 302 192 288 331 227 149 206 187 295 247 306 203 314 319 142 304 332 326 224 289 314 249 182 236 241 247 224 180 221 207 220 170 212 266 321 334 168 339 294 173 194 268 181 165 249 294 242 126 183 375 274 326 199 141 235 248 299 301 240 223 227 297 221 240 285 179 292 238 257 262 267 252 162 203 159 221 293 252 206 210 262 204 306 249 273 196 304 316 147 311 249 219 156 221 327 265 186 299 133 235 170 105 324 232 119 236 181 162 155 309 166 203 191 173 149 180 310 286 227 208 254 313 306 204 348 140 193 310 358 251 253 291 181 194 370 235 214 201 233 170 223 152 165 249 295 120 173 219 215 293 288 224 252 235 193 213 368 0 306 182 308 250 326 345 240 166 200 253 187 142 204 230 269 291 166 193 234 296 358 191 234 242 322 345 224 322 247 245 143 257 163 175 300 358 216 316 213 238 172 254 284 161 216 213 174 203 100 174 204 208 180 252 311 179 211 262 202 161 153 97 256 308 282 280 313 370 191 161 191 216 295 222 332 228 151 256 109 160 225 313 183 182 200 196 283 276 186 299 254 320 212 273 265 243 269 322 176 270 242 212 288 293 244 289 318 114 197 312 205 231 317 251 275 380 288 178 322 140 170 341 143 288 238 276 225 255 194 162 272 146 304 192 323 193 290 188 229 226 220 298 166 187 215 343 258 242 281 241 249 312 195 341 185 222 113 250 241 172 235 212 
84 125 139 82 91 169 198 191 193 240 190 186 211 162 269 262 213 137 239 287 275 273 97 170 107 280 274 281 266 270 205 177 161 234 187 209 223 262 204 296 175 145 171 267 231 208 180 315 128 208 158 152 227 216 230 152 156 117 239 248 338 148 204 222 254 193 241 179 292 176 179 173 130 197 178 149 164 199 209 235 271 179 134 255 223 138 241 158 189 224 138 148 290 253 207 182 172 284 158 205 222 190 152 285 239 203 278 256 203 281 148 227 166 202 285 276 259 213 261 233 285 127 202 157 205 278 251 227 259 92 256 207 88 266 236 276 246 220 302 114 218 241 170 162 147 150 97 203 246 197 228 142 238 197 135 295 193 219 108 286 239 307 148 216 136 260 236 136 284 231 99 214 177 162 114 243 264 154 124 311 160 224 146 189 262 265 238 219 153 105 164 235 172 177 174 162 190 184 256 321 172 107 298 268 273 105 256 215 253 239 255 202 244 298 179 192 203 197 152 205 226 126 216 197 281 152 100 242 215 233 132 184 234 257 267 280 157 159 272 255 85 329 253 272 143 211 150 273 115 120 125 284 194 235 191 253 325 284 238 242 120 239 164 281 131 228 162 174 179 169 107 251 272 253 185 123 218 157 249 93 286 221 182 264 235 268 213 194 187 167 201 235 223 205 181 212 168 144 259 240 286 171 164 236 206 172 225 168 216 109 111 149 213 229 228 267 246 233 265 205 255 268 197 281 153 236 205 251 247 151 146 259 284 270 225 245 226 306 0 214 166 108 184 203 272 198 235 111 219 174 236 88 127 323 198 225 269 154 216 226 266 274 180 203 256 180 279 103 259 289 195 291 158 216 248 174 248 270 288 286 142 193 248 245 206 235 216 206 236 243 296 110 169 211 243 120 234 277 269 213 288 166 140 312 171 228 223 193 226 248 153 254 190 260 267 288 225 192 257 171 215 214 232 228 141 308 218 157 286 178 244 131 297 101 301 180 208 128 274 244 146 151 276 147 176 230 232 170 237 263 175 286 133 238 146 210 180 172 202 199 259 146 270 134 257 113 226 194 304 178 336 224 181 225 322 220 87 261 252 156 198 219 247 201 290 277 313 276 281 170 227 199 217 254 229 282 99 204 267 244 
134 175 189 132 141 45 40 55 47 116 56 28 87 212 135 104 89 187 93 129 117 139 147 220 157 156 150 123 142 136 255 227 211 284 237 51 273 104 254 172 51 195 221 143 85 72 230 191 178 84 208 202 103 58 72 202 206 167 81 90 214 198 80 98 96 57 95 229 168 52 229 223 180 247 228 199 214 53 51 111 147 229 184 97 273 188 107 208 239 100 188 198 166 129 61 232 222 148 208 81 88 240 202 161 81 253 154 110 45 123 198 69 216 68 161 118 123 77 137 97 139 177 78 207 47 154 115 103 101 142 132 83 138 142 286 118 122 84 178 164 84 117 220 212 197 200 147 69 122 247 278 192 92 247 185 171 57 269 158 162 81 183 198 80 186 102 112 186 126 73 149 56 227 212 164 85 128 204 174 187 210 100 196 239 104 141 114 85 203 155 214 99 222 227 50 212 240 234 110 197 222 157 174 134 137 155 110 57 107 115 97 68 120 174 229 242 45 247 202 71 90 176 58 61 145 202 150 118 91 283 182 234 76 133 121 146 207 209 148 97 135 205 95 114 193 65 200 115 165 170 175 138 60 99 57 129 201 160 102 106 170 81 214 145 181 92 212 224 55 219 157 93 148 129 235 173 94 207 125 143 162 97 232 128 111 132 55 58 29 217 43 101 89 59 57 66 218 194 101 82 150 221 214 112 256 48 91 218 266 159 161 199 89 71 278 109 122 97 107 47 131 144 51 145 203 112 47 115 113 201 196 101 150 112 101 109 276 182 214 0 216 158 234 253 136 64 77 161 61 50 90 138 177 199 52 79 111 204 266 68 108 138 230 253 110 230 145 153 135 153 59 167 208 266 102 224 90 146 164 140 192 57 90 111 70 111 92 70 90 85 172 160 219 77 109 170 76 153 145 89 164 216 190 188 221 278 89 59 68 90 203 120 240 136 143 152 101 56 111 221 69 90 108 82 191 184 94 207 162 228 110 181 173 151 177 230 84 178 116 98 196 201 140 197 226 106 74 220 101 105 225 128 183 288 196 52 230 48 68 249 135 196 112 184 99 163 102 48 180 54 212 88 231 89 198 86 137 103 106 206 64 73 123 251 154 119 189 118 145 220 103 249 93 118 105 136 149 80 109 110 
82 41 89 84 75 171 200 193 195 242 192 188 213 160 271 264 215 139 241 289 277 275 95 86 91 282 276 283 268 272 155 175 145 184 103 211 139 264 120 298 177 61 87 269 233 210 182 317 112 210 142 150 229 218 232 136 158 115 241 250 340 146 206 224 256 195 243 177 294 178 181 89 128 113 162 99 148 201 211 237 273 163 132 257 139 54 243 160 139 226 122 150 292 255 209 132 122 286 156 207 224 174 68 287 241 119 280 258 205 283 150 229 164 204 287 278 261 215 263 235 287 43 204 107 207 280 253 229 261 94 258 209 90 268 186 278 248 222 304 98 220 243 154 164 63 152 99 205 248 147 178 58 240 113 119 297 195 135 106 288 241 309 150 218 138 262 238 52 286 233 83 216 179 164 112 245 266 156 108 313 110 226 148 139 264 267 240 221 151 107 114 237 174 127 176 112 140 134 258 323 122 105 300 270 275 107 258 217 255 241 257 204 246 300 163 108 205 113 154 207 228 110 218 199 283 102 84 244 217 183 48 134 236 259 269 282 155 75 274 257 83 331 255 274 127 213 100 275 117 122 109 286 196 237 193 255 327 286 240 244 104 241 166 283 129 230 78 158 181 167 91 253 274 255 135 121 220 155 251 91 288 223 132 266 237 270 215 196 189 83 203 237 225 207 183 214 170 60 261 242 288 169 166 238 122 174 227 118 166 107 109 147 215 231 178 269 248 235 267 207 257 270 199 283 69 238 207 253 249 67 144 261 286 272 227 247 176 308 166 216 0 106 100 119 274 200 237 109 221 176 238 86 43 325 200 227 271 104 132 228 268 276 164 119 258 96 281 87 261 291 197 293 142 132 250 176 250 272 290 288 144 195 250 247 208 237 218 208 238 245 298 108 153 213 245 118 236 279 271 215 290 82 56 314 121 178 225 195 228 250 103 256 140 262 269 290 227 194 259 169 217 216 234 230 57 310 220 159 288 128 246 47 299 99 303 164 210 126 276 246 144 153 278 131 126 232 234 168 239 265 125 288 117 188 96 212 178 174 204 149 261 144 272 132 259 111 228 196 306 180 338 226 165 227 324 222 89 263 254 140 200 221 249 151 292 279 315 278 283 154 229 115 219 256 231 284 83 206 269 246 
24 65 83 26 31 113 142 135 137 184 134 130 155 102 213 206 157 81 183 231 219 217 37 110 47 224 218 225 210 214 149 117 101 178 127 153 163 206 144 240 119 85 111 211 175 152 124 259 68 152 98 92 171 160 174 92 100 57 183 192 282 88 148 166 198 137 185 119 236 120 123 113 70 137 118 93 104 143 153 179 215 119 74 199 163 78 185 102 133 168 78 92 234 197 151 126 116 228 98 149 166 130 92 229 183 143 222 200 147 225 92 171 106 146 229 220 203 157 205 177 229 67 146 101 149 222 195 171 203 36 200 151 32 210 180 220 190 164 246 54 162 185 110 106 87 94 41 147 190 141 172 82 182 137 75 239 137 159 48 230 183 251 92 160 80 204 180 76 228 175 39 158 121 106 54 187 208 98 64 255 104 168 90 133 206 209 182 163 93 49 108 179 116 121 118 106 134 128 200 265 116 47 242 212 217 49 200 159 197 183 199 146 188 242 119 132 147 137 96 149 170 66 160 141 225 96 40 186 159 177 72 128 178 201 211 224 97 99 216 199 25 273 197 216 83 155 94 217 59 64 65 228 138 179 135 197 269 228 182 186 60 183 108 225 71 172 102 114 123 109 47 195 216 197 129 63 162 97 193 33 230 165 126 208 179 212 157 138 131 107 145 179 167 149 125 156 112 84 203 184 230 111 108 180 146 116 169 112 160 49 51 89 157 173 172 211 190 177 209 149 199 212 141 225 93 180 149 195 191 91 86 203 228 214 169 189 170 250 108 158 106 0 124 143 216 142 179 51 163 118 180 28 67 267 142 169 213 98 156 170 210 218 120 143 200 120 223 43 203 233 139 235 98 156 192 118 192 214 232 230 86 137 192 189 150 179 160 150 180 187 240 50 109 155 187 60 178 221 213 157 232 106 80 256 115 172 167 137 170 192 97 198 134 204 211 232 169 136 201 111 159 158 176 172 81 252 162 101 230 122 188 71 241 41 245 120 152 68 218 188 86 95 220 87 120 174 176 110 181 207 119 230 73 182 90 154 120 116 146 143 203 86 214 74 201 53 170 138 248 122 280 168 121 169 266 164 31 205 196 96 142 163 191 145 234 221 257 220 225 110 171 139 161 198 173 226 39 148 211 188 
100 59 107 102 93 189 218 211 213 260 210 206 231 178 289 282 233 157 259 307 295 293 113 104 109 300 294 301 286 290 173 193 163 202 121 229 157 282 138 316 195 79 105 287 251 228 200 335 130 228 160 168 247 236 250 154 176 133 259 268 358 164 224 242 274 213 261 195 312 196 199 107 146 131 180 117 166 219 229 255 291 181 150 275 157 72 261 178 157 244 140 168 310 273 227 150 140 304 174 225 242 192 86 305 259 137 298 276 223 301 168 247 182 222 305 296 279 233 281 253 305 61 222 125 225 298 271 247 279 112 276 227 108 286 204 296 266 240 322 116 238 261 172 182 81 170 117 223 266 165 196 76 258 131 137 315 213 153 124 306 259 327 168 236 156 280 256 70 304 251 101 234 197 182 130 263 284 174 126 331 128 244 166 157 282 285 258 239 169 125 132 255 192 145 194 130 158 152 276 341 140 123 318 288 293 125 276 235 273 259 275 222 264 318 181 126 223 131 172 225 246 128 236 217 301 120 102 262 235 201 66 152 254 277 287 300 173 93 292 275 101 349 273 292 145 231 118 293 135 140 127 304 214 255 211 273 345 304 258 262 122 259 184 301 147 248 96 176 199 185 109 271 292 273 153 139 238 173 269 109 306 241 150 284 255 288 233 214 207 101 221 255 243 225 201 232 188 78 279 260 306 187 184 256 140 192 245 136 184 125 127 165 233 249 196 287 266 253 285 225 275 288 217 301 87 256 225 271 267 85 162 279 304 290 245 265 194 326 184 234 100 124 0 137 292 218 255 127 239 194 256 104 61 343 218 245 289 122 150 246 286 294 182 137 276 114 299 105 279 309 215 311 160 150 268 194 268 290 308 306 162 213 268 265 226 255 236 226 256 263 316 126 171 231 263 136 254 297 289 233 308 100 74 332 139 196 243 213 246 268 121 274 158 280 287 308 245 212 277 187 235 234 252 248 75 328 238 177 306 146 264 65 317 117 321 182 228 144 294 264 162 171 296 149 144 250 252 186 257 283 143 306 135 206 114 230 196 192 222 167 279 162 290 150 277 129 246 214 324 198 356 244 183 245 342 240 107 281 272 158 218 239 267 169 310 297 333 296 301 172 247 133 237 274 249 302 101 224 287 264 
119 78 126 121 112 208 237 230 232 279 229 225 250 197 308 301 252 176 278 326 314 312 132 123 128 319 313 320 305 309 192 212 182 221 140 248 176 301 157 335 214 98 124 306 270 247 219 354 149 247 179 187 266 255 269 173 195 152 278 287 377 183 243 261 293 232 280 214 331 215 218 126 165 150 199 136 185 238 248 274 310 200 169 294 176 91 280 197 176 263 159 187 329 292 246 169 159 323 193 244 261 211 105 324 278 156 317 295 242 320 187 266 201 241 324 315 298 252 300 272 324 80 241 144 244 317 290 266 298 131 295 246 127 305 223 315 285 259 341 135 257 280 191 201 100 189 136 242 285 184 215 95 277 150 156 334 232 172 143 325 278 346 187 255 175 299 275 89 323 270 120 253 216 201 149 282 303 193 145 350 147 263 185 176 301 304 277 258 188 144 151 274 211 164 213 149 177 171 295 360 159 142 337 307 312 144 295 254 292 278 294 241 283 337 200 145 242 150 191 244 265 147 255 236 320 139 121 281 254 220 85 171 273 296 306 319 192 112 311 294 120 368 292 311 164 250 137 312 154 159 146 323 233 274 230 292 364 323 277 281 141 278 203 320 166 267 115 195 218 204 128 290 311 292 172 158 257 192 288 128 325 260 169 303 274 307 252 233 226 120 240 274 262 244 220 251 207 97 298 279 325 206 203 275 159 211 264 155 203 144 146 184 252 268 215 306 285 272 304 244 294 307 236 320 106 275 244 290 286 104 181 298 323 309 264 284 213 345 203 253 119 143 137 0 311 237 274 146 258 213 275 123 80 362 237 264 308 141 169 265 305 313 201 156 295 133 318 124 298 328 234 330 179 169 287 213 287 309 327 325 181 232 287 284 245 274 255 245 275 282 335 145 190 250 282 155 273 316 308 252 327 119 93 351 158 215 262 232 265 287 140 293 177 299 306 327 264 231 296 206 254 253 271 267 94 347 257 196 325 165 283 84 336 136 340 201 247 163 313 283 181 190 315 168 163 269 271 205 276 302 162 325 154 225 133 249 215 211 241 186 298 181 309 169 296 148 265 233 343 217 375 263 202 264 361 259 126 300 291 177 237 258 286 188 329 316 352 315 320 191 266 152 256 293 268 321 120 243 306 283 
192 233 247 190 199 103 96 81 89 172 82 108 145 270 161 184 147 245 135 185 197 165 205 278 215 212 206 203 198 162 313 285 269 342 295 107 331 184 312 230 109 253 279 199 127 98 288 247 236 142 266 260 161 114 152 260 264 225 161 146 270 256 138 156 176 83 137 287 224 110 287 281 238 305 286 257 272 95 131 169 203 287 242 153 331 246 133 266 297 158 246 256 222 185 103 290 280 174 266 139 114 298 260 217 161 311 210 152 101 179 256 149 274 94 217 198 149 103 195 123 181 235 136 265 127 212 141 161 157 200 188 141 196 200 344 198 180 110 236 222 110 175 278 270 255 258 205 95 180 305 336 250 134 305 243 229 83 327 216 218 161 241 256 106 244 182 170 244 206 153 207 136 285 270 222 165 154 262 232 243 268 158 254 297 160 199 172 111 261 213 272 125 280 285 108 270 298 292 152 253 280 215 232 160 163 213 152 113 149 173 153 94 176 230 287 300 101 305 260 97 116 234 114 87 171 260 208 176 149 341 240 292 132 191 163 172 265 267 204 177 193 261 175 194 251 107 258 171 223 228 233 180 86 125 83 185 257 216 128 132 228 137 272 171 239 118 270 282 113 277 215 173 206 187 293 231 152 265 183 201 220 155 290 154 169 158 135 84 109 275 99 127 115 101 115 108 276 252 181 162 176 279 272 170 314 106 117 276 324 217 219 257 147 127 336 189 178 123 187 103 189 202 93 171 261 170 127 141 139 259 254 157 176 168 159 135 334 240 272 136 274 216 292 311 0 90 133 219 141 108 132 196 235 255 94 121 167 262 324 124 188 164 288 311 152 288 171 211 193 179 85 225 266 324 144 282 146 202 222 182 250 83 170 137 96 169 150 96 132 141 230 218 277 103 135 228 156 211 203 147 220 274 248 244 279 336 115 85 124 170 261 146 298 194 201 178 159 82 153 279 111 148 166 124 249 240 152 265 218 286 136 239 229 209 233 288 142 236 196 140 254 259 166 255 284 164 130 278 127 185 283 184 241 346 254 132 288 106 94 307 193 254 192 242 179 221 160 90 236 112 268 114 289 115 254 112 195 159 148 264 90 115 179 309 180 175 245 174 171 278 161 307 151 144 163 178 207 138 189 136 
118 159 173 116 125 29 24 9 17 100 8 36 71 196 87 112 73 171 63 113 125 91 131 204 141 140 134 131 126 88 239 211 195 268 221 35 257 112 238 156 35 179 205 127 55 26 214 175 162 68 192 186 87 42 80 186 190 151 89 74 198 182 64 82 104 11 65 213 152 36 213 207 164 231 212 183 198 23 59 95 131 213 168 81 257 172 59 192 223 84 172 182 150 113 31 216 206 102 192 65 40 224 186 145 89 237 138 80 29 107 182 77 200 20 145 126 77 31 121 51 109 161 62 191 55 138 69 87 85 126 116 67 122 126 270 126 106 38 162 148 36 101 204 196 181 184 131 21 106 231 262 176 62 231 169 155 11 253 142 146 89 167 182 34 170 110 96 170 134 81 133 64 211 196 148 93 82 188 158 171 194 84 180 223 88 125 98 37 187 139 198 53 206 211 34 196 224 218 80 181 206 141 158 86 91 139 80 41 77 99 81 20 104 158 213 226 29 231 186 23 44 160 42 15 99 186 134 102 75 267 166 218 60 117 91 98 191 193 132 105 119 189 103 122 177 35 184 99 149 154 159 108 12 53 9 113 185 144 56 60 154 65 198 99 165 46 196 208 39 203 141 101 132 113 219 157 78 191 109 127 146 81 216 82 95 86 63 12 37 201 27 53 41 29 41 36 202 178 109 90 104 205 198 96 240 32 43 202 250 143 145 183 73 55 262 117 106 51 115 31 115 128 21 99 187 96 55 69 65 185 180 85 102 96 85 63 260 166 198 64 200 142 218 237 90 0 61 145 69 34 60 122 161 183 22 49 95 188 250 52 116 92 214 237 80 214 97 137 119 107 13 151 192 250 72 208 74 130 148 110 176 11 98 63 24 95 76 24 60 69 156 144 203 29 61 154 84 137 129 73 148 200 174 172 205 262 41 11 52 98 187 72 224 120 127 106 85 10 81 205 39 74 92 52 175 168 78 191 146 212 62 165 157 135 161 214 68 162 124 68 180 185 94 181 210 90 58 204 55 113 209 112 167 272 180 60 214 32 20 233 119 180 120 168 107 147 86 18 164 38 196 42 215 43 182 38 121 87 76 190 16 43 107 235 108 103 173 102 99 204 87 233 77 72 89 106 133 64 117 62 
155 196 210 153 162 66 37 52 44 113 53 49 105 233 132 125 110 208 90 126 138 136 168 241 178 153 147 144 139 133 276 248 232 305 258 48 294 125 275 190 72 216 242 140 82 69 251 188 199 105 229 223 121 55 93 223 227 188 102 87 211 219 101 119 117 54 92 250 165 73 250 244 201 268 249 220 235 50 72 132 144 250 205 94 294 209 104 229 260 118 209 219 163 126 58 253 243 145 229 102 85 261 223 158 102 274 151 107 42 120 219 90 237 65 158 139 120 74 158 94 136 198 99 228 68 172 112 124 98 163 129 104 159 160 307 139 143 81 196 185 81 138 241 233 218 221 168 66 143 268 299 213 89 268 206 189 54 290 179 159 102 201 219 77 207 123 130 207 147 94 170 77 248 233 185 106 125 225 195 184 231 121 217 260 101 159 135 82 224 176 235 96 243 248 71 233 261 255 107 194 243 178 192 131 134 176 107 54 104 136 94 65 117 171 250 263 42 268 223 68 87 197 55 58 142 223 171 136 112 304 203 255 73 151 118 143 228 230 145 118 156 202 116 135 214 62 221 112 186 191 196 135 57 96 54 126 198 157 99 103 191 78 235 142 202 89 233 245 76 240 178 114 166 150 256 194 115 228 143 164 180 115 253 125 129 129 76 55 50 238 40 98 86 56 78 63 239 215 122 103 147 242 235 133 277 69 88 239 287 180 182 220 110 68 299 130 119 94 128 44 152 162 48 142 224 130 68 112 110 222 217 98 147 109 122 106 297 200 235 77 237 179 255 274 133 61 0 182 82 71 87 159 198 196 49 76 108 225 287 65 129 135 251 274 107 251 142 174 153 150 56 185 229 287 99 245 87 143 182 137 213 54 111 108 67 132 110 67 87 82 190 181 240 74 106 191 97 171 163 107 161 237 211 185 242 299 86 56 65 111 224 117 261 157 161 149 119 53 108 242 66 111 129 79 212 181 115 228 159 249 107 202 170 172 174 251 105 199 137 95 217 222 137 218 247 124 71 241 98 126 246 125 204 309 217 73 251 69 65 270 153 217 133 205 120 184 123 45 177 75 209 85 252 86 195 83 158 100 103 227 61 70 120 272 151 116 186 115 142 241 124 270 114 115 123 133 170 101 130 107 
27 68 86 29 34 116 145 138 140 187 137 133 158 105 216 209 160 84 186 234 222 220 40 113 50 227 221 228 213 217 152 120 104 181 130 156 166 209 147 243 122 88 114 214 178 155 127 262 71 155 101 95 174 163 177 95 103 60 186 195 285 91 151 169 201 140 188 122 239 123 126 116 73 140 121 96 107 146 156 182 218 122 77 202 166 81 188 105 136 171 81 95 237 200 154 129 119 231 101 152 169 133 95 232 186 146 225 203 150 228 95 174 109 149 232 223 206 160 208 180 232 70 149 104 152 225 198 174 206 39 203 154 35 213 183 223 193 167 249 57 165 188 113 109 90 97 44 150 193 144 175 85 185 140 78 242 140 162 51 233 186 254 95 163 83 207 183 79 231 178 42 161 124 109 57 190 211 101 67 258 107 171 93 136 209 212 185 166 96 52 111 182 119 124 121 109 137 131 203 268 119 50 245 215 220 52 203 162 200 186 202 149 191 245 122 135 150 140 99 152 173 69 163 144 228 99 43 189 162 180 75 131 181 204 214 227 100 102 219 202 28 276 200 219 86 158 97 220 62 67 68 231 141 182 138 200 272 231 185 189 63 186 111 228 74 175 105 117 126 112 50 198 219 200 132 66 165 100 196 36 233 168 129 211 182 215 160 141 134 110 148 182 170 152 128 159 115 87 206 187 233 114 111 183 149 119 172 115 163 52 54 92 160 176 175 214 193 180 212 152 202 215 144 228 96 183 152 198 194 94 89 206 231 217 172 192 173 253 111 161 109 51 127 146 219 145 182 0 166 121 183 31 70 270 145 172 216 101 159 173 213 221 123 146 203 123 226 46 206 236 142 238 101 159 195 121 195 217 235 233 89 140 195 192 153 182 163 153 183 190 243 53 112 158 190 63 181 224 216 160 235 109 83 259 118 175 170 140 173 195 100 201 137 207 214 235 172 139 204 114 162 161 179 175 84 255 165 104 233 125 191 74 244 44 248 123 155 71 221 191 89 98 223 90 123 177 179 113 184 210 122 233 76 185 93 157 123 119 149 146 206 89 217 77 204 56 173 141 251 125 283 171 124 172 269 167 34 208 199 99 145 166 194 148 237 224 260 223 228 113 174 142 164 201 176 229 42 151 214 191 
139 180 194 137 146 50 45 60 52 121 61 33 92 217 140 109 94 192 98 134 122 144 152 225 162 161 155 128 147 141 260 232 216 289 242 56 278 109 259 177 56 200 226 148 90 77 235 196 183 89 213 207 108 63 77 207 211 172 86 95 219 203 85 103 101 62 100 234 173 57 234 228 185 252 233 204 219 58 56 116 152 234 189 102 278 193 112 213 244 105 193 203 171 134 66 237 227 153 213 86 93 245 207 166 86 258 159 115 50 128 203 74 221 73 166 123 128 82 142 102 144 182 83 212 52 159 120 108 106 147 137 88 143 147 291 123 127 89 183 169 89 122 225 217 202 205 152 74 127 252 283 197 97 252 190 176 62 274 163 167 86 188 203 85 191 107 117 191 131 78 154 61 232 217 169 90 133 209 179 192 215 105 201 244 109 146 119 90 208 160 219 104 227 232 55 217 245 239 115 202 227 162 179 139 142 160 115 62 112 120 102 73 125 179 234 247 50 252 207 76 95 181 63 66 150 207 155 123 96 288 187 239 81 138 126 151 212 214 153 102 140 210 100 119 198 70 205 120 170 175 180 143 65 104 62 134 206 165 107 111 175 86 219 150 186 97 217 229 60 224 162 98 153 134 240 178 99 212 130 148 167 102 237 133 116 137 60 63 34 222 48 106 94 64 62 71 223 199 106 87 155 226 219 117 261 53 96 223 271 164 166 204 94 76 283 114 127 102 112 52 136 149 56 150 208 117 52 120 118 206 201 106 155 117 106 114 281 187 219 61 221 163 239 258 141 69 82 166 0 55 95 143 182 204 57 84 116 209 271 73 113 143 235 258 115 235 150 158 140 158 64 172 213 271 107 229 95 151 169 145 197 62 95 116 75 116 97 75 95 90 177 165 224 82 114 175 81 158 150 94 169 221 195 193 226 283 94 64 73 95 208 125 245 141 148 157 106 61 116 226 74 95 113 87 196 189 99 212 167 233 115 186 178 156 182 235 89 183 121 103 201 206 145 202 231 111 79 225 106 110 230 133 188 293 201 57 235 53 73 254 140 201 117 189 104 168 107 53 185 59 217 93 236 94 203 91 142 108 111 211 69 78 128 256 159 124 194 123 150 225 108 254 98 123 110 141 154 85 114 115 
94 135 149 92 101 5 34 27 29 76 26 22 47 172 105 98 49 147 75 123 111 109 107 180 117 116 110 117 102 106 215 187 171 244 197 45 233 98 214 132 11 155 181 103 67 44 190 151 138 44 168 162 63 52 66 162 166 127 75 84 174 158 40 58 90 29 77 189 128 12 189 183 140 207 188 159 174 35 45 71 107 189 144 91 233 148 77 168 199 60 148 158 126 89 43 192 182 120 168 41 58 200 162 121 75 213 114 92 39 117 158 63 176 38 121 112 95 49 97 69 121 137 38 167 41 114 87 63 95 102 92 43 98 102 246 112 82 56 138 124 54 77 180 172 157 160 107 39 82 207 238 152 74 207 145 131 29 229 118 122 75 143 158 52 146 96 72 146 120 67 109 50 187 172 124 79 100 164 134 147 170 60 156 199 98 101 74 55 163 115 174 71 182 187 10 172 200 194 92 157 182 117 134 104 109 115 92 51 89 75 91 38 80 134 189 202 39 207 162 41 62 136 52 33 117 162 110 78 51 243 142 194 70 93 103 116 167 169 108 91 95 165 89 108 153 47 160 109 125 130 135 120 30 71 27 89 161 120 74 78 130 75 174 117 141 64 172 184 15 179 117 87 108 89 195 133 54 167 85 103 122 57 192 100 71 104 49 30 23 177 37 71 59 41 17 48 178 154 95 76 122 181 174 72 216 8 61 178 226 119 121 159 49 65 238 103 82 69 101 41 91 104 33 117 163 72 41 87 83 161 156 95 120 106 61 81 236 142 174 50 176 118 194 213 108 34 71 121 55 0 72 98 137 159 34 61 105 164 226 62 102 110 190 213 92 190 115 113 95 125 31 127 168 226 84 184 84 106 124 122 152 29 84 81 42 71 52 42 72 79 132 120 179 47 79 130 70 113 105 49 124 176 150 148 181 238 59 29 62 84 163 90 200 96 103 124 61 28 93 181 51 50 68 64 151 144 54 167 122 188 80 141 133 111 137 190 44 138 110 80 156 161 112 157 186 66 68 180 73 99 185 122 143 248 156 46 190 8 38 209 95 156 106 144 93 123 62 30 140 14 172 60 191 61 158 56 97 97 88 166 34 55 83 211 126 113 149 112 117 180 63 209 53 90 65 118 109 40 103 80 
156 197 211 154 163 67 50 51 43 126 52 62 109 234 131 138 111 209 89 139 151 135 169 242 179 166 160 157 152 132 277 249 233 306 259 61 295 138 276 194 73 217 243 153 81 68 252 201 200 106 230 224 125 68 106 224 228 189 115 100 224 220 102 120 130 53 91 251 178 74 251 245 202 269 250 221 236 49 85 133 157 251 206 107 295 210 103 230 261 122 210 220 176 139 57 254 244 144 230 103 84 262 224 171 115 275 164 106 55 133 220 103 238 64 171 152 119 73 159 93 135 199 100 229 81 176 111 125 111 164 142 105 160 164 308 152 144 80 200 186 80 139 242 234 219 222 169 65 144 269 300 214 88 269 207 193 53 291 180 172 115 205 220 76 208 136 134 208 160 107 171 90 249 234 186 119 124 226 196 197 232 122 218 261 114 163 136 81 225 177 236 95 244 249 72 234 262 256 106 207 244 179 196 130 133 177 106 67 103 137 107 64 130 184 251 264 55 269 224 67 86 198 68 57 141 224 172 140 113 305 204 256 86 155 117 142 229 231 158 131 157 215 129 148 215 61 222 125 187 192 197 134 56 95 53 139 211 170 98 102 192 91 236 141 203 88 234 246 77 241 179 127 170 151 257 195 116 229 147 165 184 119 254 124 133 128 89 54 63 239 53 97 85 55 79 62 240 216 135 116 146 243 236 134 278 70 87 240 288 181 183 221 111 81 300 143 132 93 141 57 153 166 47 141 225 134 81 111 109 223 218 111 146 122 123 105 298 204 236 90 238 180 256 275 132 60 87 183 95 72 0 160 199 209 48 75 121 226 288 78 142 134 252 275 106 252 141 175 157 149 55 189 230 288 98 246 100 156 186 136 214 53 124 107 66 133 114 66 86 95 194 182 241 73 105 192 110 175 167 111 174 238 212 198 243 300 85 55 78 124 225 116 262 158 165 148 123 52 107 243 65 112 130 78 213 194 116 229 172 250 106 203 183 173 187 252 106 200 150 94 218 223 136 219 248 128 84 242 97 139 247 138 205 310 218 86 252 70 64 271 157 218 146 206 133 185 124 44 190 76 222 84 253 85 208 82 159 113 102 228 60 69 133 273 150 129 199 128 141 242 125 271 115 114 127 132 171 102 143 106 
4 45 63 6 11 93 122 115 117 164 114 110 135 82 193 186 137 61 163 211 199 197 17 90 27 204 198 205 190 194 129 97 81 158 107 133 143 186 124 220 99 65 91 191 155 132 104 239 48 132 78 72 151 140 154 72 80 37 163 172 262 68 128 146 178 117 165 99 216 100 103 93 50 117 98 73 84 123 133 159 195 99 54 179 143 58 165 82 113 148 58 72 214 177 131 106 96 208 78 129 146 110 72 209 163 123 202 180 127 205 72 151 86 126 209 200 183 137 185 157 209 47 126 81 129 202 175 151 183 16 180 131 12 190 160 200 170 144 226 34 142 165 90 86 67 74 21 127 170 121 152 62 162 117 55 219 117 139 28 210 163 231 72 140 60 184 160 56 208 155 19 138 101 86 34 167 188 78 44 235 84 148 70 113 186 189 162 143 73 29 88 159 96 101 98 86 114 108 180 245 96 27 222 192 197 29 180 139 177 163 179 126 168 222 99 112 127 117 76 129 150 46 140 121 205 76 20 166 139 157 52 108 158 181 191 204 77 79 196 179 5 253 177 196 63 135 74 197 39 44 45 208 118 159 115 177 249 208 162 166 40 163 88 205 51 152 82 94 103 89 27 175 196 177 109 43 142 77 173 13 210 145 106 188 159 192 137 118 111 87 125 159 147 129 105 136 92 64 183 164 210 91 88 160 126 96 149 92 140 29 31 69 137 153 152 191 170 157 189 129 179 192 121 205 73 160 129 175 171 71 66 183 208 194 149 169 150 230 88 138 86 28 104 123 196 122 159 31 143 98 160 0 47 247 122 149 193 78 136 150 190 198 100 123 180 100 203 23 183 213 119 215 78 136 172 98 172 194 212 210 66 117 172 169 130 159 140 130 160 167 220 30 89 135 167 40 158 201 193 137 212 86 60 236 95 152 147 117 150 172 77 178 114 184 191 212 149 116 181 91 139 138 156 152 61 232 142 81 210 102 168 51 221 21 225 100 132 48 198 168 66 75 200 67 100 154 156 90 161 187 99 210 53 162 70 134 100 96 126 123 183 66 194 54 181 33 150 118 228 102 260 148 101 149 246 144 11 185 176 76 122 143 171 125 214 201 237 200 205 90 151 119 141 178 153 206 19 128 191 168 
43 2 50 45 36 132 161 154 156 203 153 149 174 121 232 225 176 100 202 250 238 236 56 47 52 243 237 244 229 233 116 136 106 145 64 172 100 225 81 259 138 22 48 230 194 171 143 278 73 171 103 111 190 179 193 97 119 76 202 211 301 107 167 185 217 156 204 138 255 139 142 50 89 74 123 60 109 162 172 198 234 124 93 218 100 15 204 121 100 187 83 111 253 216 170 93 83 247 117 168 185 135 29 248 202 80 241 219 166 244 111 190 125 165 248 239 222 176 224 196 248 4 165 68 168 241 214 190 222 55 219 170 51 229 147 239 209 183 265 59 181 204 115 125 24 113 60 166 209 108 139 19 201 74 80 258 156 96 67 249 202 270 111 179 99 223 199 13 247 194 44 177 140 125 73 206 227 117 69 274 71 187 109 100 225 228 201 182 112 68 75 198 135 88 137 73 101 95 219 284 83 66 261 231 236 68 219 178 216 202 218 165 207 261 124 69 166 74 115 168 189 71 179 160 244 63 45 205 178 144 9 95 197 220 230 243 116 36 235 218 44 292 216 235 88 174 61 236 78 83 70 247 157 198 154 216 288 247 201 205 65 202 127 244 90 191 39 119 142 128 52 214 235 216 96 82 181 116 212 52 249 184 93 227 198 231 176 157 150 44 164 198 186 168 144 175 131 21 222 203 249 130 127 199 83 135 188 79 127 68 70 108 176 192 139 230 209 196 228 168 218 231 160 244 30 199 168 214 210 28 105 222 247 233 188 208 137 269 127 177 43 67 61 80 235 161 198 70 182 137 199 47 0 286 161 188 232 65 93 189 229 237 125 80 219 57 242 48 222 252 158 254 103 93 211 137 211 233 251 249 105 156 211 208 169 198 179 169 199 206 259 69 114 174 206 79 197 240 232 176 251 43 17 275 82 139 186 156 189 211 64 217 101 223 230 251 188 155 220 130 178 177 195 191 18 271 181 120 249 89 207 8 260 60 264 125 171 87 237 207 105 114 239 92 87 193 195 129 200 226 86 249 78 149 57 173 139 135 165 110 222 105 233 93 220 72 189 157 267 141 299 187 126 188 285 183 50 224 215 101 161 182 210 112 253 240 276 239 244 115 190 76 180 217 192 245 44 167 230 207 
243 284 298 241 250 154 159 174 166 83 175 171 196 321 254 247 198 296 212 248 260 258 256 329 266 123 117 266 109 255 364 336 320 393 346 170 382 247 363 281 160 304 330 110 204 191 339 158 287 193 317 311 212 177 215 311 315 276 224 209 181 307 189 207 239 176 214 338 135 161 338 332 289 356 337 308 323 172 194 220 114 338 293 216 382 297 226 317 348 209 297 307 133 96 180 341 331 267 317 190 207 349 311 128 224 362 121 229 164 242 307 212 325 187 128 261 242 196 246 216 258 286 187 316 190 263 234 212 220 251 99 192 247 251 395 261 231 203 287 273 203 226 329 321 306 309 256 188 231 356 387 301 211 356 294 280 176 378 267 129 224 292 307 199 295 245 221 295 269 216 258 199 336 321 273 228 247 313 283 154 319 209 305 348 223 250 223 204 312 264 323 218 331 336 159 321 349 343 229 164 331 266 283 253 256 264 229 176 226 224 216 187 87 141 338 351 164 356 311 190 209 285 177 180 264 311 259 227 200 392 291 343 195 242 240 265 316 318 115 240 244 172 238 257 302 184 309 234 274 279 284 257 179 218 176 96 168 127 221 225 279 200 323 264 290 211 321 333 164 328 266 236 257 238 344 282 203 316 234 252 271 206 341 247 220 251 198 177 172 326 162 220 208 178 166 185 327 303 244 225 269 330 323 221 365 157 210 327 375 268 270 308 198 190 387 252 89 216 250 166 240 253 170 264 312 221 190 234 232 310 305 220 269 231 210 228 385 291 323 199 325 267 343 362 255 183 196 270 204 159 209 247 286 0 171 198 230 313 375 187 251 257 339 362 229 339 264 262 244 272 178 276 317 375 221 333 209 113 273 259 301 176 233 230 189 220 201 189 209 204 281 269 328 196 228 279 219 262 254 198 131 325 299 155 330 387 208 178 187 233 312 239 349 245 252 271 210 175 230 330 188 199 217 201 300 151 203 316 129 337 229 290 140 260 144 339 193 287 259 217 305 310 259 306 335 215 193 329 220 248 334 247 292 397 305 195 339 157 187 358 244 305 255 293 242 272 211 167 147 163 179 207 340 208 165 205 246 222 225 315 183 192 90 360 273 238 156 237 264 329 212 358 202 237 214 255 258 189 252 229 
118 159 173 116 125 29 12 13 5 88 14 24 71 196 93 100 73 171 51 101 113 97 131 204 141 128 122 119 114 94 239 211 195 268 221 23 257 100 238 156 35 179 205 115 43 30 214 163 162 68 192 186 87 30 68 186 190 151 77 62 186 182 64 82 92 15 53 213 140 36 213 207 164 231 212 183 198 11 47 95 119 213 168 69 257 172 65 192 223 84 172 182 138 101 19 216 206 106 192 65 46 224 186 133 77 237 126 68 17 95 182 65 200 26 133 114 81 35 121 55 97 161 62 191 43 138 73 87 73 126 104 67 122 126 270 114 106 42 162 148 42 101 204 196 181 184 131 27 106 231 262 176 50 231 169 155 15 253 142 134 77 167 182 38 170 98 96 170 122 69 133 52 211 196 148 81 86 188 158 159 194 84 180 223 76 125 98 43 187 139 198 57 206 211 34 196 224 218 68 169 206 141 158 92 95 139 68 29 65 99 69 26 92 146 213 226 17 231 186 29 48 160 30 19 103 186 134 102 75 267 166 218 48 117 79 104 191 193 120 93 119 177 91 110 177 23 184 87 149 154 159 96 18 57 15 101 173 132 60 64 154 53 198 103 165 50 196 208 39 203 141 89 132 113 219 157 78 191 109 127 146 81 216 86 95 90 51 16 25 201 15 59 47 17 41 24 202 178 97 78 108 205 198 96 240 32 49 202 250 143 145 183 73 43 262 105 94 55 103 19 115 128 9 103 187 96 43 73 71 185 180 73 108 84 85 67 260 166 198 52 200 142 218 237 94 22 49 145 57 34 48 122 161 171 0 37 83 188 250 40 104 96 214 237 68 214 103 137 119 111 17 151 192 250 60 208 62 118 148 98 176 15 86 69 28 95 76 28 48 57 156 144 203 35 67 154 72 137 129 73 136 200 174 160 205 262 47 17 40 86 187 78 224 120 127 110 85 14 69 205 27 74 92 40 175 156 78 191 134 212 68 165 145 135 149 214 68 162 112 56 180 185 98 181 210 90 46 204 59 101 209 100 167 272 180 48 214 32 26 233 119 180 108 168 95 147 86 6 152 38 184 46 215 47 170 44 121 75 64 190 22 31 95 235 112 91 161 90 103 204 87 233 77 76 89 94 133 64 105 68 
145 186 200 143 152 56 39 40 32 115 41 51 98 223 120 127 100 198 78 128 140 124 158 231 168 155 149 146 141 121 266 238 222 295 248 50 284 127 265 183 62 206 232 142 70 57 241 190 189 95 219 213 114 57 95 213 217 178 104 89 213 209 91 109 119 42 80 240 167 63 240 234 191 258 239 210 225 38 74 122 146 240 195 96 284 199 92 219 250 111 199 209 165 128 46 243 233 133 219 92 73 251 213 160 104 264 153 95 44 122 209 92 227 53 160 141 108 62 148 82 124 188 89 218 70 165 100 114 100 153 131 94 149 153 297 141 133 69 189 175 69 128 231 223 208 211 158 54 133 258 289 203 77 258 196 182 42 280 169 161 104 194 209 65 197 125 123 197 149 96 160 79 238 223 175 108 113 215 185 186 221 111 207 250 103 152 125 70 214 166 225 84 233 238 61 223 251 245 95 196 233 168 185 119 122 166 95 56 92 126 96 53 119 173 240 253 44 258 213 56 75 187 57 46 130 213 161 129 102 294 193 245 75 144 106 131 218 220 147 120 146 204 118 137 204 50 211 114 176 181 186 123 45 84 42 128 200 159 87 91 181 80 225 130 192 77 223 235 66 230 168 116 159 140 246 184 105 218 136 154 173 108 243 113 122 117 78 43 52 228 42 86 74 44 68 51 229 205 124 105 135 232 225 123 267 59 76 229 277 170 172 210 100 70 289 132 121 82 130 46 142 155 36 130 214 123 70 100 98 212 207 100 135 111 112 94 287 193 225 79 227 169 245 264 121 49 76 172 84 61 75 149 188 198 37 0 110 215 277 67 131 123 241 264 95 241 130 164 146 138 44 178 219 277 87 235 89 145 175 125 203 42 113 96 55 122 103 55 75 84 183 171 230 62 94 181 99 164 156 100 163 227 201 187 232 289 74 44 67 113 214 105 251 147 154 137 112 41 96 232 54 101 119 67 202 183 105 218 161 239 95 192 172 162 176 241 95 189 139 83 207 212 125 208 237 117 73 231 86 128 236 127 194 299 207 75 241 59 53 260 146 207 135 195 122 174 113 33 179 65 211 73 242 74 197 71 148 102 91 217 49 58 122 262 139 118 188 117 130 231 114 260 104 103 116 121 160 91 132 95 
189 230 244 187 196 100 71 86 78 147 87 83 139 267 166 159 144 242 124 160 172 170 202 275 212 187 181 178 173 167 310 282 266 339 292 82 328 159 309 224 106 250 276 174 116 103 285 222 233 139 263 257 155 89 127 257 261 222 136 121 245 253 135 153 151 88 126 284 199 107 284 278 235 302 283 254 269 84 106 166 178 284 239 128 328 243 138 263 294 152 243 253 197 160 92 287 277 179 263 136 119 295 257 192 136 308 185 141 76 154 253 124 271 99 192 173 154 108 192 128 170 232 133 262 102 206 146 158 132 197 163 138 193 194 341 173 177 115 230 219 115 172 275 267 252 255 202 100 177 302 333 247 123 302 240 223 88 324 213 193 136 235 253 111 241 157 164 241 181 128 204 111 282 267 219 140 159 259 229 218 265 155 251 294 135 193 169 116 258 210 269 130 277 282 105 267 295 289 141 228 277 212 226 165 168 210 141 88 138 170 128 99 151 205 284 297 76 302 257 102 121 231 89 92 176 257 205 170 146 338 237 289 107 185 152 177 262 264 179 152 190 236 150 169 248 96 255 146 220 225 230 169 91 130 88 160 232 191 133 137 225 112 269 176 236 123 267 279 110 274 212 148 200 184 290 228 149 262 177 198 214 149 287 159 163 163 110 89 84 272 74 132 120 90 112 97 273 249 156 137 181 276 269 167 311 103 122 273 321 214 216 254 144 102 333 164 153 128 162 78 186 196 82 176 258 164 102 146 144 256 251 132 181 143 156 140 331 234 269 111 271 213 289 308 167 95 108 216 116 105 121 193 232 230 83 110 0 259 321 99 163 169 285 308 141 285 176 208 187 184 90 219 263 321 133 279 121 177 216 171 247 88 145 142 101 166 144 101 121 116 224 215 274 108 140 225 131 205 197 141 195 271 245 219 276 333 120 90 99 145 258 151 295 191 195 183 153 87 142 276 100 145 163 113 246 215 149 262 193 283 141 236 204 206 208 285 139 233 171 129 251 256 171 252 281 158 105 275 132 160 280 159 238 343 251 107 285 103 99 304 187 251 167 239 154 218 157 79 211 109 243 119 286 120 229 117 192 134 137 261 95 104 154 306 185 150 220 149 176 275 158 304 148 149 157 167 204 135 164 141 
74 63 15 72 77 159 188 181 183 230 180 176 201 152 259 252 203 127 229 277 265 263 87 108 93 270 264 271 256 260 81 167 147 110 125 199 161 252 142 286 165 83 109 257 221 198 170 305 114 198 144 142 217 206 220 138 146 107 229 238 328 138 194 212 244 183 231 169 282 166 169 111 120 135 164 25 150 189 199 225 261 165 124 245 161 76 231 148 65 214 124 138 280 243 197 58 48 274 148 195 212 176 90 275 229 141 268 246 193 271 138 217 156 192 275 266 249 203 251 223 275 65 192 33 195 268 241 217 249 82 246 197 78 256 112 266 236 210 292 100 208 231 156 152 85 140 87 193 236 73 104 80 228 135 121 285 183 157 98 276 229 297 138 206 126 250 226 74 274 221 85 204 167 152 104 233 254 144 110 301 36 214 136 65 252 255 228 209 143 95 40 225 162 53 164 38 66 60 246 311 48 97 288 258 263 95 246 205 243 229 245 192 234 288 165 130 193 135 142 195 216 112 206 187 271 28 86 232 205 109 70 60 224 247 257 270 147 97 262 245 75 319 243 262 129 201 26 263 105 110 111 274 184 225 181 243 315 274 228 232 106 229 154 271 121 218 100 160 169 159 93 241 262 243 61 113 208 147 239 83 276 211 58 254 225 258 203 184 177 105 191 225 213 195 171 202 158 82 249 230 276 161 154 226 144 162 215 44 92 99 101 139 203 219 104 257 236 223 255 195 245 258 187 271 91 226 195 241 237 89 136 249 274 260 215 235 102 296 154 204 104 98 122 141 262 188 225 101 209 164 226 78 65 313 188 215 259 0 154 216 256 264 166 141 246 118 269 89 249 279 185 281 144 154 238 164 238 260 278 276 132 183 238 235 196 225 206 196 226 233 286 100 155 201 233 110 224 267 259 203 278 104 78 302 47 104 213 183 216 238 29 244 66 250 257 278 215 182 247 161 205 204 222 218 79 298 208 147 276 54 234 69 287 91 291 166 198 118 264 234 136 141 266 133 52 220 222 160 227 253 51 276 119 114 22 200 170 162 192 75 249 136 260 124 247 103 216 184 294 168 326 214 167 215 312 210 77 251 242 142 188 209 237 77 280 267 303 266 271 156 217 137 207 244 219 272 85 194 257 234 
132 91 139 134 125 221 250 243 245 292 242 238 263 210 321 314 265 189 291 339 327 325 145 136 141 332 326 333 318 322 205 225 195 234 153 261 189 314 170 348 227 111 137 319 283 260 232 367 162 260 192 200 279 268 282 186 208 165 291 300 390 196 256 274 306 245 293 227 344 228 231 139 178 163 212 149 198 251 261 287 323 213 182 307 189 104 293 210 189 276 172 200 342 305 259 182 172 336 206 257 274 224 118 337 291 169 330 308 255 333 200 279 214 254 337 328 311 265 313 285 337 93 254 157 257 330 303 279 311 144 308 259 140 318 236 328 298 272 354 148 270 293 204 214 113 202 149 255 298 197 228 108 290 163 169 347 245 185 156 338 291 359 200 268 188 312 288 102 336 283 133 266 229 214 162 295 316 206 158 363 160 276 198 189 314 317 290 271 201 157 164 287 224 177 226 162 190 184 308 373 172 155 350 320 325 157 308 267 305 291 307 254 296 350 213 158 255 163 204 257 278 160 268 249 333 152 134 294 267 233 98 184 286 309 319 332 205 125 324 307 133 381 305 324 177 263 150 325 167 172 159 336 246 287 243 305 377 336 290 294 154 291 216 333 179 280 128 208 231 217 141 303 324 305 185 171 270 205 301 141 338 273 182 316 287 320 265 246 239 133 253 287 275 257 233 264 220 110 311 292 338 219 216 288 172 224 277 168 216 157 159 197 265 281 228 319 298 285 317 257 307 320 249 333 119 288 257 303 299 117 194 311 336 322 277 297 226 358 216 266 132 156 150 169 324 250 287 159 271 226 288 136 93 375 250 277 321 154 0 278 318 326 214 169 308 146 331 137 311 341 247 343 192 182 300 226 300 322 340 338 194 245 300 297 258 287 268 258 288 295 348 158 203 263 295 168 286 329 321 265 340 132 106 364 171 228 275 245 278 300 153 306 190 312 319 340 277 244 309 219 267 266 284 280 107 360 270 209 338 178 296 97 349 149 353 214 260 176 326 296 194 203 328 181 176 282 284 218 289 315 175 338 167 238 146 262 228 224 254 199 311 194 322 182 309 161 278 246 356 230 388 276 215 277 374 272 139 313 304 190 250 271 299 201 342 329 365 328 333 204 279 165 269 306 281 334 133 256 319 296 
146 187 201 144 153 57 28 43 35 104 44 40 96 224 123 116 101 199 81 117 129 127 159 232 169 144 138 135 130 124 267 239 223 296 249 39 285 116 266 181 63 207 233 131 73 60 242 179 190 96 220 214 112 46 84 214 218 179 93 78 202 210 92 110 108 45 83 241 156 64 241 235 192 259 240 211 226 41 63 123 135 241 196 85 285 200 95 220 251 109 200 210 154 117 49 244 234 136 220 93 76 252 214 149 93 265 142 98 33 111 210 81 228 56 149 130 111 65 149 85 127 189 90 219 59 163 103 115 89 154 120 95 150 151 298 130 134 72 187 176 72 129 232 224 209 212 159 57 134 259 290 204 80 259 197 180 45 281 170 150 93 192 210 68 198 114 121 198 138 85 161 68 239 224 176 97 116 216 186 175 222 112 208 251 92 150 126 73 215 167 226 87 234 239 62 224 252 246 98 185 234 169 183 122 125 167 98 45 95 127 85 56 108 162 241 254 33 259 214 59 78 188 46 49 133 214 162 127 103 295 194 246 64 142 109 134 219 221 136 109 147 193 107 126 205 53 212 103 177 182 187 126 48 87 45 117 189 148 90 94 182 69 226 133 193 80 224 236 67 231 169 105 157 141 247 185 106 219 134 155 171 106 244 116 120 120 67 46 41 229 31 89 77 47 69 54 230 206 113 94 138 233 226 124 268 60 79 230 278 171 173 211 101 59 290 121 110 85 119 35 143 153 39 133 215 121 59 103 101 213 208 89 138 100 113 97 288 191 226 68 228 170 246 265 124 52 65 173 73 62 78 150 189 187 40 67 99 216 278 0 120 126 242 265 98 242 133 165 144 141 47 176 220 278 90 236 78 134 173 128 204 45 102 99 58 123 101 58 78 73 181 172 231 65 97 182 88 162 154 98 152 228 202 176 233 290 77 47 56 102 215 108 252 148 152 140 110 44 99 233 57 102 120 70 203 172 106 219 150 240 98 193 161 163 165 242 96 190 128 86 208 213 128 209 238 115 62 232 89 117 237 116 195 300 208 64 242 60 56 261 144 208 124 196 111 175 114 36 168 66 200 76 243 77 186 74 149 91 94 218 52 61 111 263 142 107 177 106 133 232 115 261 105 106 114 124 161 92 121 98 
186 227 241 184 193 97 92 107 99 168 108 80 139 264 187 156 141 239 145 181 169 191 199 272 209 208 202 175 194 188 307 279 263 336 289 103 325 156 306 224 103 247 273 195 137 124 282 243 230 136 260 254 155 110 124 254 258 219 133 142 266 250 132 150 148 109 147 281 220 104 281 275 232 299 280 251 266 105 103 163 199 281 236 149 325 240 159 260 291 152 240 250 218 181 113 284 274 200 260 133 140 292 254 213 133 305 206 162 97 175 250 121 268 120 213 170 175 129 189 149 191 229 130 259 99 206 167 155 153 194 184 135 190 194 338 170 174 136 230 216 136 169 272 264 249 252 199 121 174 299 330 244 144 299 237 223 109 321 210 214 133 235 250 132 238 154 164 238 178 125 201 108 279 264 216 137 180 256 226 239 262 152 248 291 156 193 166 137 255 207 266 151 274 279 102 264 292 286 162 249 274 209 226 186 189 207 162 109 159 167 149 120 172 226 281 294 97 299 254 123 142 228 110 113 197 254 202 170 143 335 234 286 128 185 173 198 259 261 200 149 187 257 147 166 245 117 252 167 217 222 227 190 112 151 109 181 253 212 154 158 222 133 266 197 233 144 264 276 107 271 209 145 200 181 287 225 146 259 177 195 214 149 284 180 163 184 107 110 81 269 95 153 141 111 109 118 270 246 153 134 202 273 266 164 308 100 143 270 318 211 213 251 141 123 330 161 174 149 159 99 183 196 103 197 255 164 99 167 165 253 248 153 202 164 153 161 328 234 266 108 268 210 286 305 188 116 129 213 113 102 142 190 229 251 104 131 163 256 318 120 0 190 282 305 162 282 197 205 187 205 111 219 260 318 154 276 142 198 216 192 244 109 142 163 122 163 144 122 142 137 224 212 271 129 161 222 128 205 197 141 216 268 242 240 273 330 141 111 120 142 255 172 292 188 195 204 153 108 163 273 121 142 160 134 243 236 146 259 214 280 162 233 225 203 229 282 136 230 168 150 248 253 192 249 278 158 126 272 153 157 277 180 235 340 248 104 282 100 120 301 187 248 164 236 151 215 154 100 232 106 264 140 283 141 250 138 189 155 158 258 116 125 175 303 206 171 241 170 197 272 155 301 145 170 157 188 201 132 161 162 
194 235 249 192 201 105 98 83 91 174 84 110 147 272 163 186 149 247 137 187 199 167 207 280 217 214 208 205 200 164 315 287 271 344 297 109 333 186 314 232 111 255 281 201 129 100 290 249 238 144 268 262 163 116 154 262 266 227 163 148 272 258 140 158 178 85 139 289 226 112 289 283 240 307 288 259 274 97 133 171 205 289 244 155 333 248 135 268 299 160 248 258 224 187 105 292 282 176 268 141 116 300 262 219 163 313 212 154 103 181 258 151 276 96 219 200 151 105 197 125 183 237 138 267 129 214 143 163 159 202 190 143 198 202 346 200 182 112 238 224 112 177 280 272 257 260 207 97 182 307 338 252 136 307 245 231 85 329 218 220 163 243 258 108 246 184 172 246 208 155 209 138 287 272 224 167 156 264 234 245 270 160 256 299 162 201 174 113 263 215 274 127 282 287 110 272 300 294 154 255 282 217 234 162 165 215 154 115 151 175 155 96 178 232 289 302 103 307 262 99 118 236 116 89 173 262 210 178 151 343 242 294 134 193 165 174 267 269 206 179 195 263 177 196 253 109 260 173 225 230 235 182 88 127 85 187 259 218 130 134 230 139 274 173 241 120 272 284 115 279 217 175 208 189 295 233 154 267 185 203 222 157 292 156 171 160 137 86 111 277 101 129 117 103 117 110 278 254 183 164 178 281 274 172 316 108 119 278 326 219 221 259 149 129 338 191 180 125 189 105 191 204 95 173 263 172 129 143 141 261 256 159 178 170 161 137 336 242 274 138 276 218 294 313 164 92 135 221 143 110 134 198 237 257 96 123 169 264 326 126 190 0 290 313 154 290 173 213 195 181 87 227 268 326 146 284 148 204 224 184 252 85 172 139 98 171 152 98 134 143 232 220 279 105 137 230 158 213 205 149 222 276 250 246 281 338 117 87 126 172 263 148 300 196 203 180 161 84 155 281 113 150 168 126 251 242 154 267 220 288 138 241 231 211 235 290 144 238 198 142 256 261 168 257 286 166 132 280 129 187 285 186 243 348 256 134 290 108 96 309 195 256 194 244 181 223 162 92 238 114 270 116 291 117 256 114 197 161 150 266 92 117 181 311 182 177 247 176 173 280 163 309 153 146 165 180 209 140 191 138 
96 123 151 98 89 185 214 207 209 256 206 202 227 174 285 278 229 153 255 303 291 289 109 168 105 296 290 297 282 286 217 189 159 246 185 225 221 278 202 312 191 143 169 283 247 224 196 331 126 224 156 164 243 232 246 150 172 129 255 264 354 160 220 238 270 209 257 191 308 192 195 171 142 195 176 161 162 215 225 251 287 177 146 271 221 136 257 174 201 240 136 164 306 269 223 194 184 300 170 221 238 188 150 301 255 201 294 272 219 297 164 243 178 218 301 292 275 229 277 249 301 125 218 169 221 294 267 243 275 108 272 223 104 282 248 292 262 236 318 112 234 257 168 178 145 166 113 219 262 209 240 140 254 195 133 311 209 217 120 302 255 323 164 232 152 276 252 134 300 247 97 230 193 178 126 259 280 170 122 327 172 240 162 201 278 281 254 235 165 121 176 251 188 189 190 174 202 196 272 337 184 119 314 284 289 121 272 231 269 255 271 218 260 314 177 190 219 195 168 221 242 124 232 213 297 164 98 258 231 245 130 196 250 273 283 296 169 157 288 271 97 345 269 288 141 227 162 289 131 136 123 300 210 251 207 269 341 300 254 258 118 255 180 297 143 244 160 172 195 181 105 267 288 269 197 135 234 169 265 105 302 237 194 280 251 284 229 210 203 165 217 251 239 221 197 228 184 142 275 256 302 183 180 252 204 188 241 180 228 121 123 161 229 245 240 283 262 249 281 221 271 284 213 297 151 252 221 267 263 149 158 275 300 286 241 261 238 322 180 230 164 120 182 201 288 214 251 123 235 190 252 100 125 339 214 241 285 166 214 242 282 290 0 201 272 178 295 101 275 305 211 307 156 214 264 190 264 286 304 302 158 209 264 261 222 251 232 222 252 259 312 122 167 227 259 132 250 293 285 229 304 164 138 328 183 240 239 209 242 264 165 270 202 276 283 304 241 208 273 183 231 230 248 244 139 324 234 173 302 190 260 129 313 113 317 178 224 140 290 260 158 167 292 145 188 246 248 182 253 279 187 302 131 250 158 226 192 188 218 211 275 158 286 146 273 125 242 210 320 194 352 240 179 241 338 236 103 277 268 154 214 235 263 213 306 293 329 292 297 168 243 197 233 270 245 298 97 220 283 260 
119 78 126 121 112 208 237 230 232 279 229 225 250 197 308 301 252 176 278 326 314 312 132 123 128 319 313 320 305 309 192 212 182 221 140 248 176 301 157 335 214 98 124 306 270 247 219 354 149 247 179 187 266 255 269 173 195 152 278 287 377 183 243 261 293 232 280 214 331 215 218 126 165 150 199 136 185 238 248 274 310 200 169 294 176 91 280 197 176 263 159 187 329 292 246 169 159 323 193 244 261 211 105 324 278 156 317 295 242 320 187 266 201 241 324 315 298 252 300 272 324 80 241 144 244 317 290 266 298 131 295 246 127 305 223 315 285 259 341 135 257 280 191 201 100 189 136 242 285 184 215 95 277 150 156 334 232 172 143 325 278 346 187 255 175 299 275 89 323 270 120 253 216 201 149 282 303 193 145 350 147 263 185 176 301 304 277 258 188 144 151 274 211 164 213 149 177 171 295 360 159 142 337 307 312 144 295 254 292 278 294 241 283 337 200 145 242 150 191 244 265 147 255 236 320 139 121 281 254 220 85 171 273 296 306 319 192 112 311 294 120 368 292 311 164 250 137 312 154 159 146 323 233 274 230 292 364 323 277 281 141 278 203 320 166 267 115 195 218 204 128 290 311 292 172 158 257 192 288 128 325 260 169 303 274 307 252 233 226 120 240 274 262 244 220 251 207 97 298 279 325 206 203 275 159 211 264 155 203 144 146 184 252 268 215 306 285 272 304 244 294 307 236 320 106 275 244 290 286 104 181 298 323 309 264 284 213 345 203 253 119 143 137 156 311 237 274 146 258 213 275 123 80 362 237 264 308 141 169 265 305 313 201 0 295 133 318 124 298 328 234 330 179 169 287 213 287 309 327 325 181 232 287 284 245 274 255 245 275 282 335 145 190 250 282 155 273 316 308 252 327 119 93 351 158 215 262 232 265 287 140 293 177 299 306 327 264 231 296 206 254 253 271 267 94 347 257 196 325 165 283 84 336 136 340 201 247 163 313 283 181 190 315 168 163 269 271 205 276 302 162 325 154 225 133 249 215 211 241 186 298 181 309 169 296 148 265 233 343 217 375 263 202 264 361 259 126 300 291 177 237 258 286 188 329 316 352 315 320 191 266 152 256 293 268 321 120 243 306 283 
176 217 231 174 183 87 70 71 63 146 72 82 129 254 151 158 131 229 109 159 171 155 189 262 199 186 180 177 172 152 297 269 253 326 279 81 315 158 296 214 93 237 263 173 101 88 272 221 220 126 250 244 145 88 126 244 248 209 135 120 244 240 122 140 150 73 111 271 198 94 271 265 222 289 270 241 256 69 105 153 177 271 226 127 315 230 123 250 281 142 230 240 196 159 77 274 264 164 250 123 104 282 244 191 135 295 184 126 75 153 240 123 258 84 191 172 139 93 179 113 155 219 120 249 101 196 131 145 131 184 162 125 180 184 328 172 164 100 220 206 100 159 262 254 239 242 189 85 164 289 320 234 108 289 227 213 73 311 200 192 135 225 240 96 228 156 154 228 180 127 191 110 269 254 206 139 144 246 216 217 252 142 238 281 134 183 156 101 245 197 256 115 264 269 92 254 282 276 126 227 264 199 216 150 153 197 126 87 123 157 127 84 150 204 271 284 75 289 244 87 106 218 88 77 161 244 192 160 133 325 224 276 106 175 137 162 249 251 178 151 177 235 149 168 235 81 242 145 207 212 217 154 76 115 73 159 231 190 118 122 212 111 256 161 223 108 254 266 97 261 199 147 190 171 277 215 136 249 167 185 204 139 274 144 153 148 109 74 83 259 73 117 105 75 99 82 260 236 155 136 166 263 256 154 298 90 107 260 308 201 203 241 131 101 320 163 152 113 161 77 173 186 67 161 245 154 101 131 129 243 238 131 166 142 143 125 318 224 256 110 258 200 276 295 152 80 107 203 115 92 106 180 219 229 68 95 141 246 308 98 162 154 272 295 0 272 161 195 177 169 75 209 250 308 118 266 120 176 206 156 234 73 144 127 86 153 134 86 106 115 214 202 261 93 125 212 130 195 187 131 194 258 232 218 263 320 105 75 98 144 245 136 282 178 185 168 143 72 127 263 85 132 150 98 233 214 136 249 192 270 126 223 203 193 207 272 126 220 170 114 238 243 156 239 268 148 104 262 117 159 267 158 225 330 238 106 272 90 84 291 177 238 166 226 153 205 144 64 210 96 242 104 273 105 228 102 179 133 122 248 80 89 153 293 170 149 219 148 161 262 145 291 135 134 147 152 191 122 163 126 
96 55 103 98 89 185 214 207 209 256 206 202 227 174 285 278 229 153 255 303 291 289 109 100 105 296 290 297 282 286 169 189 159 198 117 225 153 278 134 312 191 75 101 283 247 224 196 331 126 224 156 164 243 232 246 150 172 129 255 264 354 160 220 238 270 209 257 191 308 192 195 103 142 127 176 113 162 215 225 251 287 177 146 271 153 68 257 174 153 240 136 164 306 269 223 146 136 300 170 221 238 188 82 301 255 133 294 272 219 297 164 243 178 218 301 292 275 229 277 249 301 57 218 121 221 294 267 243 275 108 272 223 104 282 200 292 262 236 318 112 234 257 168 178 77 166 113 219 262 161 192 72 254 127 133 311 209 149 120 302 255 323 164 232 152 276 252 66 300 247 97 230 193 178 126 259 280 170 122 327 124 240 162 153 278 281 254 235 165 121 128 251 188 141 190 126 154 148 272 337 136 119 314 284 289 121 272 231 269 255 271 218 260 314 177 122 219 127 168 221 242 124 232 213 297 116 98 258 231 197 62 148 250 273 283 296 169 89 288 271 97 345 269 288 141 227 114 289 131 136 123 300 210 251 207 269 341 300 254 258 118 255 180 297 143 244 92 172 195 181 105 267 288 269 149 135 234 169 265 105 302 237 146 280 251 284 229 210 203 97 217 251 239 221 197 228 184 74 275 256 302 183 180 252 136 188 241 132 180 121 123 161 229 245 192 283 262 249 281 221 271 284 213 297 83 252 221 267 263 81 158 275 300 286 241 261 190 322 180 230 96 120 114 133 288 214 251 123 235 190 252 100 57 339 214 241 285 118 146 242 282 290 178 133 272 0 295 101 275 305 211 307 156 146 264 190 264 286 304 302 158 209 264 261 222 251 232 222 252 259 312 122 167 227 259 132 250 293 285 229 304 96 70 328 135 192 239 209 242 264 117 270 154 276 283 304 241 208 273 183 231 230 248 244 71 324 234 173 302 142 260 61 313 113 317 178 224 140 290 260 158 167 292 145 140 246 248 182 253 279 139 302 131 202 110 226 192 188 218 163 275 158 286 146 273 125 242 210 320 194 352 240 179 241 338 236 103 277 268 154 214 235 263 165 306 293 329 292 297 168 243 129 233 270 245 298 97 220 283 260 
199 240 254 197 206 110 105 90 98 181 89 117 152 277 168 193 154 252 144 194 206 172 212 285 222 221 215 212 207 169 320 292 276 349 302 116 338 193 319 237 116 260 286 208 136 107 295 256 243 149 273 267 168 123 161 267 271 232 170 155 279 263 145 163 185 92 146 294 233 117 294 288 245 312 293 264 279 104 140 176 212 294 249 162 338 253 140 273 304 165 253 263 231 194 112 297 287 183 273 146 121 305 267 226 170 318 219 161 110 188 263 158 281 101 226 207 158 112 202 132 190 242 143 272 136 219 150 168 166 207 197 148 203 207 351 207 187 119 243 229 117 182 285 277 262 265 212 102 187 312 343 257 143 312 250 236 92 334 223 227 170 248 263 115 251 191 177 251 215 162 214 145 292 277 229 174 163 269 239 252 275 165 261 304 169 206 179 118 268 220 279 134 287 292 115 277 305 299 161 262 287 222 239 167 172 220 161 122 158 180 162 101 185 239 294 307 110 312 267 104 125 241 123 96 180 267 215 183 156 348 247 299 141 198 172 179 272 274 213 186 200 270 184 203 258 116 265 180 230 235 240 189 93 134 90 194 266 225 137 141 235 146 279 180 246 127 277 289 120 284 222 182 213 194 300 238 159 272 190 208 227 162 297 163 176 167 144 93 118 282 108 134 122 110 122 117 283 259 190 171 185 286 279 177 321 113 124 283 331 224 226 264 154 136 343 198 187 132 196 112 196 209 102 180 268 177 136 150 146 266 261 166 183 177 166 144 341 247 279 145 281 223 299 318 171 97 142 226 150 115 141 203 242 264 103 130 176 269 331 133 197 173 295 318 161 295 0 218 200 188 94 232 273 331 153 289 155 211 229 191 257 92 179 144 105 176 157 105 141 150 237 225 284 110 142 235 165 218 210 154 229 281 255 253 286 343 122 92 133 179 268 153 305 201 208 187 166 91 162 286 120 155 173 133 256 249 159 272 227 293 143 246 238 216 242 295 149 243 205 149 261 266 175 262 291 171 139 285 136 194 290 193 248 353 261 141 295 113 101 314 200 261 201 249 188 228 167 99 245 119 277 123 296 124 263 119 202 168 157 271 97 124 188 316 189 184 254 183 180 285 168 314 158 153 170 187 214 145 198 143 
19 46 74 21 12 108 137 130 132 179 129 125 150 97 208 201 152 76 178 226 214 212 32 91 28 219 213 220 205 209 140 112 82 169 108 148 144 201 125 235 114 66 92 206 170 147 119 254 49 147 79 87 166 155 169 73 95 52 178 187 277 83 143 161 193 132 180 114 231 115 118 94 65 118 99 84 85 138 148 174 210 100 69 194 144 59 180 97 124 163 59 87 229 192 146 117 107 223 93 144 161 111 73 224 178 124 217 195 142 220 87 166 101 141 224 215 198 152 200 172 224 48 141 92 144 217 190 166 198 31 195 146 27 205 171 215 185 159 241 35 157 180 91 101 68 89 36 142 185 132 163 63 177 118 56 234 132 140 43 225 178 246 87 155 75 199 175 57 223 170 20 153 116 101 49 182 203 93 45 250 95 163 85 124 201 204 177 158 88 44 99 174 111 112 113 97 125 119 195 260 107 42 237 207 212 44 195 154 192 178 194 141 183 237 100 113 142 118 91 144 165 47 155 136 220 87 21 181 154 168 53 119 173 196 206 219 92 80 211 194 20 268 192 211 64 150 85 212 54 59 46 223 133 174 130 192 264 223 177 181 41 178 103 220 66 167 83 95 118 104 28 190 211 192 120 58 157 92 188 28 225 160 117 203 174 207 152 133 126 88 140 174 162 144 120 151 107 65 198 179 225 106 103 175 127 111 164 103 151 44 46 84 152 168 163 206 185 172 204 144 194 207 136 220 74 175 144 190 186 72 81 198 223 209 164 184 161 245 103 153 87 43 105 124 211 137 174 46 158 113 175 23 48 262 137 164 208 89 137 165 205 213 101 124 195 101 218 0 198 228 134 230 79 137 187 113 187 209 227 225 81 132 187 184 145 174 155 145 175 182 235 45 90 150 182 55 173 216 208 152 227 87 61 251 106 163 162 132 165 187 88 193 125 199 206 227 164 131 196 106 154 153 171 167 62 247 157 96 225 113 183 52 236 36 240 101 147 63 213 183 81 90 215 68 111 169 171 105 176 202 110 225 54 173 81 149 115 111 141 134 198 81 209 69 196 48 165 133 243 117 275 163 102 164 261 159 26 200 191 77 137 158 186 136 229 216 252 215 220 91 166 120 156 193 168 221 20 143 206 183 
179 220 234 177 186 90 116 112 114 161 111 107 48 257 190 183 134 232 160 205 196 194 192 265 202 201 195 202 187 191 300 272 256 329 282 127 318 183 299 133 96 240 266 188 152 129 275 236 223 129 253 247 64 134 151 247 251 212 160 166 259 243 125 143 175 114 162 274 213 97 274 268 225 292 273 244 259 120 130 156 192 274 229 173 318 233 162 253 284 61 233 243 211 174 128 277 267 205 253 126 143 285 247 206 160 298 199 177 121 199 243 148 261 123 206 197 180 134 182 154 206 222 123 252 126 115 172 148 177 187 177 128 183 103 331 197 167 141 139 209 139 162 265 257 242 245 192 124 167 292 323 237 159 292 230 132 114 314 203 207 160 144 243 137 231 181 73 231 205 152 194 135 272 257 209 164 185 249 219 232 255 145 241 284 180 102 159 140 248 200 259 156 267 272 95 257 285 279 177 242 267 202 135 189 194 200 177 133 174 160 173 123 165 219 274 287 121 292 247 126 147 221 134 118 202 247 195 79 136 328 227 279 152 94 188 201 252 254 193 176 180 250 174 193 238 132 245 191 210 215 220 205 115 156 112 174 246 205 159 163 215 157 259 202 226 149 257 269 100 264 202 172 109 174 280 218 139 252 86 188 123 58 277 185 72 189 134 115 108 262 119 156 144 126 102 133 263 239 180 161 207 266 259 157 301 93 146 263 311 204 206 244 134 147 323 188 167 154 186 123 176 105 118 202 248 73 126 172 168 246 241 177 205 188 146 166 321 143 259 135 261 203 279 298 193 119 153 206 140 95 157 183 222 244 119 146 187 249 311 144 187 195 275 298 177 275 200 198 0 210 116 128 253 311 169 269 166 191 125 207 237 114 169 166 127 156 53 127 157 161 133 205 264 132 164 215 155 114 106 50 209 261 235 233 266 323 144 114 144 169 248 175 285 181 104 209 62 113 178 266 136 135 153 149 236 229 139 252 207 273 165 226 218 196 222 275 129 223 195 165 241 246 197 242 271 67 150 265 158 184 270 204 228 333 241 131 275 93 123 294 96 241 191 229 178 208 147 115 225 99 257 145 276 146 243 141 182 179 173 251 119 140 168 296 211 195 234 194 202 265 148 294 138 175 66 203 194 125 188 165 
209 250 264 207 216 120 113 98 106 189 99 125 162 287 178 201 164 262 152 202 214 182 222 295 232 229 223 220 215 179 330 302 286 359 312 124 348 201 329 247 126 270 296 216 144 115 305 264 253 159 283 277 178 131 169 277 281 242 178 163 287 273 155 173 193 100 154 304 241 127 304 298 255 322 303 274 289 112 148 186 220 304 259 170 348 263 150 283 314 175 263 273 239 202 120 307 297 191 283 156 131 315 277 234 178 328 227 169 118 196 273 166 291 111 234 215 166 120 212 140 198 252 153 282 144 229 158 178 174 217 205 158 213 217 361 215 197 127 253 239 127 192 295 287 272 275 222 112 197 322 353 267 151 322 260 246 100 344 233 235 178 258 273 123 261 199 187 261 223 170 224 153 302 287 239 182 171 279 249 260 285 175 271 314 177 216 189 128 278 230 289 142 297 302 125 287 315 309 169 270 297 232 249 177 180 230 169 130 166 190 170 111 193 247 304 317 118 322 277 114 133 251 131 104 188 277 225 193 166 358 257 309 149 208 180 189 282 284 221 194 210 278 192 211 268 124 275 188 240 245 250 197 103 142 100 202 274 233 145 149 245 154 289 188 256 135 287 299 130 294 232 190 223 204 310 248 169 282 200 218 237 172 307 171 186 175 152 101 126 292 116 144 132 118 132 125 293 269 198 179 193 296 289 187 331 123 134 293 341 234 236 274 164 144 353 206 195 140 204 120 206 219 110 188 278 187 144 158 156 276 271 174 193 185 176 152 351 257 289 153 291 233 309 328 179 107 150 236 158 125 149 213 252 272 111 138 184 279 341 141 205 181 305 328 169 305 188 228 210 0 102 242 283 341 161 299 163 219 239 199 267 100 187 154 113 186 167 113 149 158 247 235 294 120 152 245 173 228 220 164 237 291 265 261 296 353 132 102 141 187 278 163 315 211 218 195 176 99 170 296 128 165 183 141 266 257 169 282 235 303 153 256 246 226 250 305 159 253 213 157 271 276 183 272 301 181 147 295 144 202 300 201 258 363 271 149 305 123 111 324 210 271 209 259 196 238 177 107 253 129 285 131 306 132 271 129 212 176 165 281 107 132 196 326 197 192 262 191 188 295 178 324 168 161 180 195 224 155 206 153 
115 156 170 113 122 26 19 4 12 95 5 31 68 193 84 107 70 168 58 108 120 88 128 201 138 135 129 126 121 85 236 208 192 265 218 30 254 107 235 153 32 176 202 122 50 21 211 170 159 65 189 183 84 37 75 183 187 148 84 69 193 179 61 79 99 6 60 210 147 33 210 204 161 228 209 180 195 18 54 92 126 210 165 76 254 169 56 189 220 81 169 179 145 108 26 213 203 97 189 62 37 221 183 140 84 234 133 75 24 102 179 72 197 17 140 121 72 26 118 46 104 158 59 188 50 135 64 84 80 123 111 64 119 123 267 121 103 33 159 145 33 98 201 193 178 181 128 18 103 228 259 173 57 228 166 152 6 250 139 141 84 164 179 29 167 105 93 167 129 76 130 59 208 193 145 88 77 185 155 166 191 81 177 220 83 122 95 34 184 136 195 48 203 208 31 193 221 215 75 176 203 138 155 83 86 136 75 36 72 96 76 17 99 153 210 223 24 228 183 20 39 157 37 10 94 183 131 99 72 264 163 215 55 114 86 95 188 190 127 100 116 184 98 117 174 30 181 94 146 151 156 103 9 48 6 108 180 139 51 55 151 60 195 94 162 41 193 205 36 200 138 96 129 110 216 154 75 188 106 124 143 78 213 77 92 81 58 7 32 198 22 50 38 24 38 31 199 175 104 85 99 202 195 93 237 29 40 199 247 140 142 180 70 50 259 112 101 46 110 26 112 125 16 94 184 93 50 64 62 182 177 80 99 91 82 58 257 163 195 59 197 139 215 234 85 13 56 142 64 31 55 119 158 178 17 44 90 185 247 47 111 87 211 234 75 211 94 134 116 102 0 148 189 247 67 205 69 125 145 105 173 6 93 60 19 92 73 19 55 64 153 141 200 26 58 151 79 134 126 70 143 197 171 167 202 259 38 8 47 93 184 69 221 117 124 101 82 5 76 202 34 71 89 47 172 163 75 188 141 209 59 162 152 132 156 211 65 159 119 63 177 182 89 178 207 87 53 201 50 108 206 107 164 269 177 55 211 29 17 230 116 177 115 165 102 144 83 13 159 35 191 37 212 38 177 35 118 82 71 187 13 38 102 232 103 98 168 97 94 201 84 230 74 67 86 101 130 61 112 59 
211 252 266 209 218 122 148 144 146 193 143 139 80 289 222 215 166 264 192 237 228 226 224 297 234 233 227 234 219 223 332 304 288 361 314 159 350 215 331 165 128 272 298 220 184 161 307 268 255 161 285 279 96 166 183 279 283 244 192 198 291 275 157 175 207 146 194 306 245 129 306 300 257 324 305 276 291 152 162 188 224 306 261 205 350 265 194 285 316 93 265 275 243 206 160 309 299 237 285 158 175 317 279 238 192 330 231 209 153 231 275 180 293 155 238 229 212 166 214 186 238 254 155 284 158 147 204 180 209 219 209 160 215 135 363 229 199 173 171 241 171 194 297 289 274 277 224 156 199 324 355 269 191 324 262 164 146 346 235 239 192 176 275 169 263 213 105 263 237 184 226 167 304 289 241 196 217 281 251 264 287 177 273 316 212 134 191 172 280 232 291 188 299 304 127 289 317 311 209 274 299 234 167 221 226 232 209 165 206 192 205 155 197 251 306 319 153 324 279 158 179 253 166 150 234 279 227 111 168 360 259 311 184 126 220 233 284 286 225 208 212 282 206 225 270 164 277 223 242 247 252 237 147 188 144 206 278 237 191 195 247 189 291 234 258 181 289 301 132 296 234 204 141 206 312 250 171 284 118 220 155 90 309 217 104 221 166 147 140 294 151 188 176 158 134 165 295 271 212 193 239 298 291 189 333 125 178 295 343 236 238 276 166 179 355 220 199 186 218 155 208 137 150 234 280 105 158 204 200 278 273 209 237 220 178 198 353 175 291 167 293 235 311 330 225 151 185 238 172 127 189 215 254 276 151 178 219 281 343 176 219 227 307 330 209 307 232 230 128 242 148 0 285 343 201 301 198 223 157 239 269 146 201 198 159 188 85 159 189 193 165 237 296 164 196 247 187 146 138 82 241 293 267 265 298 355 176 146 176 201 280 207 317 213 136 241 94 145 210 298 168 167 185 181 268 261 171 284 239 305 197 258 250 228 254 307 161 255 227 197 273 278 229 274 303 99 182 297 190 216 302 236 260 365 273 163 307 125 155 326 128 273 223 261 210 240 179 147 257 131 289 177 308 178 275 173 214 211 205 283 151 172 200 328 243 227 266 226 234 297 180 326 170 207 98 235 226 157 220 197 
74 101 129 76 67 163 192 185 187 234 184 180 205 152 263 256 207 131 233 281 269 267 87 146 83 274 268 275 260 264 195 167 137 224 163 203 199 256 180 290 169 121 147 261 225 202 174 309 104 202 134 142 221 210 224 128 150 107 233 242 332 138 198 216 248 187 235 169 286 170 173 149 120 173 154 139 140 193 203 229 265 155 124 249 199 114 235 152 179 218 114 142 284 247 201 172 162 278 148 199 216 166 128 279 233 179 272 250 197 275 142 221 156 196 279 270 253 207 255 227 279 103 196 147 199 272 245 221 253 86 250 201 82 260 226 270 240 214 296 90 212 235 146 156 123 144 91 197 240 187 218 118 232 173 111 289 187 195 98 280 233 301 142 210 130 254 230 112 278 225 75 208 171 156 104 237 258 148 100 305 150 218 140 179 256 259 232 213 143 99 154 229 166 167 168 152 180 174 250 315 162 97 292 262 267 99 250 209 247 233 249 196 238 292 155 168 197 173 146 199 220 102 210 191 275 142 76 236 209 223 108 174 228 251 261 274 147 135 266 249 75 323 247 266 119 205 140 267 109 114 101 278 188 229 185 247 319 278 232 236 96 233 158 275 121 222 138 150 173 159 83 245 266 247 175 113 212 147 243 83 280 215 172 258 229 262 207 188 181 143 195 229 217 199 175 206 162 120 253 234 280 161 158 230 182 166 219 158 206 99 101 139 207 223 218 261 240 227 259 199 249 262 191 275 129 230 199 245 241 127 136 253 278 264 219 239 216 300 158 208 142 98 160 179 266 192 229 101 213 168 230 78 103 317 192 219 263 144 192 220 260 268 156 179 250 156 273 79 253 283 189 285 0 192 242 168 242 264 282 280 136 187 242 239 200 229 210 200 230 237 290 100 145 205 237 110 228 271 263 207 282 142 116 306 161 218 217 187 220 242 143 248 180 254 261 282 219 186 251 161 209 208 226 222 117 302 212 151 280 168 238 107 291 91 295 156 202 118 268 238 136 145 270 123 166 224 226 160 231 257 165 280 109 228 136 204 170 166 196 189 253 136 264 124 251 103 220 188 298 172 330 218 157 219 316 214 81 255 246 132 192 213 241 191 284 271 307 270 275 146 221 175 211 248 223 276 75 198 261 238 
132 91 139 134 125 221 250 243 245 292 242 238 263 210 321 314 265 189 291 339 327 325 145 136 141 332 326 333 318 322 205 225 195 234 153 261 189 314 170 348 227 111 137 319 283 260 232 367 162 260 192 200 279 268 282 186 208 165 291 300 390 196 256 274 306 245 293 227 344 228 231 139 178 163 212 149 198 251 261 287 323 213 182 307 189 104 293 210 189 276 172 200 342 305 259 182 172 336 206 257 274 224 118 337 291 169 330 308 255 333 200 279 214 254 337 328 311 265 313 285 337 93 254 157 257 330 303 279 311 144 308 259 140 318 236 328 298 272 354 148 270 293 204 214 113 202 149 255 298 197 228 108 290 163 169 347 245 185 156 338 291 359 200 268 188 312 288 102 336 283 133 266 229 214 162 295 316 206 158 363 160 276 198 189 314 317 290 271 201 157 164 287 224 177 226 162 190 184 308 373 172 155 350 320 325 157 308 267 305 291 307 254 296 350 213 158 255 163 204 257 278 160 268 249 333 152 134 294 267 233 98 184 286 309 319 332 205 125 324 307 133 381 305 324 177 263 150 325 167 172 159 336 246 287 243 305 377 336 290 294 154 291 216 333 179 280 128 208 231 217 141 303 324 305 185 171 270 205 301 141 338 273 182 316 287 320 265 246 239 133 253 287 275 257 233 264 220 110 311 292 338 219 216 288 172 224 277 168 216 157 159 197 265 281 228 319 298 285 317 257 307 320 249 333 119 288 257 303 299 117 194 311 336 322 277 297 226 358 216 266 132 156 150 169 324 250 287 159 271 226 288 136 93 375 250 277 321 154 182 278 318 326 214 169 308 146 331 137 311 341 247 343 192 0 300 226 300 322 340 338 194 245 300 297 258 287 268 258 288 295 348 158 203 263 295 168 286 329 321 265 340 132 106 364 171 228 275 245 278 300 153 306 190 312 319 340 277 244 309 219 267 266 284 280 107 360 270 209 338 178 296 97 349 149 353 214 260 176 326 296 194 203 328 181 176 282 284 218 289 315 175 338 167 238 146 262 228 224 254 199 311 194 322 182 309 161 278 246 356 230 388 276 215 277 374 272 139 313 304 190 250 271 299 201 342 329 365 328 333 204 279 165 269 306 281 334 133 256 319 296 
168 209 223 166 175 79 62 63 55 138 64 74 121 246 143 150 123 221 101 151 163 147 181 254 191 178 172 169 164 144 289 261 245 318 271 73 307 150 288 206 85 229 255 165 93 80 264 213 212 118 242 236 137 80 118 236 240 201 127 112 236 232 114 132 142 65 103 263 190 86 263 257 214 281 262 233 248 61 97 145 169 263 218 119 307 222 115 242 273 134 222 232 188 151 69 266 256 156 242 115 96 274 236 183 127 287 176 118 67 145 232 115 250 76 183 164 131 85 171 105 147 211 112 241 93 188 123 137 123 176 154 117 172 176 320 164 156 92 212 198 92 151 254 246 231 234 181 77 156 281 312 226 100 281 219 205 65 303 192 184 127 217 232 88 220 148 146 220 172 119 183 102 261 246 198 131 136 238 208 209 244 134 230 273 126 175 148 93 237 189 248 107 256 261 84 246 274 268 118 219 256 191 208 142 145 189 118 79 115 149 119 76 142 196 263 276 67 281 236 79 98 210 80 69 153 236 184 152 125 317 216 268 98 167 129 154 241 243 170 143 169 227 141 160 227 73 234 137 199 204 209 146 68 107 65 151 223 182 110 114 204 103 248 153 215 100 246 258 89 253 191 139 182 163 269 207 128 241 159 177 196 131 266 136 145 140 101 66 75 251 65 109 97 67 91 74 252 228 147 128 158 255 248 146 290 82 99 252 300 193 195 233 123 93 312 155 144 105 153 69 165 178 59 153 237 146 93 123 121 235 230 123 158 134 135 117 310 216 248 102 250 192 268 287 144 72 99 195 107 84 98 172 211 221 60 87 133 238 300 90 154 146 264 287 118 264 153 187 169 161 67 201 242 300 0 258 112 168 198 148 226 65 136 119 78 145 126 78 98 107 206 194 253 85 117 204 122 187 179 123 186 250 224 210 255 312 97 67 90 136 237 128 274 170 177 160 135 64 119 255 77 124 142 90 225 206 128 241 184 262 118 215 195 185 199 264 118 212 162 106 230 235 148 231 260 140 96 254 109 151 259 150 217 322 230 98 264 82 76 283 169 230 158 218 145 197 136 56 202 88 234 96 265 97 220 94 171 125 114 240 72 81 145 285 162 141 211 140 153 254 137 283 127 126 139 144 183 114 155 118 
94 135 149 92 101 179 208 201 203 250 200 196 221 172 279 272 223 147 249 297 285 283 107 180 117 290 284 291 276 280 215 187 171 244 197 219 233 272 214 306 185 155 181 277 241 218 190 325 138 218 168 162 237 226 240 162 166 127 249 258 348 158 214 232 264 203 251 189 302 186 189 183 140 207 188 159 174 209 219 245 281 189 144 265 233 148 251 168 199 234 148 158 300 263 217 192 182 294 168 215 232 200 162 295 249 213 288 266 213 291 158 237 176 212 295 286 269 223 271 243 295 137 212 167 215 288 261 237 269 102 266 217 98 276 246 286 256 230 312 124 228 251 180 172 157 160 107 213 256 207 238 152 248 207 145 305 203 229 118 296 249 317 158 226 146 270 246 146 294 241 109 224 187 172 124 253 274 164 134 321 170 234 156 199 272 275 248 229 163 115 174 245 182 187 184 172 200 194 266 331 182 117 308 278 283 115 266 225 263 249 265 212 254 308 189 202 213 207 162 215 236 136 226 207 291 162 110 252 225 243 142 194 244 267 277 290 167 169 282 265 95 339 263 282 153 221 160 283 125 130 135 294 204 245 201 263 335 294 248 252 130 249 174 291 141 238 172 184 189 179 117 261 282 263 195 133 228 167 259 103 296 231 192 274 245 278 223 204 197 177 211 245 233 215 191 222 178 154 269 250 296 181 174 246 216 182 235 178 226 119 121 159 223 239 238 277 256 243 275 215 265 278 207 291 163 246 215 261 257 161 156 269 294 280 235 255 236 316 174 224 176 118 194 213 282 208 245 121 229 184 246 98 137 333 208 235 279 164 226 236 276 284 190 213 266 190 289 113 269 299 205 301 168 226 258 0 258 280 298 296 152 203 258 255 216 245 226 216 246 253 306 120 179 221 253 130 244 287 279 223 298 176 150 322 181 238 233 203 236 258 163 264 200 270 277 298 235 202 267 181 225 224 242 238 151 318 228 167 296 188 254 141 307 111 311 190 218 138 284 254 156 161 286 157 186 240 242 180 247 273 185 296 143 248 156 220 190 182 212 209 269 156 280 144 267 123 236 204 314 188 346 234 191 235 332 230 97 271 262 166 208 229 257 211 300 287 323 286 291 180 237 209 227 264 239 292 109 214 277 254 
168 209 223 166 175 79 50 65 57 126 66 62 118 246 145 138 123 221 103 139 151 149 181 254 191 166 160 157 152 146 289 261 245 318 271 61 307 138 288 203 85 229 255 153 95 82 264 201 212 118 242 236 134 68 106 236 240 201 115 100 224 232 114 132 130 67 105 263 178 86 263 257 214 281 262 233 248 63 85 145 157 263 218 107 307 222 117 242 273 131 222 232 176 139 71 266 256 158 242 115 98 274 236 171 115 287 164 120 55 133 232 103 250 78 171 152 133 87 171 107 149 211 112 241 81 185 125 137 111 176 142 117 172 173 320 152 156 94 209 198 94 151 254 246 231 234 181 79 156 281 312 226 102 281 219 202 67 303 192 172 115 214 232 90 220 136 143 220 160 107 183 90 261 246 198 119 138 238 208 197 244 134 230 273 114 172 148 95 237 189 248 109 256 261 84 246 274 268 120 207 256 191 205 144 147 189 120 67 117 149 107 78 130 184 263 276 55 281 236 81 100 210 68 71 155 236 184 149 125 317 216 268 86 164 131 156 241 243 158 131 169 215 129 148 227 75 234 125 199 204 209 148 70 109 67 139 211 170 112 116 204 91 248 155 215 102 246 258 89 253 191 127 179 163 269 207 128 241 156 177 193 128 266 138 142 142 89 68 63 251 53 111 99 69 91 76 252 228 135 116 160 255 248 146 290 82 101 252 300 193 195 233 123 81 312 143 132 107 141 57 165 175 61 155 237 143 81 125 123 235 230 111 160 122 135 119 310 213 248 90 250 192 268 287 146 74 87 195 95 84 100 172 211 209 62 89 121 238 300 78 142 148 264 287 120 264 155 187 166 163 69 198 242 300 112 258 0 156 195 150 226 67 124 121 80 145 123 80 100 95 203 194 253 87 119 204 110 184 176 120 174 250 224 198 255 312 99 69 78 124 237 130 274 170 174 162 132 66 121 255 79 124 142 92 225 194 128 241 172 262 120 215 183 185 187 264 118 212 150 108 230 235 150 231 260 137 84 254 111 139 259 138 217 322 230 86 264 82 78 283 166 230 146 218 133 197 136 58 190 88 222 98 265 99 208 96 171 113 116 240 74 83 133 285 164 129 199 128 155 254 137 283 127 128 136 146 183 114 143 120 
190 231 245 188 197 101 106 121 113 30 122 118 143 268 201 194 145 243 159 195 207 205 203 276 213 70 64 213 56 202 311 283 267 340 293 117 329 194 310 228 107 251 277 57 151 138 286 105 234 140 264 258 159 124 162 258 262 223 171 156 128 254 136 154 186 123 161 285 82 108 285 279 236 303 284 255 270 119 141 167 61 285 240 163 329 244 173 264 295 156 244 254 80 43 127 288 278 214 264 137 154 296 258 75 171 309 68 176 111 189 254 159 272 134 75 208 189 143 193 163 205 233 134 263 137 210 181 159 167 198 46 139 194 198 342 208 178 150 234 220 150 173 276 268 253 256 203 135 178 303 334 248 158 303 241 227 123 325 214 76 171 239 254 146 242 192 168 242 216 163 205 146 283 268 220 175 194 260 230 101 266 156 252 295 170 197 170 151 259 211 270 165 278 283 106 268 296 290 176 111 278 213 230 200 203 211 176 123 173 171 163 134 34 88 285 298 111 303 258 137 156 232 124 127 211 258 206 174 147 339 238 290 142 189 187 212 263 265 62 187 191 119 185 204 249 131 256 181 221 226 231 204 126 165 123 43 115 74 168 172 226 147 270 211 237 158 268 280 111 275 213 183 204 185 291 229 150 263 181 199 218 153 288 194 167 198 145 124 119 273 109 167 155 125 113 132 274 250 191 172 216 277 270 168 312 104 157 274 322 215 217 255 145 137 334 199 36 163 197 113 187 200 117 211 259 168 137 181 179 257 252 167 216 178 157 175 332 238 270 146 272 214 290 309 202 130 143 217 151 106 156 194 233 113 118 145 177 260 322 134 198 204 286 309 176 286 211 209 191 219 125 223 264 322 168 280 156 0 220 206 248 123 180 177 136 167 148 136 156 151 228 216 275 143 175 226 166 209 201 145 78 272 246 102 277 334 155 125 134 180 259 186 296 192 199 218 157 122 177 277 135 146 164 148 247 98 150 263 76 284 176 237 87 207 91 286 140 234 206 164 252 257 206 253 282 162 140 276 167 195 281 194 239 344 252 142 286 104 134 305 191 252 202 240 189 219 158 114 94 110 126 154 287 155 112 152 193 169 172 262 130 139 37 307 220 185 103 184 211 276 159 305 149 184 161 202 205 136 199 176 
208 249 263 206 215 119 145 141 143 190 140 136 77 286 219 212 163 261 189 234 225 223 221 294 231 230 224 231 216 220 329 301 285 358 311 156 347 212 328 162 125 269 295 217 181 158 304 265 252 158 282 276 93 163 180 276 280 241 189 195 288 272 154 172 204 143 191 303 242 126 303 297 254 321 302 273 288 149 159 185 221 303 258 202 347 262 191 282 313 90 262 272 240 203 157 306 296 234 282 155 172 314 276 235 189 327 228 206 150 228 272 177 290 152 235 226 209 163 211 183 235 251 152 281 155 144 201 177 206 216 206 157 212 132 360 226 196 170 168 238 168 191 294 286 271 274 221 153 196 321 352 266 188 321 259 161 143 343 232 236 189 173 272 166 260 210 102 260 234 181 223 164 301 286 238 193 214 278 248 261 284 174 270 313 209 131 188 169 277 229 288 185 296 301 124 286 314 308 206 271 296 231 164 218 223 229 206 162 203 189 202 152 194 248 303 316 150 321 276 155 176 250 163 147 231 276 224 108 165 357 256 308 181 123 217 230 281 283 222 205 209 279 203 222 267 161 274 220 239 244 249 234 144 185 141 203 275 234 188 192 244 186 288 231 255 178 286 298 129 293 231 201 138 203 309 247 168 281 115 217 152 87 306 214 101 218 163 144 137 291 148 185 173 155 131 162 292 268 209 190 236 295 288 186 330 122 175 292 340 233 235 273 163 176 352 217 196 183 215 152 205 134 147 231 277 102 155 201 197 275 270 206 234 217 175 195 350 172 288 164 290 232 308 327 222 148 182 235 169 124 186 212 251 273 148 175 216 278 340 173 216 224 304 327 206 304 229 227 125 239 145 157 282 340 198 298 195 220 0 236 266 143 198 195 156 185 82 156 186 190 162 234 293 161 193 244 184 143 135 79 238 290 264 262 295 352 173 143 173 198 277 204 314 210 133 238 91 142 207 295 165 164 182 178 265 258 168 281 236 302 194 255 247 225 251 304 158 252 224 194 270 275 226 271 300 96 179 294 187 213 299 233 257 362 270 160 304 122 152 323 125 270 220 258 207 237 176 144 254 128 286 174 305 175 272 170 211 208 202 280 148 169 197 325 240 224 263 223 231 294 177 323 167 204 95 232 223 154 217 194 
206 247 261 204 213 117 100 101 93 176 102 112 159 284 181 188 161 259 139 189 201 185 219 292 229 216 210 207 202 182 327 299 283 356 309 111 345 188 326 244 123 267 293 203 131 118 302 251 250 156 280 274 175 118 156 274 278 239 165 150 274 270 152 170 180 103 141 301 228 124 301 295 252 319 300 271 286 99 135 183 207 301 256 157 345 260 153 280 311 172 260 270 226 189 107 304 294 194 280 153 134 312 274 221 165 325 214 156 105 183 270 153 288 114 221 202 169 123 209 143 185 249 150 279 131 226 161 175 161 214 192 155 210 214 358 202 194 130 250 236 130 189 292 284 269 272 219 115 194 319 350 264 138 319 257 243 103 341 230 222 165 255 270 126 258 186 184 258 210 157 221 140 299 284 236 169 174 276 246 247 282 172 268 311 164 213 186 131 275 227 286 145 294 299 122 284 312 306 156 257 294 229 246 180 183 227 156 117 153 187 157 114 180 234 301 314 105 319 274 117 136 248 118 107 191 274 222 190 163 355 254 306 136 205 167 192 279 281 208 181 207 265 179 198 265 111 272 175 237 242 247 184 106 145 103 189 261 220 148 152 242 141 286 191 253 138 284 296 127 291 229 177 220 201 307 245 166 279 197 215 234 169 304 174 183 178 139 104 113 289 103 147 135 105 129 112 290 266 185 166 196 293 286 184 328 120 137 290 338 231 233 271 161 131 350 193 182 143 191 107 203 216 97 191 275 184 131 161 159 273 268 161 196 172 173 155 348 254 286 140 288 230 306 325 182 110 137 233 145 122 136 210 249 259 98 125 171 276 338 128 192 184 302 325 156 302 191 225 207 199 105 239 280 338 148 296 150 206 236 0 264 103 174 157 116 183 164 116 136 145 244 232 291 123 155 242 160 225 217 161 224 288 262 248 293 350 135 105 128 174 275 166 312 208 215 198 173 102 157 293 115 162 180 128 263 244 166 279 222 300 156 253 233 223 237 302 156 250 200 144 268 273 186 269 298 178 134 292 147 189 297 188 255 360 268 136 302 120 114 321 207 268 196 256 183 235 174 94 240 126 272 134 303 135 258 132 209 163 152 278 110 119 183 323 200 179 249 178 191 292 175 321 165 164 177 182 221 152 193 156 
62 103 117 60 69 147 176 169 171 218 168 164 189 140 247 240 191 115 217 265 253 251 75 148 85 258 252 259 244 248 183 155 139 212 165 187 201 240 182 274 153 123 149 245 209 186 158 293 106 186 136 130 205 194 208 130 134 95 217 226 316 126 182 200 232 171 219 157 270 154 157 151 108 175 156 127 142 177 187 213 249 157 112 233 201 116 219 136 167 202 116 126 268 231 185 160 150 262 136 183 200 168 130 263 217 181 256 234 181 259 126 205 144 180 263 254 237 191 239 211 263 105 180 135 183 256 229 205 237 70 234 185 66 244 214 254 224 198 280 92 196 219 148 140 125 128 75 181 224 175 206 120 216 175 113 273 171 197 86 264 217 285 126 194 114 238 214 114 262 209 77 192 155 140 92 221 242 132 102 289 138 202 124 167 240 243 216 197 131 83 142 213 150 155 152 140 168 162 234 299 150 85 276 246 251 83 234 193 231 217 233 180 222 276 157 170 181 175 130 183 204 104 194 175 259 130 78 220 193 211 110 162 212 235 245 258 135 137 250 233 63 307 231 250 121 189 128 251 93 98 103 262 172 213 169 231 303 262 216 220 98 217 142 259 109 206 140 152 157 147 85 229 250 231 163 101 196 135 227 71 264 199 160 242 213 246 191 172 165 145 179 213 201 183 159 190 146 122 237 218 264 149 142 214 184 150 203 146 194 87 89 127 191 207 206 245 224 211 243 183 233 246 175 259 131 214 183 229 225 129 124 237 262 248 203 223 204 284 142 192 144 86 162 181 250 176 213 89 197 152 214 66 105 301 176 203 247 132 194 204 244 252 158 181 234 158 257 81 237 267 173 269 136 194 226 152 226 248 266 264 0 171 226 223 184 213 194 184 214 221 274 88 147 189 221 98 212 255 247 191 266 144 118 290 149 206 201 171 204 226 131 232 168 238 245 266 203 170 235 149 193 192 210 206 119 286 196 135 264 156 222 109 275 79 279 158 186 106 252 222 124 129 254 125 154 208 210 148 215 241 153 264 111 216 124 188 158 150 180 177 237 124 248 112 235 91 204 172 282 156 314 202 159 203 300 198 65 239 230 134 176 197 225 179 268 255 291 254 259 148 205 177 195 232 207 260 77 182 245 222 
113 154 168 111 120 24 17 2 10 93 3 29 66 191 82 105 68 166 56 106 118 86 126 199 136 133 127 124 119 83 234 206 190 263 216 28 252 105 233 151 30 174 200 120 48 19 209 168 157 63 187 181 82 35 73 181 185 146 82 67 191 177 59 77 97 4 58 208 145 31 208 202 159 226 207 178 193 16 52 90 124 208 163 74 252 167 54 187 218 79 167 177 143 106 24 211 201 95 187 60 35 219 181 138 82 232 131 73 22 100 177 70 195 15 138 119 70 24 116 44 102 156 57 186 48 133 62 82 78 121 109 62 117 121 265 119 101 31 157 143 31 96 199 191 176 179 126 16 101 226 257 171 55 226 164 150 4 248 137 139 82 162 177 27 165 103 91 165 127 74 128 57 206 191 143 86 75 183 153 164 189 79 175 218 81 120 93 32 182 134 193 46 201 206 29 191 219 213 73 174 201 136 153 81 84 134 73 34 70 94 74 15 97 151 208 221 22 226 181 18 37 155 35 8 92 181 129 97 70 262 161 213 53 112 84 93 186 188 125 98 114 182 96 115 172 28 179 92 144 149 154 101 7 46 4 106 178 137 49 53 149 58 193 92 160 39 191 203 34 198 136 94 127 108 214 152 73 186 104 122 141 76 211 75 90 79 56 5 30 196 20 48 36 22 36 29 197 173 102 83 97 200 193 91 235 27 38 197 245 138 140 178 68 48 257 110 99 44 108 24 110 123 14 92 182 91 48 62 60 180 175 78 97 89 80 56 255 161 193 57 195 137 213 232 83 11 54 140 62 29 53 117 156 176 15 42 88 183 245 45 109 85 209 232 73 209 92 132 114 100 6 146 187 245 65 203 67 123 143 103 171 0 91 58 17 90 71 17 53 62 151 139 198 24 56 149 77 132 124 68 141 195 169 165 200 257 36 6 45 91 182 67 219 115 122 99 80 3 74 200 32 69 87 45 170 161 73 186 139 207 57 160 150 130 154 209 63 157 117 61 175 180 87 176 205 85 51 199 48 106 204 105 162 267 175 53 209 27 15 228 114 175 113 163 100 142 81 11 157 33 189 35 210 36 175 33 116 80 69 185 11 36 100 230 101 96 166 95 92 199 82 228 72 65 84 99 128 59 110 57 
168 209 223 166 175 79 74 89 81 150 90 62 121 246 169 138 123 221 127 163 151 173 181 254 191 190 184 157 176 170 289 261 245 318 271 85 307 138 288 206 85 229 255 177 119 106 264 225 212 118 242 236 137 92 106 236 240 201 115 124 248 232 114 132 130 91 129 263 202 86 263 257 214 281 262 233 248 87 85 145 181 263 218 131 307 222 141 242 273 134 222 232 200 163 95 266 256 182 242 115 122 274 236 195 115 287 188 144 79 157 232 103 250 102 195 152 157 111 171 131 173 211 112 241 81 188 149 137 135 176 166 117 172 176 320 152 156 118 212 198 118 151 254 246 231 234 181 103 156 281 312 226 126 281 219 205 91 303 192 196 115 217 232 114 220 136 146 220 160 107 183 90 261 246 198 119 162 238 208 221 244 134 230 273 138 175 148 119 237 189 248 133 256 261 84 246 274 268 144 231 256 191 208 168 171 189 144 91 141 149 131 102 154 208 263 276 79 281 236 105 124 210 92 95 179 236 184 152 125 317 216 268 110 167 155 180 241 243 182 131 169 239 129 148 227 99 234 149 199 204 209 172 94 133 91 163 235 194 136 140 204 115 248 179 215 126 246 258 89 253 191 127 182 163 269 207 128 241 159 177 196 131 266 162 145 166 89 92 63 251 77 135 123 93 91 100 252 228 135 116 184 255 248 146 290 82 125 252 300 193 195 233 123 105 312 143 156 131 141 81 165 178 85 179 237 146 81 149 147 235 230 135 184 146 135 143 310 216 248 90 250 192 268 287 170 98 111 195 95 84 124 172 211 233 86 113 145 238 300 102 142 172 264 287 144 264 179 187 169 187 93 201 242 300 136 258 124 180 198 174 226 91 0 145 104 145 126 104 124 119 206 194 253 111 143 204 110 187 179 123 198 250 224 222 255 312 123 93 102 124 237 154 274 170 177 186 135 90 145 255 103 124 142 116 225 218 128 241 196 262 144 215 207 185 211 264 118 212 150 132 230 235 174 231 260 140 108 254 135 139 259 162 217 322 230 86 264 82 102 283 169 230 146 218 133 197 136 82 214 88 246 122 265 123 232 120 171 137 140 240 98 107 157 285 188 153 223 152 179 254 137 283 127 152 139 170 183 114 143 144 
165 206 220 163 172 76 71 56 64 147 55 83 118 243 134 159 120 218 110 160 172 138 178 251 188 187 181 178 173 135 286 258 242 315 268 82 304 159 285 203 82 226 252 174 102 73 261 222 209 115 239 233 134 89 127 233 237 198 136 121 245 229 111 129 151 58 112 260 199 83 260 254 211 278 259 230 245 70 106 142 178 260 215 128 304 219 106 239 270 131 219 229 197 160 78 263 253 149 239 112 87 271 233 192 136 284 185 127 76 154 229 124 247 67 192 173 124 78 168 98 156 208 109 238 102 185 116 134 132 173 163 114 169 173 317 173 153 85 209 195 83 148 251 243 228 231 178 68 153 278 309 223 109 278 216 202 58 300 189 193 136 214 229 81 217 157 143 217 181 128 180 111 258 243 195 140 129 235 205 218 241 131 227 270 135 172 145 84 234 186 245 100 253 258 81 243 271 265 127 228 253 188 205 133 138 186 127 88 124 146 128 67 151 205 260 273 76 278 233 70 91 207 89 62 146 233 181 149 122 314 213 265 107 164 138 145 238 240 179 152 166 236 150 169 224 82 231 146 196 201 206 155 59 100 56 160 232 191 103 107 201 112 245 146 212 93 243 255 86 250 188 148 179 160 266 204 125 238 156 174 193 128 263 129 142 133 110 59 84 248 74 100 88 76 88 83 249 225 156 137 151 252 245 143 287 79 90 249 297 190 192 230 120 102 309 164 153 98 162 78 162 175 68 146 234 143 102 116 112 232 227 132 149 143 132 110 307 213 245 111 247 189 265 284 137 63 108 192 116 81 107 169 208 230 69 96 142 235 297 99 163 139 261 284 127 261 144 184 166 154 60 198 239 297 119 255 121 177 195 157 223 58 145 0 71 142 123 71 107 116 203 191 250 76 108 201 131 184 176 120 195 247 221 219 252 309 88 58 99 145 234 119 271 167 174 153 132 57 128 252 86 121 139 99 222 215 125 238 193 259 109 212 204 182 208 261 115 209 171 115 227 232 141 228 257 137 105 251 102 160 256 159 214 319 227 107 261 79 67 280 166 227 167 215 154 194 133 65 211 85 243 89 262 90 229 85 168 134 123 237 63 90 154 282 155 150 220 149 146 251 134 280 124 119 136 153 180 111 164 109 
126 167 181 124 133 37 30 15 23 106 16 42 79 204 95 118 81 179 69 119 131 99 139 212 149 146 140 137 132 96 247 219 203 276 229 41 265 118 246 164 43 187 213 133 61 32 222 181 170 76 200 194 95 48 86 194 198 159 95 80 204 190 72 90 110 17 71 221 158 44 221 215 172 239 220 191 206 29 65 103 137 221 176 87 265 180 67 200 231 92 180 190 156 119 37 224 214 108 200 73 48 232 194 151 95 245 144 86 35 113 190 83 208 28 151 132 83 37 129 57 115 169 70 199 61 146 75 95 91 134 122 75 130 134 278 132 114 44 170 156 44 109 212 204 189 192 139 29 114 239 270 184 68 239 177 163 17 261 150 152 95 175 190 40 178 116 104 178 140 87 141 70 219 204 156 99 88 196 166 177 202 92 188 231 94 133 106 45 195 147 206 59 214 219 42 204 232 226 86 187 214 149 166 94 97 147 86 47 83 107 87 28 110 164 221 234 35 239 194 31 50 168 48 21 105 194 142 110 83 275 174 226 66 125 97 106 199 201 138 111 127 195 109 128 185 41 192 105 157 162 167 114 20 59 17 119 191 150 62 66 162 71 206 105 173 52 204 216 47 211 149 107 140 121 227 165 86 199 117 135 154 89 224 88 103 92 69 18 43 209 33 61 49 35 49 42 210 186 115 96 110 213 206 104 248 40 51 210 258 151 153 191 81 61 270 123 112 57 121 37 123 136 27 105 195 104 61 75 73 193 188 91 110 102 93 69 268 174 206 70 208 150 226 245 96 24 67 153 75 42 66 130 169 189 28 55 101 196 258 58 122 98 222 245 86 222 105 145 127 113 19 159 200 258 78 216 80 136 156 116 184 17 104 71 0 103 84 30 66 75 164 152 211 37 69 162 90 145 137 81 154 208 182 178 213 270 49 19 58 104 195 80 232 128 135 112 93 16 87 213 45 82 100 58 183 174 86 199 152 220 70 173 163 143 167 222 76 170 130 74 188 193 100 189 218 98 64 212 61 119 217 118 175 280 188 66 222 40 28 241 127 188 126 176 113 155 94 24 170 46 202 48 223 49 188 46 129 93 82 198 24 49 113 243 114 109 179 108 105 212 95 241 85 78 97 112 141 72 123 70 
155 196 210 153 162 66 95 88 90 137 87 83 108 233 166 159 110 208 136 184 172 170 168 241 178 177 171 178 163 167 276 248 232 305 258 106 294 159 275 193 72 216 242 164 128 105 251 212 199 105 229 223 124 113 127 223 227 188 136 145 235 219 101 119 151 90 138 250 189 73 250 244 201 268 249 220 235 96 106 132 168 250 205 152 294 209 138 229 260 121 209 219 187 150 104 253 243 181 229 102 119 261 223 182 136 274 175 153 100 178 219 124 237 99 182 173 156 110 158 130 182 198 99 228 102 175 148 124 156 163 153 104 159 163 307 173 143 117 199 185 115 138 241 233 218 221 168 100 143 268 299 213 135 268 206 192 90 290 179 183 136 204 219 113 207 157 133 207 181 128 170 111 248 233 185 140 161 225 195 208 231 121 217 260 159 162 135 116 224 176 235 132 243 248 71 233 261 255 153 218 243 178 195 165 170 176 153 112 150 136 152 99 141 195 250 263 100 268 223 102 123 197 113 94 178 223 171 139 112 304 203 255 131 154 164 177 228 230 169 152 156 226 150 169 214 108 221 170 186 191 196 181 91 132 88 150 222 181 135 139 191 136 235 178 202 125 233 245 76 240 178 148 169 150 256 194 115 228 146 164 183 118 253 161 132 165 110 91 84 238 98 132 120 102 78 109 239 215 156 137 183 242 235 133 277 69 122 239 287 180 182 220 110 126 299 164 143 130 162 102 152 165 94 178 224 133 102 148 144 222 217 156 181 167 122 142 297 203 235 111 237 179 255 274 169 95 132 182 116 71 133 159 198 220 95 122 166 225 287 123 163 171 251 274 153 251 176 174 156 186 92 188 229 287 145 245 145 167 185 183 213 90 145 142 103 0 113 103 133 140 193 181 240 108 140 191 131 174 166 110 185 237 211 209 242 299 120 90 123 145 224 151 261 157 164 185 122 89 154 242 112 111 129 125 212 205 115 228 183 249 141 202 194 172 198 251 105 199 171 141 217 222 173 218 247 127 129 241 134 160 246 183 204 309 217 107 251 69 99 270 156 217 167 205 154 184 123 91 201 75 233 121 252 122 219 117 158 158 149 227 95 116 144 272 187 174 210 173 178 241 124 270 114 151 126 179 170 101 164 141 
136 177 191 134 143 47 73 69 71 118 68 64 5 214 147 140 91 189 117 162 153 151 149 222 159 158 152 159 144 148 257 229 213 286 239 84 275 140 256 90 53 197 223 145 109 86 232 193 180 86 210 204 21 91 108 204 208 169 117 123 216 200 82 100 132 71 119 231 170 54 231 225 182 249 230 201 216 77 87 113 149 231 186 130 275 190 119 210 241 18 190 200 168 131 85 234 224 162 210 83 100 242 204 163 117 255 156 134 78 156 200 105 218 80 163 154 137 91 139 111 163 179 80 209 83 72 129 105 134 144 134 85 140 60 288 154 124 98 96 166 96 119 222 214 199 202 149 81 124 249 280 194 116 249 187 89 71 271 160 164 117 101 200 94 188 138 30 188 162 109 151 92 229 214 166 121 142 206 176 189 212 102 198 241 137 59 116 97 205 157 216 113 224 229 52 214 242 236 134 199 224 159 92 146 151 157 134 90 131 117 130 80 122 176 231 244 78 249 204 83 104 178 91 75 159 204 152 36 93 285 184 236 109 51 145 158 209 211 150 133 137 207 131 150 195 89 202 148 167 172 177 162 72 113 69 131 203 162 116 120 172 114 216 159 183 106 214 226 57 221 159 129 66 131 237 175 96 209 43 145 80 15 234 142 29 146 91 72 65 219 76 113 101 83 59 90 220 196 137 118 164 223 216 114 258 50 103 220 268 161 163 201 91 104 280 145 124 111 143 80 133 62 75 159 205 30 83 129 125 203 198 134 162 145 103 123 278 100 216 92 218 160 236 255 150 76 110 163 97 52 114 140 179 201 76 103 144 206 268 101 144 152 232 255 134 232 157 155 53 167 73 85 210 268 126 226 123 148 82 164 194 71 126 123 84 113 0 84 114 118 90 162 221 89 121 172 112 71 63 7 166 218 192 190 223 280 101 71 101 126 205 132 242 138 61 166 19 70 135 223 93 92 110 106 193 186 96 209 164 230 122 183 175 153 179 232 86 180 152 122 198 203 154 199 228 24 107 222 115 141 227 161 185 290 198 88 232 50 80 251 53 198 148 186 135 165 104 72 182 56 214 102 233 103 200 98 139 136 130 208 76 97 125 253 168 152 191 151 159 222 105 251 95 132 23 160 151 82 145 122 
126 167 181 124 133 37 30 15 23 106 16 42 79 204 95 118 81 179 69 119 131 99 139 212 149 146 140 137 132 96 247 219 203 276 229 41 265 118 246 164 43 187 213 133 61 32 222 181 170 76 200 194 95 48 86 194 198 159 95 80 204 190 72 90 110 17 71 221 158 44 221 215 172 239 220 191 206 29 65 103 137 221 176 87 265 180 67 200 231 92 180 190 156 119 37 224 214 108 200 73 48 232 194 151 95 245 144 86 35 113 190 83 208 28 151 132 83 37 129 57 115 169 70 199 61 146 75 95 91 134 122 75 130 134 278 132 114 44 170 156 44 109 212 204 189 192 139 29 114 239 270 184 68 239 177 163 17 261 150 152 95 175 190 40 178 116 104 178 140 87 141 70 219 204 156 99 88 196 166 177 202 92 188 231 94 133 106 45 195 147 206 59 214 219 42 204 232 226 86 187 214 149 166 94 97 147 86 47 83 107 87 28 110 164 221 234 35 239 194 31 50 168 48 21 105 194 142 110 83 275 174 226 66 125 97 106 199 201 138 111 127 195 109 128 185 41 192 105 157 162 167 114 20 59 17 119 191 150 62 66 162 71 206 105 173 52 204 216 47 211 149 107 140 121 227 165 86 199 117 135 154 89 224 88 103 92 69 18 43 209 33 61 49 35 49 42 210 186 115 96 110 213 206 104 248 40 51 210 258 151 153 191 81 61 270 123 112 57 121 37 123 136 27 105 195 104 61 75 73 193 188 91 110 102 93 69 268 174 206 70 208 150 226 245 96 24 67 153 75 42 66 130 169 189 28 55 101 196 258 58 122 98 222 245 86 222 105 145 127 113 19 159 200 258 78 216 80 136 156 116 184 17 104 71 30 103 84 0 66 75 164 152 211 37 69 162 90 145 137 81 154 208 182 178 213 270 49 19 58 104 195 80 232 128 135 112 93 16 87 213 45 82 100 58 183 174 86 199 152 220 70 173 163 143 167 222 76 170 130 74 188 193 100 189 218 98 64 212 61 119 217 118 175 280 188 66 222 40 28 241 127 188 126 176 113 155 94 24 170 46 202 48 223 49 188 46 129 93 82 198 24 49 113 243 114 109 179 108 105 212 95 241 85 78 97 112 141 72 123 70 
156 197 211 154 163 67 50 51 43 126 52 62 109 234 131 138 111 209 89 139 151 135 169 242 179 166 160 157 152 132 277 249 233 306 259 61 295 138 276 194 73 217 243 153 81 68 252 201 200 106 230 224 125 68 106 224 228 189 115 100 224 220 102 120 130 53 91 251 178 74 251 245 202 269 250 221 236 49 85 133 157 251 206 107 295 210 103 230 261 122 210 220 176 139 57 254 244 144 230 103 84 262 224 171 115 275 164 106 55 133 220 103 238 64 171 152 119 73 159 93 135 199 100 229 81 176 111 125 111 164 142 105 160 164 308 152 144 80 200 186 80 139 242 234 219 222 169 65 144 269 300 214 88 269 207 193 53 291 180 172 115 205 220 76 208 136 134 208 160 107 171 90 249 234 186 119 124 226 196 197 232 122 218 261 114 163 136 81 225 177 236 95 244 249 72 234 262 256 106 207 244 179 196 130 133 177 106 67 103 137 107 64 130 184 251 264 55 269 224 67 86 198 68 57 141 224 172 140 113 305 204 256 86 155 117 142 229 231 158 131 157 215 129 148 215 61 222 125 187 192 197 134 56 95 53 139 211 170 98 102 192 91 236 141 203 88 234 246 77 241 179 127 170 151 257 195 116 229 147 165 184 119 254 124 133 128 89 54 63 239 53 97 85 55 79 62 240 216 135 116 146 243 236 134 278 70 87 240 288 181 183 221 111 81 300 143 132 93 141 57 153 166 47 141 225 134 81 111 109 223 218 111 146 122 123 105 298 204 236 90 238 180 256 275 132 60 87 183 95 72 86 160 199 209 48 75 121 226 288 78 142 134 252 275 106 252 141 175 157 149 55 189 230 288 98 246 100 156 186 136 214 53 124 107 66 133 114 66 0 95 194 182 241 73 105 192 110 175 167 111 174 238 212 198 243 300 85 55 78 124 225 116 262 158 165 148 123 52 107 243 65 112 130 78 213 194 116 229 172 250 106 203 183 173 187 252 106 200 150 94 218 223 136 219 248 128 84 242 97 139 247 138 205 310 218 86 252 70 64 271 157 218 146 206 133 185 124 44 190 76 222 84 253 85 208 82 159 113 102 228 60 69 133 273 150 129 199 128 141 242 125 271 115 114 127 132 171 102 143 106 
163 204 218 161 170 74 45 60 52 121 61 57 113 241 140 133 118 216 98 134 146 144 176 249 186 161 155 152 147 141 284 256 240 313 266 56 302 133 283 198 80 224 250 148 90 77 259 196 207 113 237 231 129 63 101 231 235 196 110 95 219 227 109 127 125 62 100 258 173 81 258 252 209 276 257 228 243 58 80 140 152 258 213 102 302 217 112 237 268 126 217 227 171 134 66 261 251 153 237 110 93 269 231 166 110 282 159 115 50 128 227 98 245 73 166 147 128 82 166 102 144 206 107 236 76 180 120 132 106 171 137 112 167 168 315 147 151 89 204 193 89 146 249 241 226 229 176 74 151 276 307 221 97 276 214 197 62 298 187 167 110 209 227 85 215 131 138 215 155 102 178 85 256 241 193 114 133 233 203 192 239 129 225 268 109 167 143 90 232 184 243 104 251 256 79 241 269 263 115 202 251 186 200 139 142 184 115 62 112 144 102 73 125 179 258 271 50 276 231 76 95 205 63 66 150 231 179 144 120 312 211 263 81 159 126 151 236 238 153 126 164 210 124 143 222 70 229 120 194 199 204 143 65 104 62 134 206 165 107 111 199 86 243 150 210 97 241 253 84 248 186 122 174 158 264 202 123 236 151 172 188 123 261 133 137 137 84 63 58 246 48 106 94 64 86 71 247 223 130 111 155 250 243 141 285 77 96 247 295 188 190 228 118 76 307 138 127 102 136 52 160 170 56 150 232 138 76 120 118 230 225 106 155 117 130 114 305 208 243 85 245 187 263 282 141 69 82 190 90 79 95 167 206 204 57 84 116 233 295 73 137 143 259 282 115 259 150 182 161 158 64 193 237 295 107 253 95 151 190 145 221 62 119 116 75 140 118 75 95 0 198 189 248 82 114 199 105 179 171 115 169 245 219 193 250 307 94 64 73 119 232 125 269 165 169 157 127 61 116 250 74 119 137 87 220 189 123 236 167 257 115 210 178 180 182 259 113 207 145 103 225 230 145 226 255 132 79 249 106 134 254 133 212 317 225 81 259 77 73 278 161 225 141 213 128 192 131 53 185 83 217 93 260 94 203 91 166 108 111 235 69 78 128 280 159 124 194 123 150 249 132 278 122 123 131 141 178 109 138 115 
216 257 271 214 223 127 153 149 151 198 148 144 85 294 227 220 171 269 197 242 233 231 229 302 239 238 232 239 224 228 337 309 293 366 319 164 355 220 336 170 133 277 303 225 189 166 312 273 260 166 290 284 101 171 188 284 288 249 197 203 296 280 162 180 212 151 199 311 250 134 311 305 262 329 310 281 296 157 167 193 229 311 266 210 355 270 199 290 321 98 270 280 248 211 165 314 304 242 290 163 180 322 284 243 197 335 236 214 158 236 280 185 298 160 243 234 217 171 219 191 243 259 160 289 163 152 209 185 214 224 214 165 220 140 368 234 204 178 176 246 176 199 302 294 279 282 229 161 204 329 360 274 196 329 267 169 151 351 240 244 197 181 280 174 268 218 110 268 242 189 231 172 309 294 246 201 222 286 256 269 292 182 278 321 217 139 196 177 285 237 296 193 304 309 132 294 322 316 214 279 304 239 172 226 231 237 214 170 211 197 210 160 202 256 311 324 158 329 284 163 184 258 171 155 239 284 232 116 173 365 264 316 189 131 225 238 289 291 230 213 217 287 211 230 275 169 282 228 247 252 257 242 152 193 149 211 283 242 196 200 252 194 296 239 263 186 294 306 137 301 239 209 146 211 317 255 176 289 123 225 160 95 314 222 109 226 171 152 145 299 156 193 181 163 139 170 300 276 217 198 244 303 296 194 338 130 183 300 348 241 243 281 171 184 360 225 204 191 223 160 213 142 155 239 285 110 163 209 205 283 278 214 242 225 183 203 358 180 296 172 298 240 316 335 230 156 190 243 177 132 194 220 259 281 156 183 224 286 348 181 224 232 312 335 214 312 237 235 133 247 153 165 290 348 206 306 203 228 162 244 274 151 206 203 164 193 90 164 194 198 0 242 301 169 201 252 192 151 143 87 246 298 272 270 303 360 181 151 181 206 285 212 322 218 141 246 99 150 215 303 173 172 190 186 273 266 176 289 244 310 202 263 255 233 259 312 166 260 232 202 278 283 234 279 308 104 187 302 195 221 307 241 265 370 278 168 312 130 160 331 133 278 228 266 215 245 184 152 262 136 294 182 313 183 280 178 219 216 210 288 156 177 205 333 248 232 271 231 239 302 185 331 175 212 103 240 231 162 225 202 
26 67 85 28 33 115 144 137 139 186 136 132 157 104 215 208 159 83 185 233 221 219 39 112 49 226 220 227 212 216 151 119 103 180 129 155 165 208 146 242 121 87 113 213 177 154 126 261 70 154 100 94 173 162 176 94 102 59 185 194 284 90 150 168 200 139 187 121 238 122 125 115 72 139 120 95 106 145 155 181 217 121 76 201 165 80 187 104 135 170 80 94 236 199 153 128 118 230 100 151 168 132 94 231 185 145 224 202 149 227 94 173 108 148 231 222 205 159 207 179 231 69 148 103 151 224 197 173 205 38 202 153 34 212 182 222 192 166 248 56 164 187 112 108 89 96 43 149 192 143 174 84 184 139 77 241 139 161 50 232 185 253 94 162 82 206 182 78 230 177 41 160 123 108 56 189 210 100 66 257 106 170 92 135 208 211 184 165 95 51 110 181 118 123 120 108 136 130 202 267 118 49 244 214 219 51 202 161 199 185 201 148 190 244 121 134 149 139 98 151 172 68 162 143 227 98 42 188 161 179 74 130 180 203 213 226 99 101 218 201 27 275 199 218 85 157 96 219 61 66 67 230 140 181 137 199 271 230 184 188 62 185 110 227 73 174 104 116 125 111 49 197 218 199 131 65 164 99 195 35 232 167 128 210 181 214 159 140 133 109 147 181 169 151 127 158 114 86 205 186 232 113 110 182 148 118 171 114 162 51 53 91 159 175 174 213 192 179 211 151 201 214 143 227 95 182 151 197 193 93 88 205 230 216 171 191 172 252 110 160 108 50 126 145 218 144 181 53 165 120 182 30 69 269 144 171 215 100 158 172 212 220 122 145 202 122 225 45 205 235 141 237 100 158 194 120 194 216 234 232 88 139 194 191 152 181 162 152 182 189 242 0 111 157 189 62 180 223 215 159 234 108 82 258 117 174 169 139 172 194 99 200 136 206 213 234 171 138 203 113 161 160 178 174 83 254 164 103 232 124 190 73 243 43 247 122 154 70 220 190 88 97 222 89 122 176 178 112 183 209 121 232 75 184 92 156 122 118 148 145 205 88 216 76 203 55 172 140 250 124 282 170 123 171 268 166 33 207 198 98 144 165 193 147 236 223 259 222 227 112 173 141 163 200 175 228 41 150 213 190 
85 112 140 87 78 174 203 196 198 245 195 191 216 163 274 267 218 142 244 292 280 278 98 157 94 285 279 286 271 275 206 178 148 235 174 214 210 267 191 301 180 132 158 272 236 213 185 320 115 213 145 153 232 221 235 139 161 118 244 253 343 149 209 227 259 198 246 180 297 181 184 160 131 184 165 150 151 204 214 240 276 166 135 260 210 125 246 163 190 229 125 153 295 258 212 183 173 289 159 210 227 177 139 290 244 190 283 261 208 286 153 232 167 207 290 281 264 218 266 238 290 114 207 158 210 283 256 232 264 97 261 212 93 271 237 281 251 225 307 101 223 246 157 167 134 155 102 208 251 198 229 129 243 184 122 300 198 206 109 291 244 312 153 221 141 265 241 123 289 236 86 219 182 167 115 248 269 159 111 316 161 229 151 190 267 270 243 224 154 110 165 240 177 178 179 163 191 185 261 326 173 108 303 273 278 110 261 220 258 244 260 207 249 303 166 179 208 184 157 210 231 113 221 202 286 153 87 247 220 234 119 185 239 262 272 285 158 146 277 260 86 334 258 277 130 216 151 278 120 125 112 289 199 240 196 258 330 289 243 247 107 244 169 286 132 233 149 161 184 170 94 256 277 258 186 124 223 158 254 94 291 226 183 269 240 273 218 199 192 154 206 240 228 210 186 217 173 131 264 245 291 172 169 241 193 177 230 169 217 110 112 150 218 234 229 272 251 238 270 210 260 273 202 286 140 241 210 256 252 138 147 264 289 275 230 250 227 311 169 219 153 109 171 190 277 203 240 112 224 179 241 89 114 328 203 230 274 155 203 231 271 279 167 190 261 167 284 90 264 294 200 296 145 203 253 179 253 275 293 291 147 198 253 250 211 240 221 211 241 248 301 111 0 216 248 121 239 282 274 218 293 153 127 317 172 229 228 198 231 253 154 259 191 265 272 293 230 197 262 172 220 219 237 233 128 313 223 162 291 179 249 118 302 102 306 167 213 129 279 249 147 156 281 134 177 235 237 171 242 268 176 291 120 239 147 215 181 177 207 200 264 147 275 135 262 114 231 199 309 183 341 229 168 230 327 225 92 266 257 143 203 224 252 202 295 282 318 281 286 157 232 186 222 259 234 287 86 209 272 249 
131 172 186 129 138 42 37 22 30 113 21 49 84 209 100 125 86 184 76 126 138 104 144 217 154 153 147 144 139 101 252 224 208 281 234 48 270 125 251 169 48 192 218 140 68 39 227 188 175 81 205 199 100 55 93 199 203 164 102 87 211 195 77 95 117 24 78 226 165 49 226 220 177 244 225 196 211 36 72 108 144 226 181 94 270 185 72 205 236 97 185 195 163 126 44 229 219 115 205 78 53 237 199 158 102 250 151 93 42 120 195 90 213 33 158 139 90 44 134 64 122 174 75 204 68 151 82 100 98 139 129 80 135 139 283 139 119 51 175 161 49 114 217 209 194 197 144 34 119 244 275 189 75 244 182 168 24 266 155 159 102 180 195 47 183 123 109 183 147 94 146 77 224 209 161 106 95 201 171 184 207 97 193 236 101 138 111 50 200 152 211 66 219 224 47 209 237 231 93 194 219 154 171 99 104 152 93 54 90 112 94 33 117 171 226 239 42 244 199 36 57 173 55 28 112 199 147 115 88 280 179 231 73 130 104 111 204 206 145 118 132 202 116 135 190 48 197 112 162 167 172 121 25 66 22 126 198 157 69 73 167 78 211 112 178 59 209 221 52 216 154 114 145 126 232 170 91 204 122 140 159 94 229 95 108 99 76 25 50 214 40 66 54 42 54 49 215 191 122 103 117 218 211 109 253 45 56 215 263 156 158 196 86 68 275 130 119 64 128 44 128 141 34 112 200 109 68 82 78 198 193 98 115 109 98 76 273 179 211 77 213 155 231 250 103 29 74 158 82 47 73 135 174 196 35 62 108 201 263 65 129 105 227 250 93 227 110 150 132 120 26 164 205 263 85 221 87 143 161 123 189 24 111 76 37 108 89 37 73 82 169 157 216 0 74 167 97 150 142 86 161 213 187 185 218 275 54 24 65 111 200 85 237 133 140 119 98 23 94 218 52 87 105 65 188 181 91 204 159 225 75 178 170 148 174 227 81 175 137 81 193 198 107 194 223 103 71 217 68 126 222 125 180 285 193 73 227 45 33 246 132 193 133 181 120 160 99 31 177 51 209 55 228 56 195 51 134 100 89 203 29 56 120 248 121 116 186 115 112 217 100 246 90 85 102 119 146 77 130 75 
163 204 218 161 170 74 69 54 62 145 53 81 116 241 132 157 118 216 108 158 170 136 176 249 186 185 179 176 171 133 284 256 240 313 266 80 302 157 283 201 80 224 250 172 100 71 259 220 207 113 237 231 132 87 125 231 235 196 134 119 243 227 109 127 149 56 110 258 197 81 258 252 209 276 257 228 243 68 104 140 176 258 213 126 302 217 104 237 268 129 217 227 195 158 76 261 251 147 237 110 85 269 231 190 134 282 183 125 74 152 227 122 245 65 190 171 122 76 166 96 154 206 107 236 100 183 114 132 130 171 161 112 167 171 315 171 151 83 207 193 81 146 249 241 226 229 176 66 151 276 307 221 107 276 214 200 56 298 187 191 134 212 227 79 215 155 141 215 179 126 178 109 256 241 193 138 127 233 203 216 239 129 225 268 133 170 143 82 232 184 243 98 251 256 79 241 269 263 125 226 251 186 203 131 136 184 125 86 122 144 126 65 149 203 258 271 74 276 231 68 89 205 87 60 144 231 179 147 120 312 211 263 105 162 136 143 236 238 177 150 164 234 148 167 222 80 229 144 194 199 204 153 57 98 54 158 230 189 101 105 199 110 243 144 210 91 241 253 84 248 186 146 177 158 264 202 123 236 154 172 191 126 261 127 140 131 108 57 82 246 72 98 86 74 86 81 247 223 154 135 149 250 243 141 285 77 88 247 295 188 190 228 118 100 307 162 151 96 160 76 160 173 66 144 232 141 100 114 110 230 225 130 147 141 130 108 305 211 243 109 245 187 263 282 135 61 106 190 114 79 105 167 206 228 67 94 140 233 295 97 161 137 259 282 125 259 142 182 164 152 58 196 237 295 117 253 119 175 193 155 221 56 143 108 69 140 121 69 105 114 201 189 248 74 0 199 129 182 174 118 193 245 219 217 250 307 86 56 97 143 232 117 269 165 172 151 130 55 126 250 84 119 137 97 220 213 123 236 191 257 107 210 202 180 206 259 113 207 169 113 225 230 139 226 255 135 103 249 100 158 254 157 212 317 225 105 259 77 65 278 164 225 165 213 152 192 131 63 209 83 241 87 260 88 227 83 166 132 121 235 61 88 152 280 153 148 218 147 144 249 132 278 122 117 134 151 178 109 162 107 
36 77 95 38 43 125 154 147 149 196 146 142 167 114 225 218 169 93 195 243 231 229 49 122 59 236 230 237 222 226 161 129 113 190 139 165 175 218 156 252 131 97 123 223 187 164 136 271 80 164 110 104 183 172 186 104 112 69 195 204 294 100 160 178 210 149 197 131 248 132 135 125 82 149 130 105 116 155 165 191 227 131 86 211 175 90 197 114 145 180 90 104 246 209 163 138 128 240 110 161 178 142 104 241 195 155 234 212 159 237 104 183 118 158 241 232 215 169 217 189 241 79 158 113 161 234 207 183 215 48 212 163 44 222 192 232 202 176 258 66 174 197 122 118 99 106 53 159 202 153 184 94 194 149 87 251 149 171 60 242 195 263 104 172 92 216 192 88 240 187 51 170 133 118 66 199 220 110 76 267 116 180 102 145 218 221 194 175 105 61 120 191 128 133 130 118 146 140 212 277 128 59 254 224 229 61 212 171 209 195 211 158 200 254 131 144 159 149 108 161 182 78 172 153 237 108 52 198 171 189 84 140 190 213 223 236 109 111 228 211 37 285 209 228 95 167 106 229 71 76 77 240 150 191 147 209 281 240 194 198 72 195 120 237 83 184 114 126 135 121 59 207 228 209 141 75 174 109 205 45 242 177 138 220 191 224 169 150 143 119 157 191 179 161 137 168 124 96 215 196 242 123 120 192 158 128 181 124 172 61 63 101 169 185 184 223 202 189 221 161 211 224 153 237 105 192 161 207 203 103 98 215 240 226 181 201 182 262 120 170 118 60 136 155 228 154 191 63 175 130 192 40 79 279 154 181 225 110 168 182 222 230 132 155 212 132 235 55 215 245 151 247 110 168 204 130 204 226 244 242 98 149 204 201 162 191 172 162 192 199 252 62 121 167 199 0 190 233 225 169 244 118 92 268 127 184 179 149 182 204 109 210 146 216 223 244 181 148 213 123 171 170 188 184 93 264 174 113 242 134 200 83 253 53 257 132 164 80 230 200 98 107 232 99 132 186 188 122 193 219 131 242 85 194 102 166 132 128 158 155 215 98 226 86 213 65 182 150 260 134 292 180 133 181 278 176 43 217 208 108 154 175 203 157 246 233 269 232 237 122 183 151 173 210 185 238 51 160 223 200 
154 195 209 152 161 65 60 75 67 136 76 48 107 232 155 124 109 207 113 149 137 159 167 240 177 176 170 143 162 156 275 247 231 304 257 71 293 124 274 192 71 215 241 163 105 92 250 211 198 104 228 222 123 78 92 222 226 187 101 110 234 218 100 118 116 77 115 249 188 72 249 243 200 267 248 219 234 73 71 131 167 249 204 117 293 208 127 228 259 120 208 218 186 149 81 252 242 168 228 101 108 260 222 181 101 273 174 130 65 143 218 89 236 88 181 138 143 97 157 117 159 197 98 227 67 174 135 123 121 162 152 103 158 162 306 138 142 104 198 184 104 137 240 232 217 220 167 89 142 267 298 212 112 267 205 191 77 289 178 182 101 203 218 100 206 122 132 206 146 93 169 76 247 232 184 105 148 224 194 207 230 120 216 259 124 161 134 105 223 175 234 119 242 247 70 232 260 254 130 217 242 177 194 154 157 175 130 77 127 135 117 88 140 194 249 262 65 267 222 91 110 196 78 81 165 222 170 138 111 303 202 254 96 153 141 166 227 229 168 117 155 225 115 134 213 85 220 135 185 190 195 158 80 119 77 149 221 180 122 126 190 101 234 165 201 112 232 244 75 239 177 113 168 149 255 193 114 227 145 163 182 117 252 148 131 152 75 78 49 237 63 121 109 79 77 86 238 214 121 102 170 241 234 132 276 68 111 238 286 179 181 219 109 91 298 129 142 117 127 67 151 164 71 165 223 132 67 135 133 221 216 121 170 132 121 129 296 202 234 76 236 178 254 273 156 84 97 181 81 70 110 158 197 219 72 99 131 224 286 88 128 158 250 273 130 250 165 173 155 173 79 187 228 286 122 244 110 166 184 160 212 77 110 131 90 131 112 90 110 105 192 180 239 97 129 190 0 173 165 109 184 236 210 208 241 298 109 79 88 110 223 140 260 156 163 172 121 76 131 241 89 110 128 102 211 204 114 227 182 248 130 201 193 171 197 250 104 198 136 118 216 221 160 217 246 126 94 240 121 125 245 148 203 308 216 72 250 68 88 269 155 216 132 204 119 183 122 68 200 74 232 108 251 109 218 106 157 123 126 226 84 93 143 271 174 139 209 138 165 240 123 269 113 138 125 156 169 100 129 130 
197 238 252 195 204 108 134 130 132 179 129 125 66 275 208 201 152 250 178 223 214 212 210 283 220 219 213 220 205 209 318 290 274 347 300 145 336 201 317 151 114 258 284 206 170 147 293 254 241 147 271 265 82 152 169 265 269 230 178 184 277 261 143 161 193 132 180 292 231 115 292 286 243 310 291 262 277 138 148 174 210 292 247 191 336 251 180 271 302 79 251 261 229 192 146 295 285 223 271 144 161 303 265 224 178 316 217 195 139 217 261 166 279 141 224 215 198 152 200 172 224 240 141 270 144 133 190 166 195 205 195 146 201 121 349 215 185 159 157 227 157 180 283 275 260 263 210 142 185 310 341 255 177 310 248 150 132 332 221 225 178 162 261 155 249 199 91 249 223 170 212 153 290 275 227 182 203 267 237 250 273 163 259 302 198 120 177 158 266 218 277 174 285 290 113 275 303 297 195 260 285 220 153 207 212 218 195 151 192 178 191 141 183 237 292 305 139 310 265 144 165 239 152 136 220 265 213 97 154 346 245 297 170 112 206 219 270 272 211 194 198 268 192 211 256 150 263 209 228 233 238 223 133 174 130 192 264 223 177 181 233 175 277 220 244 167 275 287 118 282 220 190 127 192 298 236 157 270 104 206 141 76 295 203 90 207 152 133 126 280 137 174 162 144 120 151 281 257 198 179 225 284 277 175 319 111 164 281 329 222 224 262 152 165 341 206 185 172 204 141 194 123 136 220 266 91 144 190 186 264 259 195 223 206 164 184 339 161 277 153 279 221 297 316 211 137 171 224 158 113 175 201 240 262 137 164 205 267 329 162 205 213 293 316 195 293 218 216 114 228 134 146 271 329 187 287 184 209 143 225 255 132 187 184 145 174 71 145 175 179 151 223 282 150 182 233 173 0 124 68 227 279 253 251 284 341 162 132 162 187 266 193 303 199 122 227 80 131 196 284 154 153 171 167 254 247 157 270 225 291 183 244 236 214 240 293 147 241 213 183 259 264 215 260 289 85 168 283 176 202 288 222 246 351 259 149 293 111 141 312 114 259 209 247 196 226 165 133 243 117 275 163 294 164 261 159 200 197 191 269 137 158 186 314 229 213 252 212 220 283 166 312 156 193 84 221 212 143 206 183 
189 230 244 187 196 100 126 122 124 171 121 117 58 267 200 193 144 242 170 215 206 204 202 275 212 211 205 212 197 201 310 282 266 339 292 137 328 193 309 143 106 250 276 198 162 139 285 246 233 139 263 257 74 144 161 257 261 222 170 176 269 253 135 153 185 124 172 284 223 107 284 278 235 302 283 254 269 130 140 166 202 284 239 183 328 243 172 263 294 71 243 253 221 184 138 287 277 215 263 136 153 295 257 216 170 308 209 187 131 209 253 158 271 133 216 207 190 144 192 164 216 232 133 262 136 125 182 158 187 197 187 138 193 113 341 207 177 151 149 219 149 172 275 267 252 255 202 134 177 302 333 247 169 302 240 142 124 324 213 217 170 154 253 147 241 191 83 241 215 162 204 145 282 267 219 174 195 259 229 242 265 155 251 294 190 112 169 150 258 210 269 166 277 282 105 267 295 289 187 252 277 212 145 199 204 210 187 143 184 170 183 133 175 229 284 297 131 302 257 136 157 231 144 128 212 257 205 89 146 338 237 289 162 104 198 211 262 264 203 186 190 260 184 203 248 142 255 201 220 225 230 215 125 166 122 184 256 215 169 173 225 167 269 212 236 159 267 279 110 274 212 182 119 184 290 228 149 262 96 198 133 68 287 195 82 199 144 125 118 272 129 166 154 136 112 143 273 249 190 171 217 276 269 167 311 103 156 273 321 214 216 254 144 157 333 198 177 164 196 133 186 115 128 212 258 83 136 182 178 256 251 187 215 198 156 176 331 153 269 145 271 213 289 308 203 129 163 216 150 105 167 193 232 254 129 156 197 259 321 154 197 205 285 308 187 285 210 208 106 220 126 138 263 321 179 279 176 201 135 217 247 124 179 176 137 166 63 137 167 171 143 215 274 142 174 225 165 124 0 60 219 271 245 243 276 333 154 124 154 179 258 185 295 191 114 219 72 123 188 276 146 145 163 159 246 239 149 262 217 283 175 236 228 206 232 285 139 233 205 175 251 256 207 252 281 77 160 275 168 194 280 214 238 343 251 141 285 103 133 304 106 251 201 239 188 218 157 125 235 109 267 155 286 156 253 151 192 189 183 261 129 150 178 306 221 205 244 204 212 275 158 304 148 185 76 213 204 135 198 175 
133 174 188 131 140 44 70 66 68 115 65 61 2 211 144 137 88 186 114 159 150 148 146 219 156 155 149 156 141 145 254 226 210 283 236 81 272 137 253 87 50 194 220 142 106 83 229 190 177 83 207 201 18 88 105 201 205 166 114 120 213 197 79 97 129 68 116 228 167 51 228 222 179 246 227 198 213 74 84 110 146 228 183 127 272 187 116 207 238 15 187 197 165 128 82 231 221 159 207 80 97 239 201 160 114 252 153 131 75 153 197 102 215 77 160 151 134 88 136 108 160 176 77 206 80 69 126 102 131 141 131 82 137 57 285 151 121 95 93 163 93 116 219 211 196 199 146 78 121 246 277 191 113 246 184 86 68 268 157 161 114 98 197 91 185 135 27 185 159 106 148 89 226 211 163 118 139 203 173 186 209 99 195 238 134 56 113 94 202 154 213 110 221 226 49 211 239 233 131 196 221 156 89 143 148 154 131 87 128 114 127 77 119 173 228 241 75 246 201 80 101 175 88 72 156 201 149 33 90 282 181 233 106 48 142 155 206 208 147 130 134 204 128 147 192 86 199 145 164 169 174 159 69 110 66 128 200 159 113 117 169 111 213 156 180 103 211 223 54 218 156 126 63 128 234 172 93 206 40 142 77 12 231 139 26 143 88 69 62 216 73 110 98 80 56 87 217 193 134 115 161 220 213 111 255 47 100 217 265 158 160 198 88 101 277 142 121 108 140 77 130 59 72 156 202 27 80 126 122 200 195 131 159 142 100 120 275 97 213 89 215 157 233 252 147 73 107 160 94 49 111 137 176 198 73 100 141 203 265 98 141 149 229 252 131 229 154 152 50 164 70 82 207 265 123 223 120 145 79 161 191 68 123 120 81 110 7 81 111 115 87 159 218 86 118 169 109 68 60 0 163 215 189 187 220 277 98 68 98 123 202 129 239 135 58 163 16 67 132 220 90 89 107 103 190 183 93 206 161 227 119 180 172 150 176 229 83 177 149 119 195 200 151 196 225 21 104 219 112 138 224 158 182 287 195 85 229 47 77 248 50 195 145 183 132 162 101 69 179 53 211 99 230 100 197 95 136 133 127 205 73 94 122 250 165 149 188 148 156 219 102 248 92 129 20 157 148 79 142 119 
208 249 263 206 215 119 124 139 131 48 140 136 161 286 219 212 163 261 177 213 225 223 221 294 231 88 82 231 74 220 329 301 285 358 311 135 347 212 328 246 125 269 295 75 169 156 304 123 252 158 282 276 177 142 180 276 280 241 189 174 146 272 154 172 204 141 179 303 100 126 303 297 254 321 302 273 288 137 159 185 79 303 258 181 347 262 191 282 313 174 262 272 98 61 145 306 296 232 282 155 172 314 276 93 189 327 86 194 129 207 272 177 290 152 93 226 207 161 211 181 223 251 152 281 155 228 199 177 185 216 64 157 212 216 360 226 196 168 252 238 168 191 294 286 271 274 221 153 196 321 352 266 176 321 259 245 141 343 232 94 189 257 272 164 260 210 186 260 234 181 223 164 301 286 238 193 212 278 248 119 284 174 270 313 188 215 188 169 277 229 288 183 296 301 124 286 314 308 194 129 296 231 248 218 221 229 194 141 191 189 181 152 52 106 303 316 129 321 276 155 174 250 142 145 229 276 224 192 165 357 256 308 160 207 205 230 281 283 80 205 209 137 203 222 267 149 274 199 239 244 249 222 144 183 141 61 133 92 186 190 244 165 288 229 255 176 286 298 129 293 231 201 222 203 309 247 168 281 199 217 236 171 306 212 185 216 163 142 137 291 127 185 173 143 131 150 292 268 209 190 234 295 288 186 330 122 175 292 340 233 235 273 163 155 352 217 54 181 215 131 205 218 135 229 277 186 155 199 197 275 270 185 234 196 175 193 350 256 288 164 290 232 308 327 220 148 161 235 169 124 174 212 251 131 136 163 195 278 340 152 216 222 304 327 194 304 229 227 209 237 143 241 282 340 186 298 174 78 238 224 266 141 198 195 154 185 166 154 174 169 246 234 293 161 193 244 184 227 219 163 0 290 264 120 295 352 173 143 152 198 277 204 314 210 217 236 175 140 195 295 153 164 182 166 265 116 168 281 94 302 194 255 105 225 109 304 158 252 224 182 270 275 224 271 300 180 158 294 185 213 299 212 257 362 270 160 304 122 152 323 209 270 220 258 207 237 176 132 112 128 144 172 305 173 130 170 211 187 190 280 148 157 55 325 238 203 121 202 229 294 177 323 167 202 179 220 223 154 217 194 
82 41 89 84 75 171 200 193 195 242 192 188 213 160 271 264 215 139 241 289 277 275 95 86 91 282 276 283 268 272 155 175 145 184 103 211 139 264 120 298 177 61 87 269 233 210 182 317 112 210 142 150 229 218 232 136 158 115 241 250 340 146 206 224 256 195 243 177 294 178 181 89 128 113 162 99 148 201 211 237 273 163 132 257 139 54 243 160 139 226 122 150 292 255 209 132 122 286 156 207 224 174 68 287 241 119 280 258 205 283 150 229 164 204 287 278 261 215 263 235 287 43 204 107 207 280 253 229 261 94 258 209 90 268 186 278 248 222 304 98 220 243 154 164 63 152 99 205 248 147 178 58 240 113 119 297 195 135 106 288 241 309 150 218 138 262 238 52 286 233 83 216 179 164 112 245 266 156 108 313 110 226 148 139 264 267 240 221 151 107 114 237 174 127 176 112 140 134 258 323 122 105 300 270 275 107 258 217 255 241 257 204 246 300 163 108 205 113 154 207 228 110 218 199 283 102 84 244 217 183 48 134 236 259 269 282 155 75 274 257 83 331 255 274 127 213 100 275 117 122 109 286 196 237 193 255 327 286 240 244 104 241 166 283 129 230 78 158 181 167 91 253 274 255 135 121 220 155 251 91 288 223 132 266 237 270 215 196 189 83 203 237 225 207 183 214 170 60 261 242 288 169 166 238 122 174 227 118 166 107 109 147 215 231 178 269 248 235 267 207 257 270 199 283 69 238 207 253 249 67 144 261 286 272 227 247 176 308 166 216 82 106 100 119 274 200 237 109 221 176 238 86 43 325 200 227 271 104 132 228 268 276 164 119 258 96 281 87 261 291 197 293 142 132 250 176 250 272 290 288 144 195 250 247 208 237 218 208 238 245 298 108 153 213 245 118 236 279 271 215 290 0 56 314 121 178 225 195 228 250 103 256 140 262 269 290 227 194 259 169 217 216 234 230 57 310 220 159 288 128 246 47 299 99 303 164 210 126 276 246 144 153 278 131 126 232 234 168 239 265 125 288 117 188 96 212 178 174 204 149 261 144 272 132 259 111 228 196 306 180 338 226 165 227 324 222 89 263 254 140 200 221 249 151 292 279 315 278 283 154 229 115 219 256 231 284 83 206 269 246 
56 15 63 58 49 145 174 167 169 216 166 162 187 134 245 238 189 113 215 263 251 249 69 60 65 256 250 257 242 246 129 149 119 158 77 185 113 238 94 272 151 35 61 243 207 184 156 291 86 184 116 124 203 192 206 110 132 89 215 224 314 120 180 198 230 169 217 151 268 152 155 63 102 87 136 73 122 175 185 211 247 137 106 231 113 28 217 134 113 200 96 124 266 229 183 106 96 260 130 181 198 148 42 261 215 93 254 232 179 257 124 203 138 178 261 252 235 189 237 209 261 17 178 81 181 254 227 203 235 68 232 183 64 242 160 252 222 196 278 72 194 217 128 138 37 126 73 179 222 121 152 32 214 87 93 271 169 109 80 262 215 283 124 192 112 236 212 26 260 207 57 190 153 138 86 219 240 130 82 287 84 200 122 113 238 241 214 195 125 81 88 211 148 101 150 86 114 108 232 297 96 79 274 244 249 81 232 191 229 215 231 178 220 274 137 82 179 87 128 181 202 84 192 173 257 76 58 218 191 157 22 108 210 233 243 256 129 49 248 231 57 305 229 248 101 187 74 249 91 96 83 260 170 211 167 229 301 260 214 218 78 215 140 257 103 204 52 132 155 141 65 227 248 229 109 95 194 129 225 65 262 197 106 240 211 244 189 170 163 57 177 211 199 181 157 188 144 34 235 216 262 143 140 212 96 148 201 92 140 81 83 121 189 205 152 243 222 209 241 181 231 244 173 257 43 212 181 227 223 41 118 235 260 246 201 221 150 282 140 190 56 80 74 93 248 174 211 83 195 150 212 60 17 299 174 201 245 78 106 202 242 250 138 93 232 70 255 61 235 265 171 267 116 106 224 150 224 246 264 262 118 169 224 221 182 211 192 182 212 219 272 82 127 187 219 92 210 253 245 189 264 56 0 288 95 152 199 169 202 224 77 230 114 236 243 264 201 168 233 143 191 190 208 204 31 284 194 133 262 102 220 21 273 73 277 138 184 100 250 220 118 127 252 105 100 206 208 142 213 239 99 262 91 162 70 186 152 148 178 123 235 118 246 106 233 85 202 170 280 154 312 200 139 201 298 196 63 237 228 114 174 195 223 125 266 253 289 252 257 128 203 89 193 230 205 258 57 180 243 220 
232 273 287 230 239 143 148 163 155 72 164 160 185 310 243 236 187 285 201 237 249 247 245 318 255 112 106 255 98 244 353 325 309 382 335 159 371 236 352 270 149 293 319 99 193 180 328 147 276 182 306 300 201 166 204 300 304 265 213 198 170 296 178 196 228 165 203 327 124 150 327 321 278 345 326 297 312 161 183 209 103 327 282 205 371 286 215 306 337 198 286 296 122 85 169 330 320 256 306 179 196 338 300 117 213 351 110 218 153 231 296 201 314 176 117 250 231 185 235 205 247 275 176 305 179 252 223 201 209 240 88 181 236 240 384 250 220 192 276 262 192 215 318 310 295 298 245 177 220 345 376 290 200 345 283 269 165 367 256 118 213 281 296 188 284 234 210 284 258 205 247 188 325 310 262 217 236 302 272 143 308 198 294 337 212 239 212 193 301 253 312 207 320 325 148 310 338 332 218 153 320 255 272 242 245 253 218 165 215 213 205 176 76 130 327 340 153 345 300 179 198 274 166 169 253 300 248 216 189 381 280 332 184 231 229 254 305 307 104 229 233 161 227 246 291 173 298 223 263 268 273 246 168 207 165 85 157 116 210 214 268 189 312 253 279 200 310 322 153 317 255 225 246 227 333 271 192 305 223 241 260 195 330 236 209 240 187 166 161 315 151 209 197 167 155 174 316 292 233 214 258 319 312 210 354 146 199 316 364 257 259 297 187 179 376 241 78 205 239 155 229 242 159 253 301 210 179 223 221 299 294 209 258 220 199 217 374 280 312 188 314 256 332 351 244 172 185 259 193 148 198 236 275 155 160 187 219 302 364 176 240 246 328 351 218 328 253 251 233 261 167 265 306 364 210 322 198 102 262 248 290 165 222 219 178 209 190 178 198 193 270 258 317 185 217 268 208 251 243 187 120 314 288 0 319 376 197 167 176 222 301 228 338 234 241 260 199 164 219 319 177 188 206 190 289 140 192 305 118 326 218 279 129 249 133 328 182 276 248 206 294 299 248 295 324 204 182 318 209 237 323 236 281 386 294 184 328 146 176 347 233 294 244 282 231 261 200 156 136 152 168 196 329 197 154 194 235 211 214 304 172 181 79 349 262 227 145 226 253 318 201 347 191 226 203 244 247 178 241 218 
91 80 32 89 94 176 205 198 200 247 197 193 218 169 276 269 220 144 246 294 282 280 104 125 110 287 281 288 273 277 98 184 164 127 142 216 178 269 159 303 182 100 126 274 238 215 187 322 131 215 161 159 234 223 237 155 163 124 246 255 345 155 211 229 261 200 248 186 299 183 186 128 137 152 181 42 167 206 216 242 278 182 141 262 178 93 248 165 82 231 141 155 297 260 214 75 65 291 165 212 229 193 107 292 246 158 285 263 210 288 155 234 173 209 292 283 266 220 268 240 292 82 209 50 212 285 258 234 266 99 263 214 95 273 129 283 253 227 309 117 225 248 173 169 102 157 104 210 253 90 121 97 245 152 138 302 200 174 115 293 246 314 155 223 143 267 243 91 291 238 102 221 184 169 121 250 271 161 127 318 53 231 153 82 269 272 245 226 160 112 57 242 179 70 181 55 83 77 263 328 65 114 305 275 280 112 263 222 260 246 262 209 251 305 182 147 210 152 159 212 233 129 223 204 288 45 103 249 222 126 87 77 241 264 274 287 164 114 279 262 92 336 260 279 146 218 43 280 122 127 128 291 201 242 198 260 332 291 245 249 123 246 171 288 138 235 117 177 186 176 110 258 279 260 78 130 225 164 256 100 293 228 75 271 242 275 220 201 194 122 208 242 230 212 188 219 175 99 266 247 293 178 171 243 161 179 232 61 109 116 118 156 220 236 121 274 253 240 272 212 262 275 204 288 108 243 212 258 254 106 153 266 291 277 232 252 119 313 171 221 121 115 139 158 279 205 242 118 226 181 243 95 82 330 205 232 276 47 171 233 273 281 183 158 263 135 286 106 266 296 202 298 161 171 255 181 255 277 295 293 149 200 255 252 213 242 223 213 243 250 303 117 172 218 250 127 241 284 276 220 295 121 95 319 0 121 230 200 233 255 46 261 83 267 274 295 232 199 264 178 222 221 239 235 96 315 225 164 293 71 251 86 304 108 308 183 215 135 281 251 153 158 283 150 69 237 239 177 244 270 68 293 136 131 39 217 187 179 209 92 266 153 277 141 264 120 233 201 311 185 343 231 184 232 329 227 94 268 259 159 205 226 254 94 297 284 320 283 288 173 234 154 224 261 236 289 102 211 274 251 
148 137 89 146 151 233 262 255 257 304 254 250 275 226 333 326 277 201 303 351 339 337 161 182 167 344 338 345 330 334 155 241 221 184 199 273 235 326 216 360 239 157 183 331 295 272 244 379 188 272 218 216 291 280 294 212 220 181 303 312 402 212 268 286 318 257 305 243 356 240 243 185 194 209 238 99 224 263 273 299 335 239 198 319 235 150 305 222 139 288 198 212 354 317 271 132 122 348 222 269 286 250 164 349 303 215 342 320 267 345 212 291 230 266 349 340 323 277 325 297 349 139 266 107 269 342 315 291 323 156 320 271 152 330 186 340 310 284 366 174 282 305 230 226 159 214 161 267 310 147 178 154 302 209 195 359 257 231 172 350 303 371 212 280 200 324 300 148 348 295 159 278 241 226 178 307 328 218 184 375 110 288 210 139 326 329 302 283 217 169 114 299 236 127 238 112 140 134 320 385 122 171 362 332 337 169 320 279 317 303 319 266 308 362 239 204 267 209 216 269 290 186 280 261 345 102 160 306 279 183 144 134 298 321 331 344 221 171 336 319 149 393 317 336 203 275 100 337 179 184 185 348 258 299 255 317 389 348 302 306 180 303 228 345 195 292 174 234 243 233 167 315 336 317 135 187 282 221 313 157 350 285 132 328 299 332 277 258 251 179 265 299 287 269 245 276 232 156 323 304 350 235 228 300 218 236 289 118 166 173 175 213 277 293 178 331 310 297 329 269 319 332 261 345 165 300 269 315 311 163 210 323 348 334 289 309 176 370 228 278 178 172 196 215 336 262 299 175 283 238 300 152 139 387 262 289 333 104 228 290 330 338 240 215 320 192 343 163 323 353 259 355 218 228 312 238 312 334 352 350 206 257 312 309 270 299 280 270 300 307 360 174 229 275 307 184 298 341 333 277 352 178 152 376 121 0 287 257 290 312 103 318 140 324 331 352 289 256 321 235 279 278 296 292 153 372 282 221 350 128 308 143 361 165 365 240 272 192 338 308 210 215 340 207 126 294 296 234 301 327 125 350 193 188 96 274 244 236 266 149 323 210 334 198 321 177 290 258 368 242 400 288 241 289 386 284 151 325 316 216 262 283 311 151 354 341 377 340 345 230 291 211 281 318 293 346 159 268 331 308 
143 184 198 141 150 54 49 34 42 125 33 61 96 221 112 137 98 196 88 138 150 116 156 229 166 165 159 156 151 113 264 236 220 293 246 60 282 137 263 181 60 204 230 152 80 51 239 200 187 93 217 211 112 67 105 211 215 176 114 99 223 207 89 107 129 36 90 238 177 61 238 232 189 256 237 208 223 48 84 120 156 238 193 106 282 197 84 217 248 109 197 207 175 138 56 241 231 127 217 90 65 249 211 170 114 262 163 105 54 132 207 102 225 45 170 151 102 56 146 76 134 186 87 216 80 163 94 112 110 151 141 92 147 151 295 151 131 63 187 173 61 126 229 221 206 209 156 46 131 256 287 201 87 256 194 180 36 278 167 171 114 192 207 59 195 135 121 195 159 106 158 89 236 221 173 118 107 213 183 196 219 109 205 248 113 150 123 62 212 164 223 78 231 236 59 221 249 243 105 206 231 166 183 111 116 164 105 66 102 124 106 45 129 183 238 251 54 256 211 48 69 185 67 40 124 211 159 127 100 292 191 243 85 142 116 123 216 218 157 130 144 214 128 147 202 60 209 124 174 179 184 133 37 78 34 138 210 169 81 85 179 90 223 124 190 71 221 233 64 228 166 126 157 138 244 182 103 216 134 152 171 106 241 107 120 111 88 37 62 226 52 78 66 54 66 61 227 203 134 115 129 230 223 121 265 57 68 227 275 168 170 208 98 80 287 142 131 76 140 56 140 153 46 124 212 121 80 94 90 210 205 110 127 121 110 88 285 191 223 89 225 167 243 262 115 41 86 170 94 59 85 147 186 208 47 74 120 213 275 77 141 117 239 262 105 239 122 162 144 132 38 176 217 275 97 233 99 155 173 135 201 36 123 88 49 120 101 49 85 94 181 169 228 54 86 179 109 162 154 98 173 225 199 197 230 287 0 36 77 123 212 97 249 145 152 131 110 35 106 230 64 99 117 77 200 193 103 216 171 237 87 190 182 160 186 239 93 187 149 93 205 210 119 206 235 115 83 229 80 138 234 137 192 297 205 85 239 57 45 258 144 205 145 193 132 172 111 43 189 63 221 67 240 68 207 63 146 112 101 215 41 68 132 260 133 128 198 127 124 229 112 258 102 97 114 131 158 89 142 87 
113 154 168 111 120 24 19 4 12 95 3 31 66 191 82 107 68 166 58 108 120 86 126 199 136 135 129 126 121 83 234 206 190 263 216 30 252 107 233 151 30 174 200 122 50 21 209 170 157 63 187 181 82 37 75 181 185 146 84 69 193 177 59 77 99 6 60 208 147 31 208 202 159 226 207 178 193 18 54 90 126 208 163 76 252 167 54 187 218 79 167 177 145 108 26 211 201 97 187 60 35 219 181 140 84 232 133 75 24 102 177 72 195 15 140 121 72 26 116 46 104 156 57 186 50 133 64 82 80 121 111 62 117 121 265 121 101 33 157 143 31 96 199 191 176 179 126 16 101 226 257 171 57 226 164 150 6 248 137 141 84 162 177 29 165 105 91 165 129 76 128 59 206 191 143 88 77 183 153 166 189 79 175 218 83 120 93 32 182 134 193 48 201 206 29 191 219 213 75 176 201 136 153 81 86 134 75 36 72 94 76 15 99 153 208 221 24 226 181 18 39 155 37 10 94 181 129 97 70 262 161 213 55 112 86 93 186 188 127 100 114 184 98 117 172 30 179 94 144 149 154 103 7 48 4 108 180 139 51 55 149 60 193 94 160 41 191 203 34 198 136 96 127 108 214 152 73 186 104 122 141 76 211 77 90 81 58 7 32 196 22 48 36 24 36 31 197 173 104 85 99 200 193 91 235 27 38 197 245 138 140 178 68 50 257 112 101 46 110 26 110 123 16 94 182 91 50 64 60 180 175 80 97 91 80 58 255 161 193 59 195 137 213 232 85 11 56 140 64 29 55 117 156 178 17 44 90 183 245 47 111 87 209 232 75 209 92 132 114 102 8 146 187 245 67 203 69 125 143 105 171 6 93 58 19 90 71 19 55 64 151 139 198 24 56 149 79 132 124 68 143 195 169 167 200 257 36 0 47 93 182 67 219 115 122 101 80 5 76 200 34 69 87 47 170 163 73 186 141 207 57 160 152 130 156 209 63 157 119 63 175 180 89 176 205 85 53 199 50 108 204 107 162 267 175 55 209 27 15 228 114 175 115 163 102 142 81 13 159 33 191 37 210 38 177 33 116 82 71 185 11 38 102 230 103 98 168 97 94 199 82 228 72 67 84 101 128 59 112 57 
146 187 201 144 153 57 28 43 35 104 44 40 96 224 123 116 101 199 81 117 129 127 159 232 169 144 138 135 130 124 267 239 223 296 249 39 285 116 266 181 63 207 233 131 73 60 242 179 190 96 220 214 112 46 84 214 218 179 93 78 202 210 92 110 108 45 83 241 156 64 241 235 192 259 240 211 226 41 63 123 135 241 196 85 285 200 95 220 251 109 200 210 154 117 49 244 234 136 220 93 76 252 214 149 93 265 142 98 33 111 210 81 228 56 149 130 111 65 149 85 127 189 90 219 59 163 103 115 89 154 120 95 150 151 298 130 134 72 187 176 72 129 232 224 209 212 159 57 134 259 290 204 80 259 197 180 45 281 170 150 93 192 210 68 198 114 121 198 138 85 161 68 239 224 176 97 116 216 186 175 222 112 208 251 92 150 126 73 215 167 226 87 234 239 62 224 252 246 98 185 234 169 183 122 125 167 98 45 95 127 85 56 108 162 241 254 33 259 214 59 78 188 46 49 133 214 162 127 103 295 194 246 64 142 109 134 219 221 136 109 147 193 107 126 205 53 212 103 177 182 187 126 48 87 45 117 189 148 90 94 182 69 226 133 193 80 224 236 67 231 169 105 157 141 247 185 106 219 134 155 171 106 244 116 120 120 67 46 41 229 31 89 77 47 69 54 230 206 113 94 138 233 226 124 268 60 79 230 278 171 173 211 101 59 290 121 110 85 119 35 143 153 39 133 215 121 59 103 101 213 208 89 138 100 113 97 288 191 226 68 228 170 246 265 124 52 65 173 73 62 78 150 189 187 40 67 99 216 278 56 120 126 242 265 98 242 133 165 144 141 47 176 220 278 90 236 78 134 173 128 204 45 102 99 58 123 101 58 78 73 181 172 231 65 97 182 88 162 154 98 152 228 202 176 233 290 77 47 0 102 215 108 252 148 152 140 110 44 99 233 57 102 120 70 203 172 106 219 150 240 98 193 161 163 165 242 96 190 128 86 208 213 128 209 238 115 62 232 89 117 237 116 195 300 208 64 242 60 56 261 144 208 124 196 111 175 114 36 168 66 200 76 243 77 186 74 149 91 94 218 52 61 111 263 142 107 177 106 133 232 115 261 105 106 114 124 161 92 121 98 
168 209 223 166 175 79 74 89 81 150 90 62 121 246 169 138 123 221 127 163 151 173 181 254 191 190 184 157 176 170 289 261 245 318 271 85 307 138 288 206 85 229 255 177 119 106 264 225 212 118 242 236 137 92 106 236 240 201 115 124 248 232 114 132 130 91 129 263 202 86 263 257 214 281 262 233 248 87 85 145 181 263 218 131 307 222 141 242 273 134 222 232 200 163 95 266 256 182 242 115 122 274 236 195 115 287 188 144 79 157 232 103 250 102 195 152 157 111 171 131 173 211 112 241 81 188 149 137 135 176 166 117 172 176 320 152 156 118 212 198 118 151 254 246 231 234 181 103 156 281 312 226 126 281 219 205 91 303 192 196 115 217 232 114 220 136 146 220 160 107 183 90 261 246 198 119 162 238 208 221 244 134 230 273 138 175 148 119 237 189 248 133 256 261 84 246 274 268 144 231 256 191 208 168 171 189 144 91 141 149 131 102 154 208 263 276 79 281 236 105 124 210 92 95 179 236 184 152 125 317 216 268 110 167 155 180 241 243 182 131 169 239 129 148 227 99 234 149 199 204 209 172 94 133 91 163 235 194 136 140 204 115 248 179 215 126 246 258 89 253 191 127 182 163 269 207 128 241 159 177 196 131 266 162 145 166 89 92 63 251 77 135 123 93 91 100 252 228 135 116 184 255 248 146 290 82 125 252 300 193 195 233 123 105 312 143 156 131 141 81 165 178 85 179 237 146 81 149 147 235 230 135 184 146 135 143 310 216 248 90 250 192 268 287 170 98 111 195 95 84 124 172 211 233 86 113 145 238 300 102 142 172 264 287 144 264 179 187 169 187 93 201 242 300 136 258 124 180 198 174 226 91 124 145 104 145 126 104 124 119 206 194 253 111 143 204 110 187 179 123 198 250 224 222 255 312 123 93 102 0 237 154 274 170 177 186 135 90 145 255 103 124 142 116 225 218 128 241 196 262 144 215 207 185 211 264 118 212 150 132 230 235 174 231 260 140 108 254 135 139 259 162 217 322 230 86 264 82 102 283 169 230 146 218 133 197 136 82 214 88 246 122 265 123 232 120 171 137 140 240 98 107 157 285 188 153 223 152 179 254 137 283 127 152 139 170 183 114 143 144 
73 62 14 71 76 158 187 180 182 229 179 175 200 151 258 251 202 126 228 276 264 262 86 107 92 269 263 270 255 259 80 166 146 109 124 198 160 251 141 285 164 82 108 256 220 197 169 304 113 197 143 141 216 205 219 137 145 106 228 237 327 137 193 211 243 182 230 168 281 165 168 110 119 134 163 24 149 188 198 224 260 164 123 244 160 75 230 147 64 213 123 137 279 242 196 57 47 273 147 194 211 175 89 274 228 140 267 245 192 270 137 216 155 191 274 265 248 202 250 222 274 64 191 32 194 267 240 216 248 81 245 196 77 255 111 265 235 209 291 99 207 230 155 151 84 139 86 192 235 72 103 79 227 134 120 284 182 156 97 275 228 296 137 205 125 249 225 73 273 220 84 203 166 151 103 232 253 143 109 300 35 213 135 64 251 254 227 208 142 94 39 224 161 52 163 37 65 59 245 310 47 96 287 257 262 94 245 204 242 228 244 191 233 287 164 129 192 134 141 194 215 111 205 186 270 27 85 231 204 108 69 59 223 246 256 269 146 96 261 244 74 318 242 261 128 200 25 262 104 109 110 273 183 224 180 242 314 273 227 231 105 228 153 270 120 217 99 159 168 158 92 240 261 242 60 112 207 146 238 82 275 210 57 253 224 257 202 183 176 104 190 224 212 194 170 201 157 81 248 229 275 160 153 225 143 161 214 43 91 98 100 138 202 218 103 256 235 222 254 194 244 257 186 270 90 225 194 240 236 88 135 248 273 259 214 234 101 295 153 203 103 97 121 140 261 187 224 100 208 163 225 77 64 312 187 214 258 29 153 215 255 263 165 140 245 117 268 88 248 278 184 280 143 153 237 163 237 259 277 275 131 182 237 234 195 224 205 195 225 232 285 99 154 200 232 109 223 266 258 202 277 103 77 301 46 103 212 182 215 237 0 243 65 249 256 277 214 181 246 160 204 203 221 217 78 297 207 146 275 53 233 68 286 90 290 165 197 117 263 233 135 140 265 132 51 219 221 159 226 252 50 275 118 113 21 199 169 161 191 74 248 135 259 123 246 102 215 183 293 167 325 213 166 214 311 209 76 250 241 141 187 208 236 76 279 266 302 265 270 155 216 136 206 243 218 271 84 193 256 233 
174 215 229 172 181 85 80 65 73 156 64 92 127 252 143 168 129 227 119 169 181 147 187 260 197 196 190 187 182 144 295 267 251 324 277 91 313 168 294 212 91 235 261 183 111 82 270 231 218 124 248 242 143 98 136 242 246 207 145 130 254 238 120 138 160 67 121 269 208 92 269 263 220 287 268 239 254 79 115 151 187 269 224 137 313 228 115 248 279 140 228 238 206 169 87 272 262 158 248 121 96 280 242 201 145 293 194 136 85 163 238 133 256 76 201 182 133 87 177 107 165 217 118 247 111 194 125 143 141 182 172 123 178 182 326 182 162 94 218 204 92 157 260 252 237 240 187 77 162 287 318 232 118 287 225 211 67 309 198 202 145 223 238 90 226 166 152 226 190 137 189 120 267 252 204 149 138 244 214 227 250 140 236 279 144 181 154 93 243 195 254 109 262 267 90 252 280 274 136 237 262 197 214 142 147 195 136 97 133 155 137 76 160 214 269 282 85 287 242 79 100 216 98 71 155 242 190 158 131 323 222 274 116 173 147 154 247 249 188 161 175 245 159 178 233 91 240 155 205 210 215 164 68 109 65 169 241 200 112 116 210 121 254 155 221 102 252 264 95 259 197 157 188 169 275 213 134 247 165 183 202 137 272 138 151 142 119 68 93 257 83 109 97 85 97 92 258 234 165 146 160 261 254 152 296 88 99 258 306 199 201 239 129 111 318 173 162 107 171 87 171 184 77 155 243 152 111 125 121 241 236 141 158 152 141 119 316 222 254 120 256 198 274 293 146 72 117 201 125 90 116 178 217 239 78 105 151 244 306 108 172 148 270 293 136 270 153 193 175 163 69 207 248 306 128 264 130 186 204 166 232 67 154 119 80 151 132 80 116 125 212 200 259 85 117 210 140 193 185 129 204 256 230 228 261 318 97 67 108 154 243 0 280 176 183 162 141 66 137 261 95 130 148 108 231 224 134 247 202 268 118 221 213 191 217 270 124 218 180 124 236 241 150 237 266 146 114 260 111 169 265 168 223 328 236 116 270 88 76 289 175 236 176 224 163 203 142 74 220 94 252 98 271 99 238 94 177 143 132 246 72 99 163 291 164 159 229 158 155 260 143 289 133 128 145 162 189 120 173 118 
110 99 51 108 113 195 224 217 219 266 216 212 237 188 295 288 239 163 265 313 301 299 123 144 129 306 300 307 292 296 117 203 183 146 161 235 197 288 178 322 201 119 145 293 257 234 206 341 150 234 180 178 253 242 256 174 182 143 265 274 364 174 230 248 280 219 267 205 318 202 205 147 156 171 200 61 186 225 235 261 297 201 160 281 197 112 267 184 101 250 160 174 316 279 233 94 84 310 184 231 248 212 126 311 265 177 304 282 229 307 174 253 192 228 311 302 285 239 287 259 311 101 228 69 231 304 277 253 285 118 282 233 114 292 148 302 272 246 328 136 244 267 192 188 121 176 123 229 272 109 140 116 264 171 157 321 219 193 134 312 265 333 174 242 162 286 262 110 310 257 121 240 203 188 140 269 290 180 146 337 72 250 172 101 288 291 264 245 179 131 76 261 198 89 200 74 102 96 282 347 84 133 324 294 299 131 282 241 279 265 281 228 270 324 201 166 229 171 178 231 252 148 242 223 307 64 122 268 241 145 106 96 260 283 293 306 183 133 298 281 111 355 279 298 165 237 62 299 141 146 147 310 220 261 217 279 351 310 264 268 142 265 190 307 157 254 136 196 205 195 129 277 298 279 97 149 244 183 275 119 312 247 94 290 261 294 239 220 213 141 227 261 249 231 207 238 194 118 285 266 312 197 190 262 180 198 251 80 128 135 137 175 239 255 140 293 272 259 291 231 281 294 223 307 127 262 231 277 273 125 172 285 310 296 251 271 138 332 190 240 140 134 158 177 298 224 261 137 245 200 262 114 101 349 224 251 295 66 190 252 292 300 202 177 282 154 305 125 285 315 221 317 180 190 274 200 274 296 314 312 168 219 274 271 232 261 242 232 262 269 322 136 191 237 269 146 260 303 295 239 314 140 114 338 83 140 249 219 252 274 65 280 0 286 293 314 251 218 283 197 241 240 258 254 115 334 244 183 312 90 270 105 323 127 327 202 234 154 300 270 172 177 302 169 88 256 258 196 263 289 87 312 155 150 58 236 206 198 228 111 285 172 296 160 283 139 252 220 330 204 362 250 203 251 348 246 113 287 278 178 224 245 273 113 316 303 339 302 307 192 253 173 243 280 255 308 121 230 293 270 
180 221 235 178 187 91 120 113 115 162 112 108 133 258 191 184 135 233 161 209 197 195 193 266 203 202 196 203 188 192 301 273 257 330 283 131 319 184 300 218 97 241 267 189 153 130 276 237 224 130 254 248 149 138 152 248 252 213 161 170 260 244 126 144 176 115 163 275 214 98 275 269 226 293 274 245 260 121 131 157 193 275 230 177 319 234 163 254 285 146 234 244 212 175 129 278 268 206 254 127 144 286 248 207 161 299 200 178 125 203 244 149 262 124 207 198 181 135 183 155 207 223 124 253 127 200 173 149 181 188 178 129 184 188 332 198 168 142 224 210 140 163 266 258 243 246 193 125 168 293 324 238 160 293 231 217 115 315 204 208 161 229 244 138 232 182 158 232 206 153 195 136 273 258 210 165 186 250 220 233 256 146 242 285 184 187 160 141 249 201 260 157 268 273 96 258 286 280 178 243 268 203 220 190 195 201 178 137 175 161 177 124 166 220 275 288 125 293 248 127 148 222 138 119 203 248 196 164 137 329 228 280 156 179 189 202 253 255 194 177 181 251 175 194 239 133 246 195 211 216 221 206 116 157 113 175 247 206 160 164 216 161 260 203 227 150 258 270 101 265 203 173 194 175 281 219 140 253 171 189 208 143 278 186 157 190 135 116 109 263 123 157 145 127 103 134 264 240 181 162 208 267 260 158 302 94 147 264 312 205 207 245 135 151 324 189 168 155 187 127 177 190 119 203 249 158 127 173 169 247 242 181 206 192 147 167 322 228 260 136 262 204 280 299 194 120 157 207 141 96 158 184 223 245 120 147 191 250 312 148 188 196 276 299 178 276 201 199 181 211 117 213 254 312 170 270 170 192 210 208 238 115 170 167 128 157 138 128 158 165 218 206 265 133 165 216 156 199 191 135 210 262 236 234 267 324 145 115 148 170 249 176 286 0 189 210 147 114 179 267 137 136 154 150 237 230 140 253 208 274 166 227 219 197 223 276 130 224 196 166 242 247 198 243 272 152 154 266 159 185 271 208 229 334 242 132 276 94 124 295 181 242 192 230 179 209 148 116 226 100 258 146 277 147 244 142 183 183 174 252 120 141 169 297 212 199 235 198 203 266 149 295 139 176 151 204 195 126 189 166 
187 228 242 185 194 98 124 120 122 169 119 115 56 265 198 191 142 240 168 213 204 202 200 273 210 209 203 210 195 199 308 280 264 337 290 135 326 191 307 141 104 248 274 196 160 137 283 244 231 137 261 255 72 142 159 255 259 220 168 174 267 251 133 151 183 122 170 282 221 105 282 276 233 300 281 252 267 128 138 164 200 282 237 181 326 241 170 261 292 69 241 251 219 182 136 285 275 213 261 134 151 293 255 214 168 306 207 185 129 207 251 156 269 131 214 205 188 142 190 162 214 230 131 260 134 123 180 156 185 195 185 136 191 111 339 205 175 149 147 217 147 170 273 265 250 253 200 132 175 300 331 245 167 300 238 140 122 322 211 215 168 152 251 145 239 189 81 239 213 160 202 143 280 265 217 172 193 257 227 240 263 153 249 292 188 110 167 148 256 208 267 164 275 280 103 265 293 287 185 250 275 210 143 197 202 208 185 141 182 168 181 131 173 227 282 295 129 300 255 134 155 229 142 126 210 255 203 87 144 336 235 287 160 102 196 209 260 262 201 184 188 258 182 201 246 140 253 199 218 223 228 213 123 164 120 182 254 213 167 171 223 165 267 210 234 157 265 277 108 272 210 180 117 182 288 226 147 260 94 196 131 66 285 193 80 197 142 123 116 270 127 164 152 134 110 141 271 247 188 169 215 274 267 165 309 101 154 271 319 212 214 252 142 155 331 196 175 162 194 131 184 113 126 210 256 81 134 180 176 254 249 185 213 196 154 174 329 151 267 143 269 211 287 306 201 127 161 214 148 103 165 191 230 252 127 154 195 257 319 152 195 203 283 306 185 283 208 206 104 218 124 136 261 319 177 277 174 199 133 215 245 122 177 174 135 164 61 135 165 169 141 213 272 140 172 223 163 122 114 58 217 269 243 241 274 331 152 122 152 177 256 183 293 189 0 217 70 121 186 274 144 143 161 157 244 237 147 260 215 281 173 234 226 204 230 283 137 231 203 173 249 254 205 250 279 75 158 273 166 192 278 212 236 341 249 139 283 101 131 302 104 249 199 237 186 216 155 123 233 107 265 153 284 154 251 149 190 187 181 259 127 148 176 304 219 203 242 202 210 273 156 302 146 183 74 211 202 133 196 173 
208 249 263 206 215 119 112 97 105 188 98 124 161 286 177 200 163 261 151 201 213 181 221 294 231 228 222 219 214 178 329 301 285 358 311 123 347 200 328 246 125 269 295 215 143 114 304 263 252 158 282 276 177 130 168 276 280 241 177 162 286 272 154 172 192 99 153 303 240 126 303 297 254 321 302 273 288 111 147 185 219 303 258 169 347 262 149 282 313 174 262 272 238 201 119 306 296 190 282 155 130 314 276 233 177 327 226 168 117 195 272 165 290 110 233 214 165 119 211 139 197 251 152 281 143 228 157 177 173 216 204 157 212 216 360 214 196 126 252 238 126 191 294 286 271 274 221 111 196 321 352 266 150 321 259 245 99 343 232 234 177 257 272 122 260 198 186 260 222 169 223 152 301 286 238 181 170 278 248 259 284 174 270 313 176 215 188 127 277 229 288 141 296 301 124 286 314 308 168 269 296 231 248 176 179 229 168 129 165 189 169 110 192 246 303 316 117 321 276 113 132 250 130 103 187 276 224 192 165 357 256 308 148 207 179 188 281 283 220 193 209 277 191 210 267 123 274 187 239 244 249 196 102 141 99 201 273 232 144 148 244 153 288 187 255 134 286 298 129 293 231 189 222 203 309 247 168 281 199 217 236 171 306 170 185 174 151 100 125 291 115 143 131 117 131 124 292 268 197 178 192 295 288 186 330 122 133 292 340 233 235 273 163 143 352 205 194 139 203 119 205 218 109 187 277 186 143 157 155 275 270 173 192 184 175 151 350 256 288 152 290 232 308 327 178 106 149 235 157 124 148 212 251 271 110 137 183 278 340 140 204 180 304 327 168 304 187 227 209 195 101 241 282 340 160 298 162 218 238 198 266 99 186 153 112 185 166 112 148 157 246 234 293 119 151 244 172 227 219 163 236 290 264 260 295 352 131 101 140 186 277 162 314 210 217 0 175 98 169 295 127 164 182 140 265 256 168 281 234 302 152 255 245 225 249 304 158 252 212 156 270 275 182 271 300 180 146 294 143 201 299 200 257 362 270 148 304 122 110 323 209 270 208 258 195 237 176 106 252 128 284 130 305 131 270 128 211 175 164 280 106 131 195 325 196 191 261 190 187 294 177 323 167 160 179 194 223 154 205 152 
145 186 200 143 152 56 82 78 80 127 77 73 14 223 156 149 100 198 126 171 162 160 158 231 168 167 161 168 153 157 266 238 222 295 248 93 284 149 265 99 62 206 232 154 118 95 241 202 189 95 219 213 30 100 117 213 217 178 126 132 225 209 91 109 141 80 128 240 179 63 240 234 191 258 239 210 225 86 96 122 158 240 195 139 284 199 128 219 250 27 199 209 177 140 94 243 233 171 219 92 109 251 213 172 126 264 165 143 87 165 209 114 227 89 172 163 146 100 148 120 172 188 89 218 92 81 138 114 143 153 143 94 149 69 297 163 133 107 105 175 105 128 231 223 208 211 158 90 133 258 289 203 125 258 196 98 80 280 169 173 126 110 209 103 197 147 39 197 171 118 160 101 238 223 175 130 151 215 185 198 221 111 207 250 146 68 125 106 214 166 225 122 233 238 61 223 251 245 143 208 233 168 101 155 160 166 143 99 140 126 139 89 131 185 240 253 87 258 213 92 113 187 100 84 168 213 161 45 102 294 193 245 118 60 154 167 218 220 159 142 146 216 140 159 204 98 211 157 176 181 186 171 81 122 78 140 212 171 125 129 181 123 225 168 192 115 223 235 66 230 168 138 75 140 246 184 105 218 52 154 89 24 243 151 38 155 100 81 74 228 85 122 110 92 68 99 229 205 146 127 173 232 225 123 267 59 112 229 277 170 172 210 100 113 289 154 133 120 152 89 142 71 84 168 214 39 92 138 134 212 207 143 171 154 112 132 287 109 225 101 227 169 245 264 159 85 119 172 106 61 123 149 188 210 85 112 153 215 277 110 153 161 241 264 143 241 166 164 62 176 82 94 219 277 135 235 132 157 91 173 203 80 135 132 93 122 19 93 123 127 99 171 230 98 130 181 121 80 72 16 175 227 201 199 232 289 110 80 110 135 214 141 251 147 70 175 0 79 144 232 102 101 119 115 202 195 105 218 173 239 131 192 184 162 188 241 95 189 161 131 207 212 163 208 237 33 116 231 124 150 236 170 194 299 207 97 241 59 89 260 62 207 157 195 144 174 113 81 191 65 223 111 242 112 209 107 148 145 139 217 85 106 134 262 177 161 200 160 168 231 114 260 104 141 32 169 160 91 154 131 
112 153 167 110 119 23 16 1 9 92 2 28 65 190 81 104 67 165 55 105 117 85 125 198 135 132 126 123 118 82 233 205 189 262 215 27 251 104 232 150 29 173 199 119 47 18 208 167 156 62 186 180 81 34 72 180 184 145 81 66 190 176 58 76 96 3 57 207 144 30 207 201 158 225 206 177 192 15 51 89 123 207 162 73 251 166 53 186 217 78 166 176 142 105 23 210 200 94 186 59 34 218 180 137 81 231 130 72 21 99 176 69 194 14 137 118 69 23 115 43 101 155 56 185 47 132 61 81 77 120 108 61 116 120 264 118 100 30 156 142 30 95 198 190 175 178 125 15 100 225 256 170 54 225 163 149 3 247 136 138 81 161 176 26 164 102 90 164 126 73 127 56 205 190 142 85 74 182 152 163 188 78 174 217 80 119 92 31 181 133 192 45 200 205 28 190 218 212 72 173 200 135 152 80 83 133 72 33 69 93 73 14 96 150 207 220 21 225 180 17 36 154 34 7 91 180 128 96 69 261 160 212 52 111 83 92 185 187 124 97 113 181 95 114 171 27 178 91 143 148 153 100 6 45 3 105 177 136 48 52 148 57 192 91 159 38 190 202 33 197 135 93 126 107 213 151 72 185 103 121 140 75 210 74 89 78 55 4 29 195 19 47 35 21 35 28 196 172 101 82 96 199 192 90 234 26 37 196 244 137 139 177 67 47 256 109 98 43 107 23 109 122 13 91 181 90 47 61 59 179 174 77 96 88 79 55 254 160 192 56 194 136 212 231 82 10 53 139 61 28 52 116 155 175 14 41 87 182 244 44 108 84 208 231 72 208 91 131 113 99 5 145 186 244 64 202 66 122 142 102 170 3 90 57 16 89 70 16 52 61 150 138 197 23 55 148 76 131 123 67 140 194 168 164 199 256 35 5 44 90 181 66 218 114 121 98 79 0 73 199 31 68 86 44 169 160 72 185 138 206 56 159 149 129 153 208 62 156 116 60 174 179 86 175 204 84 50 198 47 105 203 104 161 266 174 52 208 26 14 227 113 174 112 162 99 141 80 10 156 32 188 34 209 35 174 32 115 79 68 184 10 35 99 229 100 95 165 94 91 198 81 227 71 64 83 98 127 58 109 56 
177 218 232 175 184 88 71 72 64 147 73 83 130 255 152 159 132 230 110 160 172 156 190 263 200 187 181 178 173 153 298 270 254 327 280 82 316 159 297 215 94 238 264 174 102 89 273 222 221 127 251 245 146 89 127 245 249 210 136 121 245 241 123 141 151 74 112 272 199 95 272 266 223 290 271 242 257 70 106 154 178 272 227 128 316 231 124 251 282 143 231 241 197 160 78 275 265 165 251 124 105 283 245 192 136 296 185 127 76 154 241 124 259 85 192 173 140 94 180 114 156 220 121 250 102 197 132 146 132 185 163 126 181 185 329 173 165 101 221 207 101 160 263 255 240 243 190 86 165 290 321 235 109 290 228 214 74 312 201 193 136 226 241 97 229 157 155 229 181 128 192 111 270 255 207 140 145 247 217 218 253 143 239 282 135 184 157 102 246 198 257 116 265 270 93 255 283 277 127 228 265 200 217 151 154 198 127 88 124 158 128 85 151 205 272 285 76 290 245 88 107 219 89 78 162 245 193 161 134 326 225 277 107 176 138 163 250 252 179 152 178 236 150 169 236 82 243 146 208 213 218 155 77 116 74 160 232 191 119 123 213 112 257 162 224 109 255 267 98 262 200 148 191 172 278 216 137 250 168 186 205 140 275 145 154 149 110 75 84 260 74 118 106 76 100 83 261 237 156 137 167 264 257 155 299 91 108 261 309 202 204 242 132 102 321 164 153 114 162 78 174 187 68 162 246 155 102 132 130 244 239 132 167 143 144 126 319 225 257 111 259 201 277 296 153 81 108 204 116 93 107 181 220 230 69 96 142 247 309 99 163 155 273 296 127 273 162 196 178 170 76 210 251 309 119 267 121 177 207 157 235 74 145 128 87 154 135 87 107 116 215 203 262 94 126 213 131 196 188 132 195 259 233 219 264 321 106 76 99 145 246 137 283 179 186 169 144 73 0 264 86 133 151 99 234 215 137 250 193 271 127 224 204 194 208 273 127 221 171 115 239 244 157 240 269 149 105 263 118 160 268 159 226 331 239 107 273 91 85 292 178 239 167 227 154 206 145 65 211 97 243 105 274 106 229 103 180 134 123 249 81 90 154 294 171 150 220 149 162 263 146 292 136 135 148 153 192 123 164 127 
87 128 146 89 94 176 205 198 200 247 197 193 218 165 276 269 220 144 246 294 282 280 100 173 110 287 281 288 273 277 212 180 164 241 190 216 226 269 207 303 182 148 174 274 238 215 187 322 131 215 161 155 234 223 237 155 163 120 246 255 345 151 211 229 261 200 248 182 299 183 186 176 133 200 181 156 167 206 216 242 278 182 137 262 226 141 248 165 196 231 141 155 297 260 214 189 179 291 161 212 229 193 155 292 246 206 285 263 210 288 155 234 169 209 292 283 266 220 268 240 292 130 209 164 212 285 258 234 266 99 263 214 95 273 243 283 253 227 309 117 225 248 173 169 150 157 104 210 253 204 235 145 245 200 138 302 200 222 111 293 246 314 155 223 143 267 243 139 291 238 102 221 184 169 117 250 271 161 127 318 167 231 153 196 269 272 245 226 156 112 171 242 179 184 181 169 197 191 263 328 179 110 305 275 280 112 263 222 260 246 262 209 251 305 182 195 210 200 159 212 233 129 223 204 288 159 103 249 222 240 135 191 241 264 274 287 160 162 279 262 88 336 260 279 146 218 157 280 122 127 128 291 201 242 198 260 332 291 245 249 123 246 171 288 134 235 165 177 186 172 110 258 279 260 192 126 225 160 256 96 293 228 189 271 242 275 220 201 194 170 208 242 230 212 188 219 175 147 266 247 293 174 171 243 209 179 232 175 223 112 114 152 220 236 235 274 253 240 272 212 262 275 204 288 156 243 212 258 254 154 149 266 291 277 232 252 233 313 171 221 169 111 187 206 279 205 242 114 226 181 243 91 130 330 205 232 276 161 219 233 273 281 183 206 263 183 286 106 266 296 202 298 161 219 255 181 255 277 295 293 149 200 255 252 213 242 223 213 243 250 303 113 172 218 250 123 241 284 276 220 295 169 143 319 178 235 230 200 233 255 160 261 197 267 274 295 232 199 264 0 222 221 239 235 144 315 225 164 293 185 251 134 304 104 308 183 215 131 281 251 149 158 283 150 183 237 239 173 244 270 182 293 136 245 153 217 183 179 209 206 266 149 277 137 264 116 233 201 311 185 343 231 184 232 329 227 94 268 259 159 205 226 254 208 297 284 320 283 288 173 234 202 224 261 236 289 102 211 274 251 
135 176 190 133 142 46 29 30 22 105 31 41 88 213 110 117 90 188 68 118 130 114 148 221 158 145 139 136 131 111 256 228 212 285 238 40 274 117 255 173 52 196 222 132 60 47 231 180 179 85 209 203 104 47 85 203 207 168 94 79 203 199 81 99 109 32 70 230 157 53 230 224 181 248 229 200 215 28 64 112 136 230 185 86 274 189 82 209 240 101 189 199 155 118 36 233 223 123 209 82 63 241 203 150 94 254 143 85 34 112 199 82 217 43 150 131 98 52 138 72 114 178 79 208 60 155 90 104 90 143 121 84 139 143 287 131 123 59 179 165 59 118 221 213 198 201 148 44 123 248 279 193 67 248 186 172 32 270 159 151 94 184 199 55 187 115 113 187 139 86 150 69 228 213 165 98 103 205 175 176 211 101 197 240 93 142 115 60 204 156 215 74 223 228 51 213 241 235 85 186 223 158 175 109 112 156 85 46 82 116 86 43 109 163 230 243 34 248 203 46 65 177 47 36 120 203 151 119 92 284 183 235 65 134 96 121 208 210 137 110 136 194 108 127 194 40 201 104 166 171 176 113 35 74 32 118 190 149 77 81 171 70 215 120 182 67 213 225 56 220 158 106 149 130 236 174 95 208 126 144 163 98 233 103 112 107 68 33 42 218 32 76 64 34 58 41 219 195 114 95 125 222 215 113 257 49 66 219 267 160 162 200 90 60 279 122 111 72 120 36 132 145 26 120 204 113 60 90 88 202 197 90 125 101 102 84 277 183 215 69 217 159 235 254 111 39 66 162 74 51 65 139 178 188 27 54 100 205 267 57 121 113 231 254 85 231 120 154 136 128 34 168 209 267 77 225 79 135 165 115 193 32 103 86 45 112 93 45 65 74 173 161 220 52 84 171 89 154 146 90 153 217 191 177 222 279 64 34 57 103 204 95 241 137 144 127 102 31 86 222 0 91 109 57 192 173 95 208 151 229 85 182 162 152 166 231 85 179 129 73 197 202 115 198 227 107 63 221 76 118 226 117 184 289 197 65 231 49 43 250 136 197 125 185 112 164 103 23 169 55 201 63 232 64 187 61 138 92 81 207 39 48 112 252 129 108 178 107 120 221 104 250 94 93 106 111 150 81 122 85 
134 175 189 132 141 45 74 67 69 116 66 62 87 212 145 138 89 187 115 163 151 149 147 220 157 156 150 157 142 146 255 227 211 284 237 85 273 138 254 172 51 195 221 143 107 84 230 191 178 84 208 202 103 92 106 202 206 167 115 124 214 198 80 98 130 69 117 229 168 52 229 223 180 247 228 199 214 75 85 111 147 229 184 131 273 188 117 208 239 100 188 198 166 129 83 232 222 160 208 81 98 240 202 161 115 253 154 132 79 157 198 103 216 78 161 152 135 89 137 109 161 177 78 207 81 154 127 103 135 142 132 83 138 142 286 152 122 96 178 164 94 117 220 212 197 200 147 79 122 247 278 192 114 247 185 171 69 269 158 162 115 183 198 92 186 136 112 186 160 107 149 90 227 212 164 119 140 204 174 187 210 100 196 239 138 141 114 95 203 155 214 111 222 227 50 212 240 234 132 197 222 157 174 144 149 155 132 91 129 115 131 78 120 174 229 242 79 247 202 81 102 176 92 73 157 202 150 118 91 283 182 234 110 133 143 156 207 209 148 131 135 205 129 148 193 87 200 149 165 170 175 160 70 111 67 129 201 160 114 118 170 115 214 157 181 104 212 224 55 219 157 127 148 129 235 173 94 207 125 143 162 97 232 140 111 144 89 70 63 217 77 111 99 81 57 88 218 194 135 116 162 221 214 112 256 48 101 218 266 159 161 199 89 105 278 143 122 109 141 81 131 144 73 157 203 112 81 127 123 201 196 135 160 146 101 121 276 182 214 90 216 158 234 253 148 74 111 161 95 50 112 138 177 199 74 101 145 204 266 102 142 150 230 253 132 230 155 153 135 165 71 167 208 266 124 224 124 146 164 162 192 69 124 121 82 111 92 82 112 119 172 160 219 87 119 170 110 153 145 89 164 216 190 188 221 278 99 69 102 124 203 130 240 136 143 164 101 68 133 221 91 0 108 104 191 184 94 207 162 228 120 181 173 151 177 230 84 178 150 120 196 201 152 197 226 106 108 220 113 139 225 162 183 288 196 86 230 48 78 249 135 196 146 184 133 163 102 70 180 54 212 100 231 101 198 96 137 137 128 206 74 95 123 251 166 153 189 152 157 220 103 249 93 130 105 158 149 80 143 120 
152 193 207 150 159 63 92 85 87 134 84 80 105 230 163 156 107 205 133 181 169 167 165 238 175 174 168 175 160 164 273 245 229 302 255 103 291 156 272 190 69 213 239 161 125 102 248 209 196 102 226 220 121 110 124 220 224 185 133 142 232 216 98 116 148 87 135 247 186 70 247 241 198 265 246 217 232 93 103 129 165 247 202 149 291 206 135 226 257 118 206 216 184 147 101 250 240 178 226 99 116 258 220 179 133 271 172 150 97 175 216 121 234 96 179 170 153 107 155 127 179 195 96 225 99 172 145 121 153 160 150 101 156 160 304 170 140 114 196 182 112 135 238 230 215 218 165 97 140 265 296 210 132 265 203 189 87 287 176 180 133 201 216 110 204 154 130 204 178 125 167 108 245 230 182 137 158 222 192 205 228 118 214 257 156 159 132 113 221 173 232 129 240 245 68 230 258 252 150 215 240 175 192 162 167 173 150 109 147 133 149 96 138 192 247 260 97 265 220 99 120 194 110 91 175 220 168 136 109 301 200 252 128 151 161 174 225 227 166 149 153 223 147 166 211 105 218 167 183 188 193 178 88 129 85 147 219 178 132 136 188 133 232 175 199 122 230 242 73 237 175 145 166 147 253 191 112 225 143 161 180 115 250 158 129 162 107 88 81 235 95 129 117 99 75 106 236 212 153 134 180 239 232 130 274 66 119 236 284 177 179 217 107 123 296 161 140 127 159 99 149 162 91 175 221 130 99 145 141 219 214 153 178 164 119 139 294 200 232 108 234 176 252 271 166 92 129 179 113 68 130 156 195 217 92 119 163 222 284 120 160 168 248 271 150 248 173 171 153 183 89 185 226 284 142 242 142 164 182 180 210 87 142 139 100 129 110 100 130 137 190 178 237 105 137 188 128 171 163 107 182 234 208 206 239 296 117 87 120 142 221 148 258 154 161 182 119 86 151 239 109 108 0 122 209 202 112 225 180 246 138 199 191 169 195 248 102 196 168 138 214 219 170 215 244 124 126 238 131 157 243 180 201 306 214 104 248 66 96 267 153 214 164 202 151 181 120 88 198 72 230 118 249 119 216 114 155 155 146 224 92 113 141 269 184 171 207 170 175 238 121 267 111 148 123 176 167 98 161 138 
148 189 203 146 155 59 42 43 35 118 44 54 101 226 123 130 103 201 81 131 143 127 161 234 171 158 152 149 144 124 269 241 225 298 251 53 287 130 268 186 65 209 235 145 73 60 244 193 192 98 222 216 117 60 98 216 220 181 107 92 216 212 94 112 122 45 83 243 170 66 243 237 194 261 242 213 228 41 77 125 149 243 198 99 287 202 95 222 253 114 202 212 168 131 49 246 236 136 222 95 76 254 216 163 107 267 156 98 47 125 212 95 230 56 163 144 111 65 151 85 127 191 92 221 73 168 103 117 103 156 134 97 152 156 300 144 136 72 192 178 72 131 234 226 211 214 161 57 136 261 292 206 80 261 199 185 45 283 172 164 107 197 212 68 200 128 126 200 152 99 163 82 241 226 178 111 116 218 188 189 224 114 210 253 106 155 128 73 217 169 228 87 236 241 64 226 254 248 98 199 236 171 188 122 125 169 98 59 95 129 99 56 122 176 243 256 47 261 216 59 78 190 60 49 133 216 164 132 105 297 196 248 78 147 109 134 221 223 150 123 149 207 121 140 207 53 214 117 179 184 189 126 48 87 45 131 203 162 90 94 184 83 228 133 195 80 226 238 69 233 171 119 162 143 249 187 108 221 139 157 176 111 246 116 125 120 81 46 55 231 45 89 77 47 71 54 232 208 127 108 138 235 228 126 270 62 79 232 280 173 175 213 103 73 292 135 124 85 133 49 145 158 39 133 217 126 73 103 101 215 210 103 138 114 115 97 290 196 228 82 230 172 248 267 124 52 79 175 87 64 78 152 191 201 40 67 113 218 280 70 134 126 244 267 98 244 133 167 149 141 47 181 222 280 90 238 92 148 178 128 206 45 116 99 58 125 106 58 78 87 186 174 233 65 97 184 102 167 159 103 166 230 204 190 235 292 77 47 70 116 217 108 254 150 157 140 115 44 99 235 57 104 122 0 205 186 108 221 164 242 98 195 175 165 179 244 98 192 142 86 210 215 128 211 240 120 76 234 89 131 239 130 197 302 210 78 244 62 56 263 149 210 138 198 125 177 116 36 182 68 214 76 245 77 200 74 151 105 94 220 52 61 125 265 142 121 191 120 133 234 117 263 107 106 119 124 163 94 135 98 
57 16 64 59 50 146 175 168 170 217 167 163 188 135 246 239 190 114 216 264 252 250 70 61 66 257 251 258 243 247 130 150 120 159 78 186 114 239 95 273 152 36 62 244 208 185 157 292 87 185 117 125 204 193 207 111 133 90 216 225 315 121 181 199 231 170 218 152 269 153 156 64 103 88 137 74 123 176 186 212 248 138 107 232 114 29 218 135 114 201 97 125 267 230 184 107 97 261 131 182 199 149 43 262 216 94 255 233 180 258 125 204 139 179 262 253 236 190 238 210 262 18 179 82 182 255 228 204 236 69 233 184 65 243 161 253 223 197 279 73 195 218 129 139 38 127 74 180 223 122 153 33 215 88 94 272 170 110 81 263 216 284 125 193 113 237 213 27 261 208 58 191 154 139 87 220 241 131 83 288 85 201 123 114 239 242 215 196 126 82 89 212 149 102 151 87 115 109 233 298 97 80 275 245 250 82 233 192 230 216 232 179 221 275 138 83 180 88 129 182 203 85 193 174 258 77 59 219 192 158 23 109 211 234 244 257 130 50 249 232 58 306 230 249 102 188 75 250 92 97 84 261 171 212 168 230 302 261 215 219 79 216 141 258 104 205 53 133 156 142 66 228 249 230 110 96 195 130 226 66 263 198 107 241 212 245 190 171 164 58 178 212 200 182 158 189 145 35 236 217 263 144 141 213 97 149 202 93 141 82 84 122 190 206 153 244 223 210 242 182 232 245 174 258 44 213 182 228 224 42 119 236 261 247 202 222 151 283 141 191 57 81 75 94 249 175 212 84 196 151 213 61 18 300 175 202 246 79 107 203 243 251 139 94 233 71 256 62 236 266 172 268 117 107 225 151 225 247 265 263 119 170 225 222 183 212 193 183 213 220 273 83 128 188 220 93 211 254 246 190 265 57 31 289 96 153 200 170 203 225 78 231 115 237 244 265 202 169 234 144 192 191 209 205 0 285 195 134 263 103 221 22 274 74 278 139 185 101 251 221 119 128 253 106 101 207 209 143 214 240 100 263 92 163 71 187 153 149 179 124 236 119 247 107 234 86 203 171 281 155 313 201 140 202 299 197 64 238 229 115 175 196 224 126 267 254 290 253 258 129 204 90 194 231 206 259 58 181 244 221 
228 269 283 226 235 139 144 159 151 68 160 156 181 306 239 232 183 281 197 233 245 243 241 314 251 108 102 251 94 240 349 321 305 378 331 155 367 232 348 266 145 289 315 95 189 176 324 143 272 178 302 296 197 162 200 296 300 261 209 194 166 292 174 192 224 161 199 323 120 146 323 317 274 341 322 293 308 157 179 205 99 323 278 201 367 282 211 302 333 194 282 292 118 81 165 326 316 252 302 175 192 334 296 113 209 347 106 214 149 227 292 197 310 172 113 246 227 181 231 201 243 271 172 301 175 248 219 197 205 236 84 177 232 236 380 246 216 188 272 258 188 211 314 306 291 294 241 173 216 341 372 286 196 341 279 265 161 363 252 114 209 277 292 184 280 230 206 280 254 201 243 184 321 306 258 213 232 298 268 139 304 194 290 333 208 235 208 189 297 249 308 203 316 321 144 306 334 328 214 149 316 251 268 238 241 249 214 161 211 209 201 172 72 126 323 336 149 341 296 175 194 270 162 165 249 296 244 212 185 377 276 328 180 227 225 250 301 303 100 225 229 157 223 242 287 169 294 219 259 264 269 242 164 203 161 81 153 112 206 210 264 185 308 249 275 196 306 318 149 313 251 221 242 223 329 267 188 301 219 237 256 191 326 232 205 236 183 162 157 311 147 205 193 163 151 170 312 288 229 210 254 315 308 206 350 142 195 312 360 253 255 293 183 175 372 237 74 201 235 151 225 238 155 249 297 206 175 219 217 295 290 205 254 216 195 213 370 276 308 184 310 252 328 347 240 168 181 255 189 144 194 232 271 151 156 183 215 298 360 172 236 242 324 347 214 324 249 247 229 257 163 261 302 360 206 318 194 98 258 244 286 161 218 215 174 205 186 174 194 189 266 254 313 181 213 264 204 247 239 183 116 310 284 140 315 372 193 163 172 218 297 224 334 230 237 256 195 160 215 315 173 184 202 186 285 0 188 301 114 322 214 275 125 245 129 324 178 272 244 202 290 295 244 291 320 200 178 314 205 233 319 232 277 382 290 180 324 142 172 343 229 290 240 278 227 257 196 152 132 148 164 192 325 193 150 190 231 207 210 300 168 177 75 345 258 223 141 222 249 314 197 343 187 222 199 240 243 174 237 214 
138 179 193 136 145 49 78 71 73 120 70 66 91 216 149 142 93 191 119 167 155 153 151 224 161 160 154 161 146 150 259 231 215 288 241 89 277 142 258 176 55 199 225 147 111 88 234 195 182 88 212 206 107 96 110 206 210 171 119 128 218 202 84 102 134 73 121 233 172 56 233 227 184 251 232 203 218 79 89 115 151 233 188 135 277 192 121 212 243 104 192 202 170 133 87 236 226 164 212 85 102 244 206 165 119 257 158 136 83 161 202 107 220 82 165 156 139 93 141 113 165 181 82 211 85 158 131 107 139 146 136 87 142 146 290 156 126 100 182 168 98 121 224 216 201 204 151 83 126 251 282 196 118 251 189 175 73 273 162 166 119 187 202 96 190 140 116 190 164 111 153 94 231 216 168 123 144 208 178 191 214 104 200 243 142 145 118 99 207 159 218 115 226 231 54 216 244 238 136 201 226 161 178 148 153 159 136 95 133 119 135 82 124 178 233 246 83 251 206 85 106 180 96 77 161 206 154 122 95 287 186 238 114 137 147 160 211 213 152 135 139 209 133 152 197 91 204 153 169 174 179 164 74 115 71 133 205 164 118 122 174 119 218 161 185 108 216 228 59 223 161 131 152 133 239 177 98 211 129 147 166 101 236 144 115 148 93 74 67 221 81 115 103 85 61 92 222 198 139 120 166 225 218 116 260 52 105 222 270 163 165 203 93 109 282 147 126 113 145 85 135 148 77 161 207 116 85 131 127 205 200 139 164 150 105 125 280 186 218 94 220 162 238 257 152 78 115 165 99 54 116 142 181 203 78 105 149 208 270 106 146 154 234 257 136 234 159 157 139 169 75 171 212 270 128 228 128 150 168 166 196 73 128 125 86 115 96 86 116 123 176 164 223 91 123 174 114 157 149 93 168 220 194 192 225 282 103 73 106 128 207 134 244 140 147 168 105 72 137 225 95 94 112 108 195 188 0 211 166 232 124 185 177 155 181 234 88 182 154 124 200 205 156 201 230 110 112 224 117 143 229 166 187 292 200 90 234 52 82 253 139 200 150 188 137 167 106 74 184 58 216 104 235 105 202 100 141 141 132 210 78 99 127 255 170 157 193 156 161 224 107 253 97 134 109 162 153 84 147 124 
77 118 132 75 84 162 191 184 186 233 183 179 204 155 262 255 206 130 232 280 268 266 90 163 100 273 267 274 259 263 198 170 154 227 180 202 216 255 197 289 168 138 164 260 224 201 173 308 121 201 151 145 220 209 223 145 149 110 232 241 331 141 197 215 247 186 234 172 285 169 172 166 123 190 171 142 157 192 202 228 264 172 127 248 216 131 234 151 182 217 131 141 283 246 200 175 165 277 151 198 215 183 145 278 232 196 271 249 196 274 141 220 159 195 278 269 252 206 254 226 278 120 195 150 198 271 244 220 252 85 249 200 81 259 229 269 239 213 295 107 211 234 163 155 140 143 90 196 239 190 221 135 231 190 128 288 186 212 101 279 232 300 141 209 129 253 229 129 277 224 92 207 170 155 107 236 257 147 117 304 153 217 139 182 255 258 231 212 146 98 157 228 165 170 167 155 183 177 249 314 165 100 291 261 266 98 249 208 246 232 248 195 237 291 172 185 196 190 145 198 219 119 209 190 274 145 93 235 208 226 125 177 227 250 260 273 150 152 265 248 78 322 246 265 136 204 143 266 108 113 118 277 187 228 184 246 318 277 231 235 113 232 157 274 124 221 155 167 172 162 100 244 265 246 178 116 211 150 242 86 279 214 175 257 228 261 206 187 180 160 194 228 216 198 174 205 161 137 252 233 279 164 157 229 199 165 218 161 209 102 104 142 206 222 221 260 239 226 258 198 248 261 190 274 146 229 198 244 240 144 139 252 277 263 218 238 219 299 157 207 159 101 177 196 265 191 228 104 212 167 229 81 120 316 191 218 262 147 209 219 259 267 173 196 249 173 272 96 252 282 188 284 151 209 241 167 241 263 281 279 135 186 241 238 199 228 209 199 229 236 289 103 162 204 236 113 227 270 262 206 281 159 133 305 164 221 216 186 219 241 146 247 183 253 260 281 218 185 250 164 208 207 225 221 134 301 211 0 279 171 237 124 290 94 294 173 201 121 267 237 139 144 269 140 169 223 225 163 230 256 168 279 126 231 139 203 173 165 195 192 252 139 263 127 250 106 219 187 297 171 329 217 174 218 315 213 80 254 245 149 191 212 240 194 283 270 306 269 274 163 220 192 210 247 222 275 92 197 260 237 
206 247 261 204 213 117 122 137 129 46 138 134 159 284 217 210 161 259 175 211 223 221 219 292 229 86 80 229 72 218 327 299 283 356 309 133 345 210 326 244 123 267 293 73 167 154 302 121 250 156 280 274 175 140 178 274 278 239 187 172 144 270 152 170 202 139 177 301 98 124 301 295 252 319 300 271 286 135 157 183 77 301 256 179 345 260 189 280 311 172 260 270 96 59 143 304 294 230 280 153 170 312 274 91 187 325 84 192 127 205 270 175 288 150 91 224 205 159 209 179 221 249 150 279 153 226 197 175 183 214 62 155 210 214 358 224 194 166 250 236 166 189 292 284 269 272 219 151 194 319 350 264 174 319 257 243 139 341 230 92 187 255 270 162 258 208 184 258 232 179 221 162 299 284 236 191 210 276 246 117 282 172 268 311 186 213 186 167 275 227 286 181 294 299 122 284 312 306 192 127 294 229 246 216 219 227 192 139 189 187 179 150 50 104 301 314 127 319 274 153 172 248 140 143 227 274 222 190 163 355 254 306 158 205 203 228 279 281 78 203 207 135 201 220 265 147 272 197 237 242 247 220 142 181 139 59 131 90 184 188 242 163 286 227 253 174 284 296 127 291 229 199 220 201 307 245 166 279 197 215 234 169 304 210 183 214 161 140 135 289 125 183 171 141 129 148 290 266 207 188 232 293 286 184 328 120 173 290 338 231 233 271 161 153 350 215 52 179 213 129 203 216 133 227 275 184 153 197 195 273 268 183 232 194 173 191 348 254 286 162 288 230 306 325 218 146 159 233 167 122 172 210 249 129 134 161 193 276 338 150 214 220 302 325 192 302 227 225 207 235 141 239 280 338 184 296 172 76 236 222 264 139 196 193 152 183 164 152 172 167 244 232 291 159 191 242 182 225 217 161 94 288 262 118 293 350 171 141 150 196 275 202 312 208 215 234 173 138 193 293 151 162 180 164 263 114 166 279 0 300 192 253 103 223 107 302 156 250 222 180 268 273 222 269 298 178 156 292 183 211 297 210 255 360 268 158 302 120 150 321 207 268 218 256 205 235 174 130 110 126 142 170 303 171 128 168 209 185 188 278 146 155 53 323 236 201 119 200 227 292 175 321 165 200 177 218 221 152 215 192 
98 87 39 96 101 183 212 205 207 254 204 200 225 176 283 276 227 151 253 301 289 287 111 132 117 294 288 295 280 284 105 191 171 134 149 223 185 276 166 310 189 107 133 281 245 222 194 329 138 222 168 166 241 230 244 162 170 131 253 262 352 162 218 236 268 207 255 193 306 190 193 135 144 159 188 49 174 213 223 249 285 189 148 269 185 100 255 172 89 238 148 162 304 267 221 82 72 298 172 219 236 200 114 299 253 165 292 270 217 295 162 241 180 216 299 290 273 227 275 247 299 89 216 57 219 292 265 241 273 106 270 221 102 280 136 290 260 234 316 124 232 255 180 176 109 164 111 217 260 97 128 104 252 159 145 309 207 181 122 300 253 321 162 230 150 274 250 98 298 245 109 228 191 176 128 257 278 168 134 325 60 238 160 89 276 279 252 233 167 119 64 249 186 77 188 62 90 84 270 335 72 121 312 282 287 119 270 229 267 253 269 216 258 312 189 154 217 159 166 219 240 136 230 211 295 52 110 256 229 133 94 84 248 271 281 294 171 121 286 269 99 343 267 286 153 225 50 287 129 134 135 298 208 249 205 267 339 298 252 256 130 253 178 295 145 242 124 184 193 183 117 265 286 267 85 137 232 171 263 107 300 235 82 278 249 282 227 208 201 129 215 249 237 219 195 226 182 106 273 254 300 185 178 250 168 186 239 68 116 123 125 163 227 243 128 281 260 247 279 219 269 282 211 295 115 250 219 265 261 113 160 273 298 284 239 259 126 320 178 228 128 122 146 165 286 212 249 125 233 188 250 102 89 337 212 239 283 54 178 240 280 288 190 165 270 142 293 113 273 303 209 305 168 178 262 188 262 284 302 300 156 207 262 259 220 249 230 220 250 257 310 124 179 225 257 134 248 291 283 227 302 128 102 326 71 128 237 207 240 262 53 268 90 274 281 302 239 206 271 185 229 228 246 242 103 322 232 171 300 0 258 93 311 115 315 190 222 142 288 258 160 165 290 157 76 244 246 184 251 277 75 300 143 138 46 224 194 186 216 99 273 160 284 148 271 127 240 208 318 192 350 238 191 239 336 234 101 275 266 166 212 233 261 101 304 291 327 290 295 180 241 161 231 268 243 296 109 218 281 258 
164 205 219 162 171 75 70 55 63 146 54 82 117 242 133 158 119 217 109 159 171 137 177 250 187 186 180 177 172 134 285 257 241 314 267 81 303 158 284 202 81 225 251 173 101 72 260 221 208 114 238 232 133 88 126 232 236 197 135 120 244 228 110 128 150 57 111 259 198 82 259 253 210 277 258 229 244 69 105 141 177 259 214 127 303 218 105 238 269 130 218 228 196 159 77 262 252 148 238 111 86 270 232 191 135 283 184 126 75 153 228 123 246 66 191 172 123 77 167 97 155 207 108 237 101 184 115 133 131 172 162 113 168 172 316 172 152 84 208 194 82 147 250 242 227 230 177 67 152 277 308 222 108 277 215 201 57 299 188 192 135 213 228 80 216 156 142 216 180 127 179 110 257 242 194 139 128 234 204 217 240 130 226 269 134 171 144 83 233 185 244 99 252 257 80 242 270 264 126 227 252 187 204 132 137 185 126 87 123 145 127 66 150 204 259 272 75 277 232 69 90 206 88 61 145 232 180 148 121 313 212 264 106 163 137 144 237 239 178 151 165 235 149 168 223 81 230 145 195 200 205 154 58 99 55 159 231 190 102 106 200 111 244 145 211 92 242 254 85 249 187 147 178 159 265 203 124 237 155 173 192 127 262 128 141 132 109 58 83 247 73 99 87 75 87 82 248 224 155 136 150 251 244 142 286 78 89 248 296 189 191 229 119 101 308 163 152 97 161 77 161 174 67 145 233 142 101 115 111 231 226 131 148 142 131 109 306 212 244 110 246 188 264 283 136 62 107 191 115 80 106 168 207 229 68 95 141 234 296 98 162 138 260 283 126 260 143 183 165 153 59 197 238 296 118 254 120 176 194 156 222 57 144 109 70 141 122 70 106 115 202 190 249 75 107 200 130 183 175 119 194 246 220 218 251 308 87 57 98 144 233 118 270 166 173 152 131 56 127 251 85 120 138 98 221 214 124 237 192 258 0 211 203 181 207 260 114 208 170 114 226 231 140 227 256 136 104 250 101 159 255 158 213 318 226 106 260 78 66 279 165 226 166 214 153 193 132 64 210 84 242 88 261 89 228 84 167 133 122 236 62 89 153 281 154 149 219 148 145 250 133 279 123 118 135 152 179 110 163 108 
47 6 54 49 40 136 165 158 160 207 157 153 178 125 236 229 180 104 206 254 242 240 60 51 56 247 241 248 233 237 120 140 110 149 68 176 104 229 85 263 142 26 52 234 198 175 147 282 77 175 107 115 194 183 197 101 123 80 206 215 305 111 171 189 221 160 208 142 259 143 146 54 93 78 127 64 113 166 176 202 238 128 97 222 104 19 208 125 104 191 87 115 257 220 174 97 87 251 121 172 189 139 33 252 206 84 245 223 170 248 115 194 129 169 252 243 226 180 228 200 252 8 169 72 172 245 218 194 226 59 223 174 55 233 151 243 213 187 269 63 185 208 119 129 28 117 64 170 213 112 143 23 205 78 84 262 160 100 71 253 206 274 115 183 103 227 203 17 251 198 48 181 144 129 77 210 231 121 73 278 75 191 113 104 229 232 205 186 116 72 79 202 139 92 141 77 105 99 223 288 87 70 265 235 240 72 223 182 220 206 222 169 211 265 128 73 170 78 119 172 193 75 183 164 248 67 49 209 182 148 13 99 201 224 234 247 120 40 239 222 48 296 220 239 92 178 65 240 82 87 74 251 161 202 158 220 292 251 205 209 69 206 131 248 94 195 43 123 146 132 56 218 239 220 100 86 185 120 216 56 253 188 97 231 202 235 180 161 154 48 168 202 190 172 148 179 135 25 226 207 253 134 131 203 87 139 192 83 131 72 74 112 180 196 143 234 213 200 232 172 222 235 164 248 34 203 172 218 214 32 109 226 251 237 192 212 141 273 131 181 47 71 65 84 239 165 202 74 186 141 203 51 8 290 165 192 236 69 97 193 233 241 129 84 223 61 246 52 226 256 162 258 107 97 215 141 215 237 255 253 109 160 215 212 173 202 183 173 203 210 263 73 118 178 210 83 201 244 236 180 255 47 21 279 86 143 190 160 193 215 68 221 105 227 234 255 192 159 224 134 182 181 199 195 22 275 185 124 253 93 211 0 264 64 268 129 175 91 241 211 109 118 243 96 91 197 199 133 204 230 90 253 82 153 61 177 143 139 169 114 226 109 237 97 224 76 193 161 271 145 303 191 130 192 289 187 54 228 219 105 165 186 214 116 257 244 280 243 248 119 194 80 184 221 196 249 48 171 234 211 
217 258 272 215 224 128 133 148 140 57 149 145 170 295 228 221 172 270 186 222 234 232 230 303 240 97 91 240 83 229 338 310 294 367 320 144 356 221 337 255 134 278 304 84 178 165 313 132 261 167 291 285 186 151 189 285 289 250 198 183 155 281 163 181 213 150 188 312 109 135 312 306 263 330 311 282 297 146 168 194 88 312 267 190 356 271 200 291 322 183 271 281 107 70 154 315 305 241 291 164 181 323 285 102 198 336 95 203 138 216 281 186 299 161 102 235 216 170 220 190 232 260 161 290 164 237 208 186 194 225 73 166 221 225 369 235 205 177 261 247 177 200 303 295 280 283 230 162 205 330 361 275 185 330 268 254 150 352 241 103 198 266 281 173 269 219 195 269 243 190 232 173 310 295 247 202 221 287 257 128 293 183 279 322 197 224 197 178 286 238 297 192 305 310 133 295 323 317 203 138 305 240 257 227 230 238 203 150 200 198 190 161 61 115 312 325 138 330 285 164 183 259 151 154 238 285 233 201 174 366 265 317 169 216 214 239 290 292 89 214 218 146 212 231 276 158 283 208 248 253 258 231 153 192 150 70 142 101 195 199 253 174 297 238 264 185 295 307 138 302 240 210 231 212 318 256 177 290 208 226 245 180 315 221 194 225 172 151 146 300 136 194 182 152 140 159 301 277 218 199 243 304 297 195 339 131 184 301 349 242 244 282 172 164 361 226 63 190 224 140 214 227 144 238 286 195 164 208 206 284 279 194 243 205 184 202 359 265 297 173 299 241 317 336 229 157 170 244 178 133 183 221 260 140 145 172 204 287 349 161 225 231 313 336 203 313 238 236 218 246 152 250 291 349 195 307 183 87 247 233 275 150 207 204 163 194 175 163 183 178 255 243 302 170 202 253 193 236 228 172 105 299 273 129 304 361 182 152 161 207 286 213 323 219 226 245 184 149 204 304 162 173 191 175 274 125 177 290 103 311 203 264 0 234 118 313 167 261 233 191 279 284 233 280 309 189 167 303 194 222 308 221 266 371 279 169 313 131 161 332 218 279 229 267 216 246 185 141 121 137 153 181 314 182 139 179 220 196 199 289 157 166 64 334 247 212 130 211 238 303 186 332 176 211 188 229 232 163 226 203 
17 58 76 19 24 106 135 128 130 177 127 123 148 95 206 199 150 74 176 224 212 210 30 103 40 217 211 218 203 207 142 110 94 171 120 146 156 199 137 233 112 78 104 204 168 145 117 252 61 145 91 85 164 153 167 85 93 50 176 185 275 81 141 159 191 130 178 112 229 113 116 106 63 130 111 86 97 136 146 172 208 112 67 192 156 71 178 95 126 161 71 85 227 190 144 119 109 221 91 142 159 123 85 222 176 136 215 193 140 218 85 164 99 139 222 213 196 150 198 170 222 60 139 94 142 215 188 164 196 29 193 144 25 203 173 213 183 157 239 47 155 178 103 99 80 87 34 140 183 134 165 75 175 130 68 232 130 152 41 223 176 244 85 153 73 197 173 69 221 168 32 151 114 99 47 180 201 91 57 248 97 161 83 126 199 202 175 156 86 42 101 172 109 114 111 99 127 121 193 258 109 40 235 205 210 42 193 152 190 176 192 139 181 235 112 125 140 130 89 142 163 59 153 134 218 89 33 179 152 170 65 121 171 194 204 217 90 92 209 192 18 266 190 209 76 148 87 210 52 57 58 221 131 172 128 190 262 221 175 179 53 176 101 218 64 165 95 107 116 102 40 188 209 190 122 56 155 90 186 26 223 158 119 201 172 205 150 131 124 100 138 172 160 142 118 149 105 77 196 177 223 104 101 173 139 109 162 105 153 42 44 82 150 166 165 204 183 170 202 142 192 205 134 218 86 173 142 188 184 84 79 196 221 207 162 182 163 243 101 151 99 41 117 136 209 135 172 44 156 111 173 21 60 260 135 162 206 91 149 163 203 211 113 136 193 113 216 36 196 226 132 228 91 149 185 111 185 207 225 223 79 130 185 182 143 172 153 143 173 180 233 43 102 148 180 53 171 214 206 150 225 99 73 249 108 165 160 130 163 185 90 191 127 197 204 225 162 129 194 104 152 151 169 165 74 245 155 94 223 115 181 64 234 0 238 113 145 61 211 181 79 88 213 80 113 167 169 103 174 200 112 223 66 175 83 147 113 109 139 136 196 79 207 67 194 46 163 131 241 115 273 161 114 162 259 157 24 198 189 89 135 156 184 138 227 214 250 213 218 103 164 132 154 191 166 219 32 141 204 181 
221 262 276 219 228 132 137 152 144 61 153 149 174 299 232 225 176 274 190 226 238 236 234 307 244 101 95 244 87 233 342 314 298 371 324 148 360 225 341 259 138 282 308 88 182 169 317 136 265 171 295 289 190 155 193 289 293 254 202 187 159 285 167 185 217 154 192 316 113 139 316 310 267 334 315 286 301 150 172 198 92 316 271 194 360 275 204 295 326 187 275 285 111 74 158 319 309 245 295 168 185 327 289 106 202 340 99 207 142 220 285 190 303 165 106 239 220 174 224 194 236 264 165 294 168 241 212 190 198 229 77 170 225 229 373 239 209 181 265 251 181 204 307 299 284 287 234 166 209 334 365 279 189 334 272 258 154 356 245 107 202 270 285 177 273 223 199 273 247 194 236 177 314 299 251 206 225 291 261 132 297 187 283 326 201 228 201 182 290 242 301 196 309 314 137 299 327 321 207 142 309 244 261 231 234 242 207 154 204 202 194 165 65 119 316 329 142 334 289 168 187 263 155 158 242 289 237 205 178 370 269 321 173 220 218 243 294 296 93 218 222 150 216 235 280 162 287 212 252 257 262 235 157 196 154 74 146 105 199 203 257 178 301 242 268 189 299 311 142 306 244 214 235 216 322 260 181 294 212 230 249 184 319 225 198 229 176 155 150 304 140 198 186 156 144 163 305 281 222 203 247 308 301 199 343 135 188 305 353 246 248 286 176 168 365 230 67 194 228 144 218 231 148 242 290 199 168 212 210 288 283 198 247 209 188 206 363 269 301 177 303 245 321 340 233 161 174 248 182 137 187 225 264 144 149 176 208 291 353 165 229 235 317 340 207 317 242 240 222 250 156 254 295 353 199 311 187 91 251 237 279 154 211 208 167 198 179 167 187 182 259 247 306 174 206 257 197 240 232 176 109 303 277 133 308 365 186 156 165 211 290 217 327 223 230 249 188 153 208 308 166 177 195 179 278 129 181 294 107 315 207 268 118 238 0 317 171 265 237 195 283 288 237 284 313 193 171 307 198 226 312 225 270 375 283 173 317 135 165 336 222 283 233 271 220 250 189 145 125 141 157 185 318 186 143 183 224 200 203 293 161 170 68 338 251 216 134 215 242 307 190 336 180 215 192 233 236 167 230 207 
96 123 151 98 89 185 214 207 209 256 206 202 227 174 285 278 229 153 255 303 291 289 109 168 105 296 290 297 282 286 217 189 159 246 185 225 221 278 202 312 191 143 169 283 247 224 196 331 126 224 156 164 243 232 246 150 172 129 255 264 354 160 220 238 270 209 257 191 308 192 195 171 142 195 176 161 162 215 225 251 287 177 146 271 221 136 257 174 201 240 136 164 306 269 223 194 184 300 170 221 238 188 150 301 255 201 294 272 219 297 164 243 178 218 301 292 275 229 277 249 301 125 218 169 221 294 267 243 275 108 272 223 104 282 248 292 262 236 318 112 234 257 168 178 145 166 113 219 262 209 240 140 254 195 133 311 209 217 120 302 255 323 164 232 152 276 252 134 300 247 97 230 193 178 126 259 280 170 122 327 172 240 162 201 278 281 254 235 165 121 176 251 188 189 190 174 202 196 272 337 184 119 314 284 289 121 272 231 269 255 271 218 260 314 177 190 219 195 168 221 242 124 232 213 297 164 98 258 231 245 130 196 250 273 283 296 169 157 288 271 97 345 269 288 141 227 162 289 131 136 123 300 210 251 207 269 341 300 254 258 118 255 180 297 143 244 160 172 195 181 105 267 288 269 197 135 234 169 265 105 302 237 194 280 251 284 229 210 203 165 217 251 239 221 197 228 184 142 275 256 302 183 180 252 204 188 241 180 228 121 123 161 229 245 240 283 262 249 281 221 271 284 213 297 151 252 221 267 263 149 158 275 300 286 241 261 238 322 180 230 164 120 182 201 288 214 251 123 235 190 252 100 125 339 214 241 285 166 214 242 282 290 178 201 272 178 295 101 275 305 211 307 156 214 264 190 264 286 304 302 158 209 264 261 222 251 232 222 252 259 312 122 167 227 259 132 250 293 285 229 304 164 138 328 183 240 239 209 242 264 165 270 202 276 283 304 241 208 273 183 231 230 248 244 139 324 234 173 302 190 260 129 313 113 317 0 224 140 290 260 158 167 292 145 188 246 248 182 253 279 187 302 131 250 158 226 192 188 218 211 275 158 286 146 273 125 242 210 320 194 352 240 179 241 338 236 103 277 268 154 214 235 263 213 306 293 329 292 297 168 243 197 233 270 245 298 97 220 283 260 
128 169 183 126 135 39 68 61 63 110 60 56 81 206 139 132 83 181 109 157 145 143 141 214 151 150 144 151 136 140 249 221 205 278 231 79 267 132 248 166 45 189 215 137 101 78 224 185 172 78 202 196 97 86 100 196 200 161 109 118 208 192 74 92 124 63 111 223 162 46 223 217 174 241 222 193 208 69 79 105 141 223 178 125 267 182 111 202 233 94 182 192 160 123 77 226 216 154 202 75 92 234 196 155 109 247 148 126 73 151 192 97 210 72 155 146 129 83 131 103 155 171 72 201 75 148 121 97 129 136 126 77 132 136 280 146 116 90 172 158 88 111 214 206 191 194 141 73 116 241 272 186 108 241 179 165 63 263 152 156 109 177 192 86 180 130 106 180 154 101 143 84 221 206 158 113 134 198 168 181 204 94 190 233 132 135 108 89 197 149 208 105 216 221 44 206 234 228 126 191 216 151 168 138 143 149 126 85 123 109 125 72 114 168 223 236 73 241 196 75 96 170 86 67 151 196 144 112 85 277 176 228 104 127 137 150 201 203 142 125 129 199 123 142 187 81 194 143 159 164 169 154 64 105 61 123 195 154 108 112 164 109 208 151 175 98 206 218 49 213 151 121 142 123 229 167 88 201 119 137 156 91 226 134 105 138 83 64 57 211 71 105 93 75 51 82 212 188 129 110 156 215 208 106 250 42 95 212 260 153 155 193 83 99 272 137 116 103 135 75 125 138 67 151 197 106 75 121 117 195 190 129 154 140 95 115 270 176 208 84 210 152 228 247 142 68 105 155 89 44 106 132 171 193 68 95 139 198 260 96 136 144 224 247 126 224 149 147 129 159 65 161 202 260 118 218 118 140 158 156 186 63 118 115 76 105 86 76 106 113 166 154 213 81 113 164 104 147 139 83 158 210 184 182 215 272 93 63 96 118 197 124 234 130 137 158 95 62 127 215 85 84 102 98 185 178 88 201 156 222 114 175 167 145 171 224 0 172 144 114 190 195 146 191 220 100 102 214 107 133 219 156 177 282 190 80 224 42 72 243 129 190 140 178 127 157 96 64 174 48 206 94 225 95 192 90 131 131 122 200 68 89 117 245 160 147 183 146 151 214 97 243 87 124 99 152 143 74 137 114 
44 85 103 46 51 133 162 155 157 204 154 150 175 122 233 226 177 101 203 251 239 237 57 130 67 244 238 245 230 234 169 137 121 198 147 173 183 226 164 260 139 105 131 231 195 172 144 279 88 172 118 112 191 180 194 112 120 77 203 212 302 108 168 186 218 157 205 139 256 140 143 133 90 157 138 113 124 163 173 199 235 139 94 219 183 98 205 122 153 188 98 112 254 217 171 146 136 248 118 169 186 150 112 249 203 163 242 220 167 245 112 191 126 166 249 240 223 177 225 197 249 87 166 121 169 242 215 191 223 56 220 171 52 230 200 240 210 184 266 74 182 205 130 126 107 114 61 167 210 161 192 102 202 157 95 259 157 179 68 250 203 271 112 180 100 224 200 96 248 195 59 178 141 126 74 207 228 118 84 275 124 188 110 153 226 229 202 183 113 69 128 199 136 141 138 126 154 148 220 285 136 67 262 232 237 69 220 179 217 203 219 166 208 262 139 152 167 157 116 169 190 86 180 161 245 116 60 206 179 197 92 148 198 221 231 244 117 119 236 219 45 293 217 236 103 175 114 237 79 84 85 248 158 199 155 217 289 248 202 206 80 203 128 245 91 192 122 134 143 129 67 215 236 217 149 83 182 117 213 53 250 185 146 228 199 232 177 158 151 127 165 199 187 169 145 176 132 104 223 204 250 131 128 200 166 136 189 132 180 69 71 109 177 193 192 231 210 197 229 169 219 232 161 245 113 200 169 215 211 111 106 223 248 234 189 209 190 270 128 178 126 68 144 163 236 162 199 71 183 138 200 48 87 287 162 189 233 118 176 190 230 238 140 163 220 140 243 63 223 253 159 255 118 176 212 138 212 234 252 250 106 157 212 209 170 199 180 170 200 207 260 70 129 175 207 80 198 241 233 177 252 126 100 276 135 192 187 157 190 212 117 218 154 224 231 252 189 156 221 131 179 178 196 192 101 272 182 121 250 142 208 91 261 61 265 140 172 0 238 208 106 115 240 107 140 194 196 130 201 227 139 250 93 202 110 174 140 136 166 163 223 106 234 94 221 73 190 158 268 142 300 188 141 189 286 184 51 225 216 116 162 183 211 165 254 241 277 240 245 130 191 159 181 218 193 246 59 168 231 208 
194 235 249 192 201 105 100 115 107 176 116 88 147 272 195 164 149 247 153 189 177 199 207 280 217 216 210 183 202 196 315 287 271 344 297 111 333 164 314 232 111 255 281 203 145 132 290 251 238 144 268 262 163 118 132 262 266 227 141 150 274 258 140 158 156 117 155 289 228 112 289 283 240 307 288 259 274 113 111 171 207 289 244 157 333 248 167 268 299 160 248 258 226 189 121 292 282 208 268 141 148 300 262 221 141 313 214 170 105 183 258 129 276 128 221 178 183 137 197 157 199 237 138 267 107 214 175 163 161 202 192 143 198 202 346 178 182 144 238 224 144 177 280 272 257 260 207 129 182 307 338 252 152 307 245 231 117 329 218 222 141 243 258 140 246 162 172 246 186 133 209 116 287 272 224 145 188 264 234 247 270 160 256 299 164 201 174 145 263 215 274 159 282 287 110 272 300 294 170 257 282 217 234 194 197 215 170 117 167 175 157 128 180 234 289 302 105 307 262 131 150 236 118 121 205 262 210 178 151 343 242 294 136 193 181 206 267 269 208 157 195 265 155 174 253 125 260 175 225 230 235 198 120 159 117 189 261 220 162 166 230 141 274 205 241 152 272 284 115 279 217 153 208 189 295 233 154 267 185 203 222 157 292 188 171 192 115 118 89 277 103 161 149 119 117 126 278 254 161 142 210 281 274 172 316 108 151 278 326 219 221 259 149 131 338 169 182 157 167 107 191 204 111 205 263 172 107 175 173 261 256 161 210 172 161 169 336 242 274 116 276 218 294 313 196 124 137 221 121 110 150 198 237 259 112 139 171 264 326 128 168 198 290 313 170 290 205 213 195 213 119 227 268 326 162 284 150 206 224 200 252 117 150 171 130 171 152 130 150 145 232 220 279 137 169 230 136 213 205 149 224 276 250 248 281 338 149 119 128 150 263 180 300 196 203 212 161 116 171 281 129 150 168 142 251 244 154 267 222 288 170 241 233 211 237 290 144 238 0 158 256 261 200 257 286 166 134 280 161 165 285 188 243 348 256 112 290 108 128 309 195 256 172 244 159 223 162 108 240 114 272 148 291 149 258 146 197 163 166 266 124 133 183 311 214 179 249 178 205 280 163 309 153 178 165 196 209 140 169 170 
164 205 219 162 171 75 58 59 51 134 60 70 117 242 139 146 119 217 97 147 159 143 177 250 187 174 168 165 160 140 285 257 241 314 267 69 303 146 284 202 81 225 251 161 89 76 260 209 208 114 238 232 133 76 114 232 236 197 123 108 232 228 110 128 138 61 99 259 186 82 259 253 210 277 258 229 244 57 93 141 165 259 214 115 303 218 111 238 269 130 218 228 184 147 65 262 252 152 238 111 92 270 232 179 123 283 172 114 63 141 228 111 246 72 179 160 127 81 167 101 143 207 108 237 89 184 119 133 119 172 150 113 168 172 316 160 152 88 208 194 88 147 250 242 227 230 177 73 152 277 308 222 96 277 215 201 61 299 188 180 123 213 228 84 216 144 142 216 168 115 179 98 257 242 194 127 132 234 204 205 240 130 226 269 122 171 144 89 233 185 244 103 252 257 80 242 270 264 114 215 252 187 204 138 141 185 114 75 111 145 115 72 138 192 259 272 63 277 232 75 94 206 76 65 149 232 180 148 121 313 212 264 94 163 125 150 237 239 166 139 165 223 137 156 223 69 230 133 195 200 205 142 64 103 61 147 219 178 106 110 200 99 244 149 211 96 242 254 85 249 187 135 178 159 265 203 124 237 155 173 192 127 262 132 141 136 97 62 71 247 61 105 93 63 87 70 248 224 143 124 154 251 244 142 286 78 95 248 296 189 191 229 119 89 308 151 140 101 149 65 161 174 55 149 233 142 89 119 117 231 226 119 154 130 131 113 306 212 244 98 246 188 264 283 140 68 95 191 103 80 94 168 207 217 56 83 129 234 296 86 150 142 260 283 114 260 149 183 165 157 63 197 238 296 106 254 108 164 194 144 222 61 132 115 74 141 122 74 94 103 202 190 249 81 113 200 118 183 175 119 182 246 220 206 251 308 93 63 86 132 233 124 270 166 173 156 131 60 115 251 73 120 138 86 221 202 124 237 180 258 114 211 191 181 195 260 114 208 158 0 226 231 144 227 256 136 92 250 105 147 255 146 213 318 226 94 260 78 72 279 165 226 154 214 141 193 132 52 198 84 230 92 261 93 216 90 167 121 110 236 68 77 141 281 158 137 207 136 149 250 133 279 123 122 135 140 179 110 151 114 
62 103 121 64 69 151 180 173 175 222 172 168 193 140 251 244 195 119 221 269 257 255 75 148 85 262 256 263 248 252 187 155 139 216 165 191 201 244 182 278 157 123 149 249 213 190 162 297 106 190 136 130 209 198 212 130 138 95 221 230 320 126 186 204 236 175 223 157 274 158 161 151 108 175 156 131 142 181 191 217 253 157 112 237 201 116 223 140 171 206 116 130 272 235 189 164 154 266 136 187 204 168 130 267 221 181 260 238 185 263 130 209 144 184 267 258 241 195 243 215 267 105 184 139 187 260 233 209 241 74 238 189 70 248 218 258 228 202 284 92 200 223 148 144 125 132 79 185 228 179 210 120 220 175 113 277 175 197 86 268 221 289 130 198 118 242 218 114 266 213 77 196 159 144 92 225 246 136 102 293 142 206 128 171 244 247 220 201 131 87 146 217 154 159 156 144 172 166 238 303 154 85 280 250 255 87 238 197 235 221 237 184 226 280 157 170 185 175 134 187 208 104 198 179 263 134 78 224 197 215 110 166 216 239 249 262 135 137 254 237 63 311 235 254 121 193 132 255 97 102 103 266 176 217 173 235 307 266 220 224 98 221 146 263 109 210 140 152 161 147 85 233 254 235 167 101 200 135 231 71 268 203 164 246 217 250 195 176 169 145 183 217 205 187 163 194 150 122 241 222 268 149 146 218 184 154 207 150 198 87 89 127 195 211 210 249 228 215 247 187 237 250 179 263 131 218 187 233 229 129 124 241 266 252 207 227 208 288 146 196 144 86 162 181 254 180 217 89 201 156 218 66 105 305 180 207 251 136 194 208 248 256 158 181 238 158 261 81 241 271 177 273 136 194 230 156 230 252 270 268 124 175 230 227 188 217 198 188 218 225 278 88 147 193 225 98 216 259 251 195 270 144 118 294 153 210 205 175 208 230 135 236 172 242 249 270 207 174 239 149 197 196 214 210 119 290 200 139 268 160 226 109 279 79 283 158 190 106 256 226 0 133 258 125 158 212 214 148 219 245 157 268 111 220 128 192 158 154 184 181 241 124 252 112 239 91 208 176 286 160 318 206 159 207 304 202 69 243 234 134 180 201 229 183 272 259 295 258 263 148 209 177 199 236 211 264 77 186 249 226 
71 112 126 69 78 156 185 178 180 227 177 173 198 149 256 249 200 124 226 274 262 260 84 157 94 267 261 268 253 257 192 164 148 221 174 196 210 249 191 283 162 132 158 254 218 195 167 302 115 195 145 139 214 203 217 139 143 104 226 235 325 135 191 209 241 180 228 166 279 163 166 160 117 184 165 136 151 186 196 222 258 166 121 242 210 125 228 145 176 211 125 135 277 240 194 169 159 271 145 192 209 177 139 272 226 190 265 243 190 268 135 214 153 189 272 263 246 200 248 220 272 114 189 144 192 265 238 214 246 79 243 194 75 253 223 263 233 207 289 101 205 228 157 149 134 137 84 190 233 184 215 129 225 184 122 282 180 206 95 273 226 294 135 203 123 247 223 123 271 218 86 201 164 149 101 230 251 141 111 298 147 211 133 176 249 252 225 206 140 92 151 222 159 164 161 149 177 171 243 308 159 94 285 255 260 92 243 202 240 226 242 189 231 285 166 179 190 184 139 192 213 113 203 184 268 139 87 229 202 220 119 171 221 244 254 267 144 146 259 242 72 316 240 259 130 198 137 260 102 107 112 271 181 222 178 240 312 271 225 229 107 226 151 268 118 215 149 161 166 156 94 238 259 240 172 110 205 144 236 80 273 208 169 251 222 255 200 181 174 154 188 222 210 192 168 199 155 131 246 227 273 158 151 223 193 159 212 155 203 96 98 136 200 216 215 254 233 220 252 192 242 255 184 268 140 223 192 238 234 138 133 246 271 257 212 232 213 293 151 201 153 95 171 190 259 185 222 98 206 161 223 75 114 310 185 212 256 141 203 213 253 261 167 190 243 167 266 90 246 276 182 278 145 203 235 161 235 257 275 273 129 180 235 232 193 222 203 193 223 230 283 97 156 198 230 107 221 264 256 200 275 153 127 299 158 215 210 180 213 235 140 241 177 247 254 275 212 179 244 158 202 201 219 215 128 295 205 144 273 165 231 118 284 88 288 167 195 115 261 231 133 0 263 134 163 217 219 157 224 250 162 273 120 225 133 197 167 159 189 186 246 133 257 121 244 100 213 181 291 165 323 211 168 212 309 207 74 248 239 143 185 206 234 188 277 264 300 263 268 157 214 186 204 241 216 269 86 191 254 231 
196 237 251 194 203 107 100 85 93 176 86 112 149 274 165 188 151 249 139 189 201 169 209 282 219 216 210 207 202 166 317 289 273 346 299 111 335 188 316 234 113 257 283 203 131 102 292 251 240 146 270 264 165 118 156 264 268 229 165 150 274 260 142 160 180 87 141 291 228 114 291 285 242 309 290 261 276 99 135 173 207 291 246 157 335 250 137 270 301 162 250 260 226 189 107 294 284 178 270 143 118 302 264 221 165 315 214 156 105 183 260 153 278 98 221 202 153 107 199 127 185 239 140 269 131 216 145 165 161 204 192 145 200 204 348 202 184 114 240 226 114 179 282 274 259 262 209 99 184 309 340 254 138 309 247 233 87 331 220 222 165 245 260 110 248 186 174 248 210 157 211 140 289 274 226 169 158 266 236 247 272 162 258 301 164 203 176 115 265 217 276 129 284 289 112 274 302 296 156 257 284 219 236 164 167 217 156 117 153 177 157 98 180 234 291 304 105 309 264 101 120 238 118 91 175 264 212 180 153 345 244 296 136 195 167 176 269 271 208 181 197 265 179 198 255 111 262 175 227 232 237 184 90 129 87 189 261 220 132 136 232 141 276 175 243 122 274 286 117 281 219 177 210 191 297 235 156 269 187 205 224 159 294 158 173 162 139 88 113 279 103 131 119 105 119 112 280 256 185 166 180 283 276 174 318 110 121 280 328 221 223 261 151 131 340 193 182 127 191 107 193 206 97 175 265 174 131 145 143 263 258 161 180 172 163 139 338 244 276 140 278 220 296 315 166 94 137 223 145 112 136 200 239 259 98 125 171 266 328 128 192 168 292 315 156 292 175 215 197 183 89 229 270 328 148 286 150 206 226 186 254 87 174 141 100 173 154 100 136 145 234 222 281 107 139 232 160 215 207 151 224 278 252 248 283 340 119 89 128 174 265 150 302 198 205 182 163 86 157 283 115 152 170 128 253 244 156 269 222 290 140 243 233 213 237 292 146 240 200 144 258 263 0 259 288 168 134 282 131 189 287 188 245 350 258 136 292 110 98 311 197 258 196 246 183 225 164 94 240 116 272 118 293 119 258 116 199 163 152 268 94 119 183 313 184 179 249 178 175 282 165 311 155 148 167 182 211 142 193 140 
63 90 118 65 56 152 181 174 176 223 173 169 194 141 252 245 196 120 222 270 258 256 76 135 72 263 257 264 249 253 184 156 126 213 152 192 188 245 169 279 158 110 136 250 214 191 163 298 93 191 123 131 210 199 213 117 139 96 222 231 321 127 187 205 237 176 224 158 275 159 162 138 109 162 143 128 129 182 192 218 254 144 113 238 188 103 224 141 168 207 103 131 273 236 190 161 151 267 137 188 205 155 117 268 222 168 261 239 186 264 131 210 145 185 268 259 242 196 244 216 268 92 185 136 188 261 234 210 242 75 239 190 71 249 215 259 229 203 285 79 201 224 135 145 112 133 80 186 229 176 207 107 221 162 100 278 176 184 87 269 222 290 131 199 119 243 219 101 267 214 64 197 160 145 93 226 247 137 89 294 139 207 129 168 245 248 221 202 132 88 143 218 155 156 157 141 169 163 239 304 151 86 281 251 256 88 239 198 236 222 238 185 227 281 144 157 186 162 135 188 209 91 199 180 264 131 65 225 198 212 97 163 217 240 250 263 136 124 255 238 64 312 236 255 108 194 129 256 98 103 90 267 177 218 174 236 308 267 221 225 85 222 147 264 110 211 127 139 162 148 72 234 255 236 164 102 201 136 232 72 269 204 161 247 218 251 196 177 170 132 184 218 206 188 164 195 151 109 242 223 269 150 147 219 171 155 208 147 195 88 90 128 196 212 207 250 229 216 248 188 238 251 180 264 118 219 188 234 230 116 125 242 267 253 208 228 205 289 147 197 131 87 149 168 255 181 218 90 202 157 219 67 92 306 181 208 252 133 181 209 249 257 145 168 239 145 262 68 242 272 178 274 123 181 231 157 231 253 271 269 125 176 231 228 189 218 199 189 219 226 279 89 134 194 226 99 217 260 252 196 271 131 105 295 150 207 206 176 209 231 132 237 169 243 250 271 208 175 240 150 198 197 215 211 106 291 201 140 269 157 227 96 280 80 284 145 191 107 257 227 125 134 259 0 155 213 215 149 220 246 154 269 98 217 125 193 159 155 185 178 242 125 253 113 240 92 209 177 287 161 319 207 146 208 305 203 70 244 235 121 181 202 230 180 273 260 296 259 264 135 210 164 200 237 212 265 64 187 250 227 
96 85 37 94 99 181 210 203 205 252 202 198 223 174 281 274 225 149 251 299 287 285 109 130 115 292 286 293 278 282 103 189 169 132 147 221 183 274 164 308 187 105 131 279 243 220 192 327 136 220 166 164 239 228 242 160 168 129 251 260 350 160 216 234 266 205 253 191 304 188 191 133 142 157 186 47 172 211 221 247 283 187 146 267 183 98 253 170 87 236 146 160 302 265 219 80 70 296 170 217 234 198 112 297 251 163 290 268 215 293 160 239 178 214 297 288 271 225 273 245 297 87 214 55 217 290 263 239 271 104 268 219 100 278 134 288 258 232 314 122 230 253 178 174 107 162 109 215 258 95 126 102 250 157 143 307 205 179 120 298 251 319 160 228 148 272 248 96 296 243 107 226 189 174 126 255 276 166 132 323 58 236 158 87 274 277 250 231 165 117 62 247 184 75 186 60 88 82 268 333 70 119 310 280 285 117 268 227 265 251 267 214 256 310 187 152 215 157 164 217 238 134 228 209 293 50 108 254 227 131 92 82 246 269 279 292 169 119 284 267 97 341 265 284 151 223 48 285 127 132 133 296 206 247 203 265 337 296 250 254 128 251 176 293 143 240 122 182 191 181 115 263 284 265 83 135 230 169 261 105 298 233 80 276 247 280 225 206 199 127 213 247 235 217 193 224 180 104 271 252 298 183 176 248 166 184 237 66 114 121 123 161 225 241 126 279 258 245 277 217 267 280 209 293 113 248 217 263 259 111 158 271 296 282 237 257 124 318 176 226 126 120 144 163 284 210 247 123 231 186 248 100 87 335 210 237 281 52 176 238 278 286 188 163 268 140 291 111 271 301 207 303 166 176 260 186 260 282 300 298 154 205 260 257 218 247 228 218 248 255 308 122 177 223 255 132 246 289 281 225 300 126 100 324 69 126 235 205 238 260 51 266 88 272 279 300 237 204 269 183 227 226 244 240 101 320 230 169 298 76 256 91 309 113 313 188 220 140 286 256 158 163 288 155 0 242 244 182 249 275 73 298 141 136 44 222 192 184 214 97 271 158 282 146 269 125 238 206 316 190 348 236 189 237 334 232 99 273 264 164 210 231 259 99 302 289 325 288 293 178 239 159 229 266 241 294 107 216 279 256 
150 191 205 148 157 61 87 83 85 132 82 78 19 228 161 154 105 203 131 176 167 165 163 236 173 172 166 173 158 162 271 243 227 300 253 98 289 154 270 104 67 211 237 159 123 100 246 207 194 100 224 218 35 105 122 218 222 183 131 137 230 214 96 114 146 85 133 245 184 68 245 239 196 263 244 215 230 91 101 127 163 245 200 144 289 204 133 224 255 32 204 214 182 145 99 248 238 176 224 97 114 256 218 177 131 269 170 148 92 170 214 119 232 94 177 168 151 105 153 125 177 193 94 223 97 86 143 119 148 158 148 99 154 74 302 168 138 112 110 180 110 133 236 228 213 216 163 95 138 263 294 208 130 263 201 103 85 285 174 178 131 115 214 108 202 152 44 202 176 123 165 106 243 228 180 135 156 220 190 203 226 116 212 255 151 73 130 111 219 171 230 127 238 243 66 228 256 250 148 213 238 173 106 160 165 171 148 104 145 131 144 94 136 190 245 258 92 263 218 97 118 192 105 89 173 218 166 50 107 299 198 250 123 65 159 172 223 225 164 147 151 221 145 164 209 103 216 162 181 186 191 176 86 127 83 145 217 176 130 134 186 128 230 173 197 120 228 240 71 235 173 143 80 145 251 189 110 223 57 159 94 29 248 156 43 160 105 86 79 233 90 127 115 97 73 104 234 210 151 132 178 237 230 128 272 64 117 234 282 175 177 215 105 118 294 159 138 125 157 94 147 76 89 173 219 44 97 143 139 217 212 148 176 159 117 137 292 114 230 106 232 174 250 269 164 90 124 177 111 66 128 154 193 215 90 117 158 220 282 115 158 166 246 269 148 246 171 169 67 181 87 99 224 282 140 240 137 162 96 178 208 85 140 137 98 127 24 98 128 132 104 176 235 103 135 186 126 85 77 21 180 232 206 204 237 294 115 85 115 140 219 146 256 152 75 180 33 84 149 237 107 106 124 120 207 200 110 223 178 244 136 197 189 167 193 246 100 194 166 136 212 217 168 213 242 0 121 236 129 155 241 175 199 304 212 102 246 64 94 265 67 212 162 200 149 179 118 86 196 70 228 116 247 117 214 112 153 150 144 222 90 111 139 267 182 166 205 165 173 236 119 265 109 146 37 174 165 96 159 136 
152 193 207 150 159 63 34 49 41 110 50 46 102 230 129 122 107 205 87 123 135 133 165 238 175 150 144 141 136 130 273 245 229 302 255 45 291 122 272 187 69 213 239 137 79 66 248 185 196 102 226 220 118 52 90 220 224 185 99 84 208 216 98 116 114 51 89 247 162 70 247 241 198 265 246 217 232 47 69 129 141 247 202 91 291 206 101 226 257 115 206 216 160 123 55 250 240 142 226 99 82 258 220 155 99 271 148 104 39 117 216 87 234 62 155 136 117 71 155 91 133 195 96 225 65 169 109 121 95 160 126 101 156 157 304 136 140 78 193 182 78 135 238 230 215 218 165 63 140 265 296 210 86 265 203 186 51 287 176 156 99 198 216 74 204 120 127 204 144 91 167 74 245 230 182 103 122 222 192 181 228 118 214 257 98 156 132 79 221 173 232 93 240 245 68 230 258 252 104 191 240 175 189 128 131 173 104 51 101 133 91 62 114 168 247 260 39 265 220 65 84 194 52 55 139 220 168 133 109 301 200 252 70 148 115 140 225 227 142 115 153 199 113 132 211 59 218 109 183 188 193 132 54 93 51 123 195 154 96 100 188 75 232 139 199 86 230 242 73 237 175 111 163 147 253 191 112 225 140 161 177 112 250 122 126 126 73 52 47 235 37 95 83 53 75 60 236 212 119 100 144 239 232 130 274 66 85 236 284 177 179 217 107 65 296 127 116 91 125 41 149 159 45 139 221 127 65 109 107 219 214 95 144 106 119 103 294 197 232 74 234 176 252 271 130 58 71 179 79 68 84 156 195 193 46 73 105 222 284 62 126 132 248 271 104 248 139 171 150 147 53 182 226 284 96 242 84 140 179 134 210 51 108 105 64 129 107 64 84 79 187 178 237 71 103 188 94 168 160 104 158 234 208 182 239 296 83 53 62 108 221 114 258 154 158 146 116 50 105 239 63 108 126 76 209 178 112 225 156 246 104 199 167 169 171 248 102 196 134 92 214 219 134 215 244 121 0 238 95 123 243 122 201 306 214 70 248 66 62 267 150 214 130 202 117 181 120 42 174 72 206 82 249 83 192 80 155 97 100 224 58 67 117 269 148 113 183 112 139 238 121 267 111 112 120 130 167 98 127 104 
86 127 145 88 93 175 204 197 199 246 196 192 217 164 275 268 219 143 245 293 281 279 99 172 109 286 280 287 272 276 211 179 163 240 189 215 225 268 206 302 181 147 173 273 237 214 186 321 130 214 160 154 233 222 236 154 162 119 245 254 344 150 210 228 260 199 247 181 298 182 185 175 132 199 180 155 166 205 215 241 277 181 136 261 225 140 247 164 195 230 140 154 296 259 213 188 178 290 160 211 228 192 154 291 245 205 284 262 209 287 154 233 168 208 291 282 265 219 267 239 291 129 208 163 211 284 257 233 265 98 262 213 94 272 242 282 252 226 308 116 224 247 172 168 149 156 103 209 252 203 234 144 244 199 137 301 199 221 110 292 245 313 154 222 142 266 242 138 290 237 101 220 183 168 116 249 270 160 126 317 166 230 152 195 268 271 244 225 155 111 170 241 178 183 180 168 196 190 262 327 178 109 304 274 279 111 262 221 259 245 261 208 250 304 181 194 209 199 158 211 232 128 222 203 287 158 102 248 221 239 134 190 240 263 273 286 159 161 278 261 87 335 259 278 145 217 156 279 121 126 127 290 200 241 197 259 331 290 244 248 122 245 170 287 133 234 164 176 185 171 109 257 278 259 191 125 224 159 255 95 292 227 188 270 241 274 219 200 193 169 207 241 229 211 187 218 174 146 265 246 292 173 170 242 208 178 231 174 222 111 113 151 219 235 234 273 252 239 271 211 261 274 203 287 155 242 211 257 253 153 148 265 290 276 231 251 232 312 170 220 168 110 186 205 278 204 241 113 225 180 242 90 129 329 204 231 275 160 218 232 272 280 182 205 262 182 285 105 265 295 201 297 160 218 254 180 254 276 294 292 148 199 254 251 212 241 222 212 242 249 302 112 171 217 249 122 240 283 275 219 294 168 142 318 177 234 229 199 232 254 159 260 196 266 273 294 231 198 263 173 221 220 238 234 143 314 224 163 292 184 250 133 303 103 307 182 214 130 280 250 148 157 282 149 182 236 238 0 243 269 181 292 135 244 152 216 182 178 208 205 265 148 276 136 263 115 232 200 310 184 342 230 183 231 328 226 93 267 258 158 204 225 253 207 296 283 319 282 287 172 233 201 223 260 235 288 101 210 273 250 
157 198 212 155 164 68 61 46 54 137 47 73 110 235 126 149 112 210 100 150 162 130 170 243 180 177 171 168 163 127 278 250 234 307 260 72 296 149 277 195 74 218 244 164 92 63 253 212 201 107 231 225 126 79 117 225 229 190 126 111 235 221 103 121 141 48 102 252 189 75 252 246 203 270 251 222 237 60 96 134 168 252 207 118 296 211 98 231 262 123 211 221 187 150 68 255 245 139 231 104 79 263 225 182 126 276 175 117 66 144 221 114 239 59 182 163 114 68 160 88 146 200 101 230 92 177 106 126 122 165 153 106 161 165 309 163 145 75 201 187 75 140 243 235 220 223 170 60 145 270 301 215 99 270 208 194 48 292 181 183 126 206 221 71 209 147 135 209 171 118 172 101 250 235 187 130 119 227 197 208 233 123 219 262 125 164 137 76 226 178 237 90 245 250 73 235 263 257 117 218 245 180 197 125 128 178 117 78 114 138 118 59 141 195 252 265 66 270 225 62 81 199 79 52 136 225 173 141 114 306 205 257 97 156 128 137 230 232 169 142 158 226 140 159 216 72 223 136 188 193 198 145 51 90 48 150 222 181 93 97 193 102 237 136 204 83 235 247 78 242 180 138 171 152 258 196 117 230 148 166 185 120 255 119 134 123 100 49 74 240 64 92 80 66 80 73 241 217 146 127 141 244 237 135 279 71 82 241 289 182 184 222 112 92 301 154 143 88 152 68 154 167 58 136 226 135 92 106 104 224 219 122 141 133 124 100 299 205 237 101 239 181 257 276 127 55 98 184 106 73 97 161 200 220 59 86 132 227 289 89 153 129 253 276 117 253 136 176 158 144 50 190 231 289 109 247 111 167 187 147 215 48 135 102 61 134 115 61 97 106 195 183 242 68 100 193 121 176 168 112 185 239 213 209 244 301 80 50 89 135 226 111 263 159 166 143 124 47 118 244 76 113 131 89 214 205 117 230 183 251 101 204 194 174 198 253 107 201 161 105 219 224 131 220 249 129 95 243 0 150 248 149 206 311 219 97 253 71 59 272 158 219 157 207 144 186 125 55 201 77 233 79 254 80 219 77 160 124 113 229 55 80 144 274 145 140 210 139 136 243 126 272 116 109 128 143 172 103 154 101 
183 224 238 181 190 94 89 104 96 165 105 77 136 261 184 153 138 236 142 178 166 188 196 269 206 205 199 172 191 185 304 276 260 333 286 100 322 153 303 221 100 244 270 192 134 121 279 240 227 133 257 251 152 107 121 251 255 216 130 139 263 247 129 147 145 106 144 278 217 101 278 272 229 296 277 248 263 102 100 160 196 278 233 146 322 237 156 257 288 149 237 247 215 178 110 281 271 197 257 130 137 289 251 210 130 302 203 159 94 172 247 118 265 117 210 167 172 126 186 146 188 226 127 256 96 203 164 152 150 191 181 132 187 191 335 167 171 133 227 213 133 166 269 261 246 249 196 118 171 296 327 241 141 296 234 220 106 318 207 211 130 232 247 129 235 151 161 235 175 122 198 105 276 261 213 134 177 253 223 236 259 149 245 288 153 190 163 134 252 204 263 148 271 276 99 261 289 283 159 246 271 206 223 183 186 204 159 106 156 164 146 117 169 223 278 291 94 296 251 120 139 225 107 110 194 251 199 167 140 332 231 283 125 182 170 195 256 258 197 146 184 254 144 163 242 114 249 164 214 219 224 187 109 148 106 178 250 209 151 155 219 130 263 194 230 141 261 273 104 268 206 142 197 178 284 222 143 256 174 192 211 146 281 177 160 181 104 107 78 266 92 150 138 108 106 115 267 243 150 131 199 270 263 161 305 97 140 267 315 208 210 248 138 120 327 158 171 146 156 96 180 193 100 194 252 161 96 164 162 250 245 150 199 161 150 158 325 231 263 105 265 207 283 302 185 113 126 210 110 99 139 187 226 248 101 128 160 253 315 117 157 187 279 302 159 279 194 202 184 202 108 216 257 315 151 273 139 195 213 189 241 106 139 160 119 160 141 119 139 134 221 209 268 126 158 219 125 202 194 138 213 265 239 237 270 327 138 108 117 139 252 169 289 185 192 201 150 105 160 270 118 139 157 131 240 233 143 256 211 277 159 230 222 200 226 279 133 227 165 147 245 250 189 246 275 155 123 269 150 0 274 177 232 337 245 101 279 97 117 298 184 245 161 233 148 212 151 97 229 103 261 137 280 138 247 135 186 152 155 255 113 122 172 300 203 168 238 167 194 269 152 298 142 167 154 185 198 129 158 159 
95 84 36 93 98 180 209 202 204 251 201 197 222 173 280 273 224 148 250 298 286 284 108 129 114 291 285 292 277 281 102 188 168 131 146 220 182 273 163 307 186 104 130 278 242 219 191 326 135 219 165 163 238 227 241 159 167 128 250 259 349 159 215 233 265 204 252 190 303 187 190 132 141 156 185 46 171 210 220 246 282 186 145 266 182 97 252 169 86 235 145 159 301 264 218 79 69 295 169 216 233 197 111 296 250 162 289 267 214 292 159 238 177 213 296 287 270 224 272 244 296 86 213 54 216 289 262 238 270 103 267 218 99 277 133 287 257 231 313 121 229 252 177 173 106 161 108 214 257 94 125 101 249 156 142 306 204 178 119 297 250 318 159 227 147 271 247 95 295 242 106 225 188 173 125 254 275 165 131 322 57 235 157 86 273 276 249 230 164 116 61 246 183 74 185 59 87 81 267 332 69 118 309 279 284 116 267 226 264 250 266 213 255 309 186 151 214 156 163 216 237 133 227 208 292 49 107 253 226 130 91 81 245 268 278 291 168 118 283 266 96 340 264 283 150 222 47 284 126 131 132 295 205 246 202 264 336 295 249 253 127 250 175 292 142 239 121 181 190 180 114 262 283 264 82 134 229 168 260 104 297 232 79 275 246 279 224 205 198 126 212 246 234 216 192 223 179 103 270 251 297 182 175 247 165 183 236 65 113 120 122 160 224 240 125 278 257 244 276 216 266 279 208 292 112 247 216 262 258 110 157 270 295 281 236 256 123 317 175 225 125 119 143 162 283 209 246 122 230 185 247 99 86 334 209 236 280 51 175 237 277 285 187 162 267 139 290 110 270 300 206 302 165 175 259 185 259 281 299 297 153 204 259 256 217 246 227 217 247 254 307 121 176 222 254 131 245 288 280 224 299 125 99 323 68 125 234 204 237 259 50 265 87 271 278 299 236 203 268 182 226 225 243 239 100 319 229 168 297 75 255 90 308 112 312 187 219 139 285 255 157 162 287 154 73 241 243 181 248 274 0 297 140 135 43 221 191 183 213 96 270 157 281 145 268 124 237 205 315 189 347 235 188 236 333 231 98 272 263 163 209 230 258 98 301 288 324 287 292 177 238 158 228 265 240 293 106 215 278 255 
206 247 261 204 213 117 88 103 95 164 104 100 156 284 183 176 161 259 141 177 189 187 219 292 229 204 198 195 190 184 327 299 283 356 309 99 345 176 326 241 123 267 293 191 133 120 302 239 250 156 280 274 172 106 144 274 278 239 153 138 262 270 152 170 168 105 143 301 216 124 301 295 252 319 300 271 286 101 123 183 195 301 256 145 345 260 155 280 311 169 260 270 214 177 109 304 294 196 280 153 136 312 274 209 153 325 202 158 93 171 270 141 288 116 209 190 171 125 209 145 187 249 150 279 119 223 163 175 149 214 180 155 210 211 358 190 194 132 247 236 132 189 292 284 269 272 219 117 194 319 350 264 140 319 257 240 105 341 230 210 153 252 270 128 258 174 181 258 198 145 221 128 299 284 236 157 176 276 246 235 282 172 268 311 152 210 186 133 275 227 286 147 294 299 122 284 312 306 158 245 294 229 243 182 185 227 158 105 155 187 145 116 168 222 301 314 93 319 274 119 138 248 106 109 193 274 222 187 163 355 254 306 124 202 169 194 279 281 196 169 207 253 167 186 265 113 272 163 237 242 247 186 108 147 105 177 249 208 150 154 242 129 286 193 253 140 284 296 127 291 229 165 217 201 307 245 166 279 194 215 231 166 304 176 180 180 127 106 101 289 91 149 137 107 129 114 290 266 173 154 198 293 286 184 328 120 139 290 338 231 233 271 161 119 350 181 170 145 179 95 203 213 99 193 275 181 119 163 161 273 268 149 198 160 173 157 348 251 286 128 288 230 306 325 184 112 125 233 133 122 138 210 249 247 100 127 159 276 338 116 180 186 302 325 158 302 193 225 204 201 107 236 280 338 150 296 138 194 233 188 264 105 162 159 118 183 161 118 138 133 241 232 291 125 157 242 148 222 214 158 212 288 262 236 293 350 137 107 116 162 275 168 312 208 212 200 170 104 159 293 117 162 180 130 263 232 166 279 210 300 158 253 221 223 225 302 156 250 188 146 268 273 188 269 298 175 122 292 149 177 297 0 255 360 268 124 302 120 116 321 204 268 184 256 171 235 174 96 228 126 260 136 303 137 246 134 209 151 154 278 112 121 171 323 202 167 237 166 193 292 175 321 165 166 174 184 221 152 181 158 
49 76 104 51 42 138 167 160 162 209 159 155 180 127 238 231 182 106 208 256 244 242 62 121 58 249 243 250 235 239 170 142 112 199 138 178 174 231 155 265 144 96 122 236 200 177 149 284 79 177 109 117 196 185 199 103 125 82 208 217 307 113 173 191 223 162 210 144 261 145 148 124 95 148 129 114 115 168 178 204 240 130 99 224 174 89 210 127 154 193 89 117 259 222 176 147 137 253 123 174 191 141 103 254 208 154 247 225 172 250 117 196 131 171 254 245 228 182 230 202 254 78 171 122 174 247 220 196 228 61 225 176 57 235 201 245 215 189 271 65 187 210 121 131 98 119 66 172 215 162 193 93 207 148 86 264 162 170 73 255 208 276 117 185 105 229 205 87 253 200 50 183 146 131 79 212 233 123 75 280 125 193 115 154 231 234 207 188 118 74 129 204 141 142 143 127 155 149 225 290 137 72 267 237 242 74 225 184 222 208 224 171 213 267 130 143 172 148 121 174 195 77 185 166 250 117 51 211 184 198 83 149 203 226 236 249 122 110 241 224 50 298 222 241 94 180 115 242 84 89 76 253 163 204 160 222 294 253 207 211 71 208 133 250 96 197 113 125 148 134 58 220 241 222 150 88 187 122 218 58 255 190 147 233 204 237 182 163 156 118 170 204 192 174 150 181 137 95 228 209 255 136 133 205 157 141 194 133 181 74 76 114 182 198 193 236 215 202 234 174 224 237 166 250 104 205 174 220 216 102 111 228 253 239 194 214 191 275 133 183 117 73 135 154 241 167 204 76 188 143 205 53 78 292 167 194 238 119 167 195 235 243 131 154 225 131 248 54 228 258 164 260 109 167 217 143 217 239 257 255 111 162 217 214 175 204 185 175 205 212 265 75 120 180 212 85 203 246 238 182 257 117 91 281 136 193 192 162 195 217 118 223 155 229 236 257 194 161 226 136 184 183 201 197 92 277 187 126 255 143 213 82 266 66 270 131 177 93 243 213 111 120 245 98 141 199 201 135 206 232 140 255 0 203 111 179 145 141 171 164 228 111 239 99 226 78 195 163 273 147 305 193 132 194 291 189 56 230 221 107 167 188 216 166 259 246 282 245 250 121 196 150 186 223 198 251 50 173 236 213 
158 147 99 156 161 243 272 265 267 314 264 260 285 236 343 336 287 211 313 361 349 347 171 192 177 354 348 355 340 344 165 251 231 194 209 283 245 336 226 370 249 167 193 341 305 282 254 389 198 282 228 226 301 290 304 222 230 191 313 322 412 222 278 296 328 267 315 253 366 250 253 195 204 219 248 109 234 273 283 309 345 249 208 329 245 160 315 232 149 298 208 222 364 327 281 142 132 358 232 279 296 260 174 359 313 225 352 330 277 355 222 301 240 276 359 350 333 287 335 307 359 149 276 117 279 352 325 301 333 166 330 281 162 340 196 350 320 294 376 184 292 315 240 236 169 224 171 277 320 157 188 164 312 219 205 369 267 241 182 360 313 381 222 290 210 334 310 158 358 305 169 288 251 236 188 317 338 228 194 385 120 298 220 149 336 339 312 293 227 179 124 309 246 137 248 122 150 144 330 395 132 181 372 342 347 179 330 289 327 313 329 276 318 372 249 214 277 219 226 279 300 196 290 271 355 112 170 316 289 193 154 144 308 331 341 354 231 181 346 329 159 403 327 346 213 285 110 347 189 194 195 358 268 309 265 327 399 358 312 316 190 313 238 355 205 302 184 244 253 243 177 325 346 327 145 197 292 231 323 167 360 295 142 338 309 342 287 268 261 189 275 309 297 279 255 286 242 166 333 314 360 245 238 310 228 246 299 128 176 183 185 223 287 303 188 341 320 307 339 279 329 342 271 355 175 310 279 325 321 173 220 333 358 344 299 319 186 380 238 288 188 182 206 225 346 272 309 185 293 248 310 162 149 397 272 299 343 114 238 300 340 348 250 225 330 202 353 173 333 363 269 365 228 238 322 248 322 344 362 360 216 267 322 319 280 309 290 280 310 317 370 184 239 285 317 194 308 351 343 287 362 188 162 386 131 188 297 267 300 322 113 328 150 334 341 362 299 266 331 245 289 288 306 302 163 382 292 231 360 138 318 153 371 175 375 250 282 202 348 318 220 225 350 217 136 304 306 244 311 337 135 360 203 0 106 284 254 246 276 159 333 220 344 208 331 187 300 268 378 252 410 298 251 299 396 294 161 335 326 226 272 293 321 161 364 351 387 350 355 240 301 221 291 328 303 356 169 278 341 318 
66 55 7 64 69 151 180 173 175 222 172 168 193 144 251 244 195 119 221 269 257 255 79 100 85 262 256 263 248 252 73 159 139 102 117 191 153 244 134 278 157 75 101 249 213 190 162 297 106 190 136 134 209 198 212 130 138 99 221 230 320 130 186 204 236 175 223 161 274 158 161 103 112 127 156 17 142 181 191 217 253 157 116 237 153 68 223 140 57 206 116 130 272 235 189 50 40 266 140 187 204 168 82 267 221 133 260 238 185 263 130 209 148 184 267 258 241 195 243 215 267 57 184 25 187 260 233 209 241 74 238 189 70 248 104 258 228 202 284 92 200 223 148 144 77 132 79 185 228 65 96 72 220 127 113 277 175 149 90 268 221 289 130 198 118 242 218 66 266 213 77 196 159 144 96 225 246 136 102 293 28 206 128 57 244 247 220 201 135 87 32 217 154 45 156 30 58 52 238 303 40 89 280 250 255 87 238 197 235 221 237 184 226 280 157 122 185 127 134 187 208 104 198 179 263 20 78 224 197 101 62 52 216 239 249 262 139 89 254 237 67 311 235 254 121 193 18 255 97 102 103 266 176 217 173 235 307 266 220 224 98 221 146 263 113 210 92 152 161 151 85 233 254 235 53 105 200 139 231 75 268 203 50 246 217 250 195 176 169 97 183 217 205 187 163 194 150 74 241 222 268 153 146 218 136 154 207 36 84 91 93 131 195 211 96 249 228 215 247 187 237 250 179 263 83 218 187 233 229 81 128 241 266 252 207 227 94 288 146 196 96 90 114 133 254 180 217 93 201 156 218 70 57 305 180 207 251 22 146 208 248 256 158 133 238 110 261 81 241 271 177 273 136 146 230 156 230 252 270 268 124 175 230 227 188 217 198 188 218 225 278 92 147 193 225 102 216 259 251 195 270 96 70 294 39 96 205 175 208 230 21 236 58 242 249 270 207 174 239 153 197 196 214 210 71 290 200 139 268 46 226 61 279 83 283 158 190 110 256 226 128 133 258 125 44 212 214 152 219 245 43 268 111 106 0 192 162 154 184 67 241 128 252 116 239 95 208 176 286 160 318 206 159 207 304 202 69 243 234 134 180 201 229 69 272 259 295 258 263 148 209 129 199 236 211 264 77 186 249 226 
130 171 185 128 137 41 36 51 43 112 52 24 83 208 131 100 85 183 89 125 113 135 143 216 153 152 146 119 138 132 251 223 207 280 233 47 269 100 250 168 47 191 217 139 81 68 226 187 174 80 204 198 99 54 68 198 202 163 77 86 210 194 76 94 92 53 91 225 164 48 225 219 176 243 224 195 210 49 47 107 143 225 180 93 269 184 103 204 235 96 184 194 162 125 57 228 218 144 204 77 84 236 198 157 77 249 150 106 41 119 194 65 212 64 157 114 119 73 133 93 135 173 74 203 43 150 111 99 97 138 128 79 134 138 282 114 118 80 174 160 80 113 216 208 193 196 143 65 118 243 274 188 88 243 181 167 53 265 154 158 77 179 194 76 182 98 108 182 122 69 145 52 223 208 160 81 124 200 170 183 206 96 192 235 100 137 110 81 199 151 210 95 218 223 46 208 236 230 106 193 218 153 170 130 133 151 106 53 103 111 93 64 116 170 225 238 41 243 198 67 86 172 54 57 141 198 146 114 87 279 178 230 72 129 117 142 203 205 144 93 131 201 91 110 189 61 196 111 161 166 171 134 56 95 53 125 197 156 98 102 166 77 210 141 177 88 208 220 51 215 153 89 144 125 231 169 90 203 121 139 158 93 228 124 107 128 51 54 25 213 39 97 85 55 53 62 214 190 97 78 146 217 210 108 252 44 87 214 262 155 157 195 85 67 274 105 118 93 103 43 127 140 47 141 199 108 43 111 109 197 192 97 146 108 97 105 272 178 210 52 212 154 230 249 132 60 73 157 57 46 86 134 173 195 48 75 107 200 262 64 104 134 226 249 106 226 141 149 131 149 55 163 204 262 98 220 86 142 160 136 188 53 86 107 66 107 88 66 86 81 168 156 215 73 105 166 72 149 141 85 160 212 186 184 217 274 85 55 64 86 199 116 236 132 139 148 97 52 107 217 65 86 104 78 187 180 90 203 158 224 106 177 169 147 173 226 80 174 112 94 192 197 136 193 222 102 70 216 97 101 221 124 179 284 192 0 226 44 64 245 131 192 108 180 95 159 98 44 176 50 208 84 227 85 194 82 133 99 102 202 60 69 119 247 150 115 185 114 141 216 99 245 89 114 101 132 145 76 105 106 
96 137 155 98 103 185 214 207 209 256 206 202 227 174 285 278 229 153 255 303 291 289 109 182 119 296 290 297 282 286 221 189 173 250 199 225 235 278 216 312 191 157 183 283 247 224 196 331 140 224 170 164 243 232 246 164 172 129 255 264 354 160 220 238 270 209 257 191 308 192 195 185 142 209 190 165 176 215 225 251 287 191 146 271 235 150 257 174 205 240 150 164 306 269 223 198 188 300 170 221 238 202 164 301 255 215 294 272 219 297 164 243 178 218 301 292 275 229 277 249 301 139 218 173 221 294 267 243 275 108 272 223 104 282 252 292 262 236 318 126 234 257 182 178 159 166 113 219 262 213 244 154 254 209 147 311 209 231 120 302 255 323 164 232 152 276 252 148 300 247 111 230 193 178 126 259 280 170 136 327 176 240 162 205 278 281 254 235 165 121 180 251 188 193 190 178 206 200 272 337 188 119 314 284 289 121 272 231 269 255 271 218 260 314 191 204 219 209 168 221 242 138 232 213 297 168 112 258 231 249 144 200 250 273 283 296 169 171 288 271 97 345 269 288 155 227 166 289 131 136 137 300 210 251 207 269 341 300 254 258 132 255 180 297 143 244 174 186 195 181 119 267 288 269 201 135 234 169 265 105 302 237 198 280 251 284 229 210 203 179 217 251 239 221 197 228 184 156 275 256 302 183 180 252 218 188 241 184 232 121 123 161 229 245 244 283 262 249 281 221 271 284 213 297 165 252 221 267 263 163 158 275 300 286 241 261 242 322 180 230 178 120 196 215 288 214 251 123 235 190 252 100 139 339 214 241 285 170 228 242 282 290 192 215 272 192 295 115 275 305 211 307 170 228 264 190 264 286 304 302 158 209 264 261 222 251 232 222 252 259 312 122 181 227 259 132 250 293 285 229 304 178 152 328 187 244 239 209 242 264 169 270 206 276 283 304 241 208 273 183 231 230 248 244 153 324 234 173 302 194 260 143 313 113 317 192 224 140 290 260 158 167 292 159 192 246 248 182 253 279 191 302 145 254 162 226 0 188 218 215 275 158 286 146 273 125 242 210 320 194 352 240 193 241 338 236 103 277 268 168 214 235 263 217 306 293 329 292 297 182 243 211 233 270 245 298 111 220 283 260 
92 133 147 90 99 3 32 25 27 74 24 20 45 170 103 96 47 145 73 121 109 107 105 178 115 114 108 115 100 104 213 185 169 242 195 43 231 96 212 130 9 153 179 101 65 42 188 149 136 42 166 160 61 50 64 160 164 125 73 82 172 156 38 56 88 27 75 187 126 10 187 181 138 205 186 157 172 33 43 69 105 187 142 89 231 146 75 166 197 58 146 156 124 87 41 190 180 118 166 39 56 198 160 119 73 211 112 90 37 115 156 61 174 36 119 110 93 47 95 67 119 135 36 165 39 112 85 61 93 100 90 41 96 100 244 110 80 54 136 122 52 75 178 170 155 158 105 37 80 205 236 150 72 205 143 129 27 227 116 120 73 141 156 50 144 94 70 144 118 65 107 48 185 170 122 77 98 162 132 145 168 58 154 197 96 99 72 53 161 113 172 69 180 185 8 170 198 192 90 155 180 115 132 102 107 113 90 49 87 73 89 36 78 132 187 200 37 205 160 39 60 134 50 31 115 160 108 76 49 241 140 192 68 91 101 114 165 167 106 89 93 163 87 106 151 45 158 107 123 128 133 118 28 69 25 87 159 118 72 76 128 73 172 115 139 62 170 182 13 177 115 85 106 87 193 131 52 165 83 101 120 55 190 98 69 102 47 28 21 175 35 69 57 39 15 46 176 152 93 74 120 179 172 70 214 6 59 176 224 117 119 157 47 63 236 101 80 67 99 39 89 102 31 115 161 70 39 85 81 159 154 93 118 104 59 79 234 140 172 48 174 116 192 211 106 32 69 119 53 8 70 96 135 157 32 59 103 162 224 60 100 108 188 211 90 188 113 111 93 123 29 125 166 224 82 182 82 104 122 120 150 27 82 79 40 69 50 40 70 77 130 118 177 45 77 128 68 111 103 47 122 174 148 146 179 236 57 27 60 82 161 88 198 94 101 122 59 26 91 179 49 48 66 62 149 142 52 165 120 186 78 139 131 109 135 188 42 136 108 78 154 159 110 155 184 64 66 178 71 97 183 120 141 246 154 44 188 0 36 207 93 154 104 142 91 121 60 28 138 12 170 58 189 59 156 54 95 95 86 164 32 53 81 209 124 111 147 110 115 178 61 207 51 88 63 116 107 38 101 78 
122 163 177 120 129 33 28 13 21 104 12 40 75 200 91 116 77 175 67 117 129 95 135 208 145 144 138 135 130 92 243 215 199 272 225 39 261 116 242 160 39 183 209 131 59 30 218 179 166 72 196 190 91 46 84 190 194 155 93 78 202 186 68 86 108 15 69 217 156 40 217 211 168 235 216 187 202 27 63 99 135 217 172 85 261 176 63 196 227 88 176 186 154 117 35 220 210 106 196 69 44 228 190 149 93 241 142 84 33 111 186 81 204 24 149 130 81 35 125 55 113 165 66 195 59 142 73 91 89 130 120 71 126 130 274 130 110 42 166 152 40 105 208 200 185 188 135 25 110 235 266 180 66 235 173 159 15 257 146 150 93 171 186 38 174 114 100 174 138 85 137 68 215 200 152 97 86 192 162 175 198 88 184 227 92 129 102 41 191 143 202 57 210 215 38 200 228 222 84 185 210 145 162 90 95 143 84 45 81 103 85 24 108 162 217 230 33 235 190 27 48 164 46 19 103 190 138 106 79 271 170 222 64 121 95 102 195 197 136 109 123 193 107 126 181 39 188 103 153 158 163 112 16 57 13 117 189 148 60 64 158 69 202 103 169 50 200 212 43 207 145 105 136 117 223 161 82 195 113 131 150 85 220 86 99 90 67 16 41 205 31 57 45 33 45 40 206 182 113 94 108 209 202 100 244 36 47 206 254 147 149 187 77 59 266 121 110 55 119 35 119 132 25 103 191 100 59 73 69 189 184 89 106 100 89 67 264 170 202 68 204 146 222 241 94 20 65 149 73 38 64 126 165 187 26 53 99 192 254 56 120 96 218 241 84 218 101 141 123 111 17 155 196 254 76 212 78 134 152 114 180 15 102 67 28 99 80 28 64 73 160 148 207 33 65 158 88 141 133 77 152 204 178 176 209 266 45 15 56 102 191 76 228 124 131 110 89 14 85 209 43 78 96 56 179 172 82 195 150 216 66 169 161 139 165 218 72 166 128 72 184 189 98 185 214 94 62 208 59 117 213 116 171 276 184 64 218 36 0 237 123 184 124 172 111 151 90 22 168 42 200 46 219 47 186 42 125 91 80 194 20 47 111 239 112 107 177 106 103 208 91 237 81 76 93 110 137 68 121 66 
119 108 60 117 122 204 233 226 228 275 225 221 246 197 304 297 248 172 274 322 310 308 132 153 138 315 309 316 301 305 126 212 192 155 170 244 206 297 187 331 210 128 154 302 266 243 215 350 159 243 189 187 262 251 265 183 191 152 274 283 373 183 239 257 289 228 276 214 327 211 214 156 165 180 209 70 195 234 244 270 306 210 169 290 206 121 276 193 110 259 169 183 325 288 242 103 93 319 193 240 257 221 135 320 274 186 313 291 238 316 183 262 201 237 320 311 294 248 296 268 320 110 237 78 240 313 286 262 294 127 291 242 123 301 157 311 281 255 337 145 253 276 201 197 130 185 132 238 281 118 149 125 273 180 166 330 228 202 143 321 274 342 183 251 171 295 271 119 319 266 130 249 212 197 149 278 299 189 155 346 81 259 181 110 297 300 273 254 188 140 85 270 207 98 209 83 111 105 291 356 93 142 333 303 308 140 291 250 288 274 290 237 279 333 210 175 238 180 187 240 261 157 251 232 316 73 131 277 250 154 115 105 269 292 302 315 192 142 307 290 120 364 288 307 174 246 71 308 150 155 156 319 229 270 226 288 360 319 273 277 151 274 199 316 166 263 145 205 214 204 138 286 307 288 106 158 253 192 284 128 321 256 103 299 270 303 248 229 222 150 236 270 258 240 216 247 203 127 294 275 321 206 199 271 189 207 260 89 137 144 146 184 248 264 149 302 281 268 300 240 290 303 232 316 136 271 240 286 282 134 181 294 319 305 260 280 147 341 199 249 149 143 167 186 307 233 270 146 254 209 271 123 110 358 233 260 304 75 199 261 301 309 211 186 291 163 314 134 294 324 230 326 189 199 283 209 283 305 323 321 177 228 283 280 241 270 251 241 271 278 331 145 200 246 278 155 269 312 304 248 323 149 123 347 92 149 258 228 261 283 74 289 111 295 302 323 260 227 292 206 250 249 267 263 124 343 253 192 321 99 279 114 332 136 336 211 243 163 309 279 181 186 311 178 97 265 267 205 272 298 96 321 164 159 67 245 215 207 237 0 294 181 305 169 292 148 261 229 339 213 371 259 212 260 357 255 122 296 287 187 233 254 282 122 325 312 348 311 316 201 262 182 252 289 264 317 130 239 302 279 
179 220 234 177 186 90 116 112 114 161 111 107 48 257 190 183 134 232 160 205 196 194 192 265 202 201 195 202 187 191 300 272 256 329 282 127 318 183 299 133 96 240 266 188 152 129 275 236 223 129 253 247 64 134 151 247 251 212 160 166 259 243 125 143 175 114 162 274 213 97 274 268 225 292 273 244 259 120 130 156 192 274 229 173 318 233 162 253 284 61 233 243 211 174 128 277 267 205 253 126 143 285 247 206 160 298 199 177 121 199 243 148 261 123 206 197 180 134 182 154 206 222 123 252 126 115 172 148 177 187 177 128 183 103 331 197 167 141 139 209 139 162 265 257 242 245 192 124 167 292 323 237 159 292 230 132 114 314 203 207 160 144 243 137 231 181 73 231 205 152 194 135 272 257 209 164 185 249 219 232 255 145 241 284 180 102 159 140 248 200 259 156 267 272 95 257 285 279 177 242 267 202 135 189 194 200 177 133 174 160 173 123 165 219 274 287 121 292 247 126 147 221 134 118 202 247 195 79 136 328 227 279 152 94 188 201 252 254 193 176 180 250 174 193 238 132 245 191 210 215 220 205 115 156 112 174 246 205 159 163 215 157 259 202 226 149 257 269 100 264 202 172 109 174 280 218 139 252 86 188 123 58 277 185 72 189 134 115 108 262 119 156 144 126 102 133 263 239 180 161 207 266 259 157 301 93 146 263 311 204 206 244 134 147 323 188 167 154 186 123 176 105 118 202 248 73 126 172 168 246 241 177 205 188 146 166 321 143 259 135 261 203 279 298 193 119 153 206 140 95 157 183 222 244 119 146 187 249 311 144 187 195 275 298 177 275 200 198 96 210 116 128 253 311 169 269 166 191 125 207 237 114 169 166 127 156 53 127 157 161 133 205 264 132 164 215 155 114 106 50 209 261 235 233 266 323 144 114 144 169 248 175 285 181 104 209 62 113 178 266 136 135 153 149 236 229 139 252 207 273 165 226 218 196 222 275 129 223 195 165 241 246 197 242 271 67 150 265 158 184 270 204 228 333 241 131 275 93 123 294 0 241 191 229 178 208 147 115 225 99 257 145 276 146 243 141 182 179 173 251 119 140 168 296 211 195 234 194 202 265 148 294 138 175 66 203 194 125 188 165 
62 103 121 64 69 151 180 173 175 222 172 168 193 140 251 244 195 119 221 269 257 255 75 148 85 262 256 263 248 252 187 155 139 216 165 191 201 244 182 278 157 123 149 249 213 190 162 297 106 190 136 130 209 198 212 130 138 95 221 230 320 126 186 204 236 175 223 157 274 158 161 151 108 175 156 131 142 181 191 217 253 157 112 237 201 116 223 140 171 206 116 130 272 235 189 164 154 266 136 187 204 168 130 267 221 181 260 238 185 263 130 209 144 184 267 258 241 195 243 215 267 105 184 139 187 260 233 209 241 74 238 189 70 248 218 258 228 202 284 92 200 223 148 144 125 132 79 185 228 179 210 120 220 175 113 277 175 197 86 268 221 289 130 198 118 242 218 114 266 213 77 196 159 144 92 225 246 136 102 293 142 206 128 171 244 247 220 201 131 87 146 217 154 159 156 144 172 166 238 303 154 85 280 250 255 87 238 197 235 221 237 184 226 280 157 170 185 175 134 187 208 104 198 179 263 134 78 224 197 215 110 166 216 239 249 262 135 137 254 237 63 311 235 254 121 193 132 255 97 102 103 266 176 217 173 235 307 266 220 224 98 221 146 263 109 210 140 152 161 147 85 233 254 235 167 101 200 135 231 71 268 203 164 246 217 250 195 176 169 145 183 217 205 187 163 194 150 122 241 222 268 149 146 218 184 154 207 150 198 87 89 127 195 211 210 249 228 215 247 187 237 250 179 263 131 218 187 233 229 129 124 241 266 252 207 227 208 288 146 196 144 86 162 181 254 180 217 89 201 156 218 66 105 305 180 207 251 136 194 208 248 256 158 181 238 158 261 81 241 271 177 273 136 194 230 156 230 252 270 268 124 175 230 227 188 217 198 188 218 225 278 88 147 193 225 98 216 259 251 195 270 144 118 294 153 210 205 175 208 230 135 236 172 242 249 270 207 174 239 149 197 196 214 210 119 290 200 139 268 160 226 109 279 79 283 158 190 106 256 226 124 133 258 125 158 212 214 148 219 245 157 268 111 220 128 192 158 154 184 181 241 0 252 112 239 91 208 176 286 160 318 206 159 207 304 202 69 243 234 134 180 201 229 183 272 259 295 258 263 148 209 177 199 236 211 264 77 186 249 226 
190 231 245 188 197 101 96 111 103 172 112 84 143 268 191 160 145 243 149 185 173 195 203 276 213 212 206 179 198 192 311 283 267 340 293 107 329 160 310 228 107 251 277 199 141 128 286 247 234 140 264 258 159 114 128 258 262 223 137 146 270 254 136 154 152 113 151 285 224 108 285 279 236 303 284 255 270 109 107 167 203 285 240 153 329 244 163 264 295 156 244 254 222 185 117 288 278 204 264 137 144 296 258 217 137 309 210 166 101 179 254 125 272 124 217 174 179 133 193 153 195 233 134 263 103 210 171 159 157 198 188 139 194 198 342 174 178 140 234 220 140 173 276 268 253 256 203 125 178 303 334 248 148 303 241 227 113 325 214 218 137 239 254 136 242 158 168 242 182 129 205 112 283 268 220 141 184 260 230 243 266 156 252 295 160 197 170 141 259 211 270 155 278 283 106 268 296 290 166 253 278 213 230 190 193 211 166 113 163 171 153 124 176 230 285 298 101 303 258 127 146 232 114 117 201 258 206 174 147 339 238 290 132 189 177 202 263 265 204 153 191 261 151 170 249 121 256 171 221 226 231 194 116 155 113 185 257 216 158 162 226 137 270 201 237 148 268 280 111 275 213 149 204 185 291 229 150 263 181 199 218 153 288 184 167 188 111 114 85 273 99 157 145 115 113 122 274 250 157 138 206 277 270 168 312 104 147 274 322 215 217 255 145 127 334 165 178 153 163 103 187 200 107 201 259 168 103 171 169 257 252 157 206 168 157 165 332 238 270 112 272 214 290 309 192 120 133 217 117 106 146 194 233 255 108 135 167 260 322 124 164 194 286 309 166 286 201 209 191 209 115 223 264 322 158 280 146 202 220 196 248 113 146 167 126 167 148 126 146 141 228 216 275 133 165 226 132 209 201 145 220 272 246 244 277 334 145 115 124 146 259 176 296 192 199 208 157 112 167 277 125 146 164 138 247 240 150 263 218 284 166 237 229 207 233 286 140 234 172 154 252 257 196 253 282 162 130 276 157 161 281 184 239 344 252 108 286 104 124 305 191 252 0 240 155 219 158 104 236 110 268 144 287 145 254 142 193 159 162 262 120 129 179 307 210 175 245 174 201 276 159 305 149 174 161 192 205 136 165 166 
50 91 109 52 57 139 168 161 163 210 160 156 181 128 239 232 183 107 209 257 245 243 63 136 73 250 244 251 236 240 175 143 127 204 153 179 189 232 170 266 145 111 137 237 201 178 150 285 94 178 124 118 197 186 200 118 126 83 209 218 308 114 174 192 224 163 211 145 262 146 149 139 96 163 144 119 130 169 179 205 241 145 100 225 189 104 211 128 159 194 104 118 260 223 177 152 142 254 124 175 192 156 118 255 209 169 248 226 173 251 118 197 132 172 255 246 229 183 231 203 255 93 172 127 175 248 221 197 229 62 226 177 58 236 206 246 216 190 272 80 188 211 136 132 113 120 67 173 216 167 198 108 208 163 101 265 163 185 74 256 209 277 118 186 106 230 206 102 254 201 65 184 147 132 80 213 234 124 90 281 130 194 116 159 232 235 208 189 119 75 134 205 142 147 144 132 160 154 226 291 142 73 268 238 243 75 226 185 223 209 225 172 214 268 145 158 173 163 122 175 196 92 186 167 251 122 66 212 185 203 98 154 204 227 237 250 123 125 242 225 51 299 223 242 109 181 120 243 85 90 91 254 164 205 161 223 295 254 208 212 86 209 134 251 97 198 128 140 149 135 73 221 242 223 155 89 188 123 219 59 256 191 152 234 205 238 183 164 157 133 171 205 193 175 151 182 138 110 229 210 256 137 134 206 172 142 195 138 186 75 77 115 183 199 198 237 216 203 235 175 225 238 167 251 119 206 175 221 217 117 112 229 254 240 195 215 196 276 134 184 132 74 150 169 242 168 205 77 189 144 206 54 93 293 168 195 239 124 182 196 236 244 146 169 226 146 249 69 229 259 165 261 124 182 218 144 218 240 258 256 112 163 218 215 176 205 186 176 206 213 266 76 135 181 213 86 204 247 239 183 258 132 106 282 141 198 193 163 196 218 123 224 160 230 237 258 195 162 227 137 185 184 202 198 107 278 188 127 256 148 214 97 267 67 271 146 178 94 244 214 112 121 246 113 146 200 202 136 207 233 145 256 99 208 116 180 146 142 172 169 229 112 240 0 227 79 196 164 274 148 306 194 147 195 292 190 57 231 222 122 168 189 217 171 260 247 283 246 251 136 197 165 187 224 199 252 65 174 237 214 
177 218 232 175 184 88 83 98 90 159 99 71 130 255 178 147 132 230 136 172 160 182 190 263 200 199 193 166 185 179 298 270 254 327 280 94 316 147 297 215 94 238 264 186 128 115 273 234 221 127 251 245 146 101 115 245 249 210 124 133 257 241 123 141 139 100 138 272 211 95 272 266 223 290 271 242 257 96 94 154 190 272 227 140 316 231 150 251 282 143 231 241 209 172 104 275 265 191 251 124 131 283 245 204 124 296 197 153 88 166 241 112 259 111 204 161 166 120 180 140 182 220 121 250 90 197 158 146 144 185 175 126 181 185 329 161 165 127 221 207 127 160 263 255 240 243 190 112 165 290 321 235 135 290 228 214 100 312 201 205 124 226 241 123 229 145 155 229 169 116 192 99 270 255 207 128 171 247 217 230 253 143 239 282 147 184 157 128 246 198 257 142 265 270 93 255 283 277 153 240 265 200 217 177 180 198 153 100 150 158 140 111 163 217 272 285 88 290 245 114 133 219 101 104 188 245 193 161 134 326 225 277 119 176 164 189 250 252 191 140 178 248 138 157 236 108 243 158 208 213 218 181 103 142 100 172 244 203 145 149 213 124 257 188 224 135 255 267 98 262 200 136 191 172 278 216 137 250 168 186 205 140 275 171 154 175 98 101 72 260 86 144 132 102 100 109 261 237 144 125 193 264 257 155 299 91 134 261 309 202 204 242 132 114 321 152 165 140 150 90 174 187 94 188 246 155 90 158 156 244 239 144 193 155 144 152 319 225 257 99 259 201 277 296 179 107 120 204 104 93 133 181 220 242 95 122 154 247 309 111 151 181 273 296 153 273 188 196 178 196 102 210 251 309 145 267 133 189 207 183 235 100 133 154 113 154 135 113 133 128 215 203 262 120 152 213 119 196 188 132 207 259 233 231 264 321 132 102 111 133 246 163 283 179 186 195 144 99 154 264 112 133 151 125 234 227 137 250 205 271 153 224 216 194 220 273 127 221 159 141 239 244 183 240 269 149 117 263 144 148 268 171 226 331 239 95 273 91 111 292 178 239 155 227 0 206 145 91 223 97 255 131 274 132 241 129 180 146 149 249 107 116 166 294 197 162 232 161 188 263 146 292 136 161 148 179 192 123 152 153 
29 70 88 31 36 118 147 140 142 189 139 135 160 107 218 211 162 86 188 236 224 222 42 115 52 229 223 230 215 219 154 122 106 183 132 158 168 211 149 245 124 90 116 216 180 157 129 264 73 157 103 97 176 165 179 97 105 62 188 197 287 93 153 171 203 142 190 124 241 125 128 118 75 142 123 98 109 148 158 184 220 124 79 204 168 83 190 107 138 173 83 97 239 202 156 131 121 233 103 154 171 135 97 234 188 148 227 205 152 230 97 176 111 151 234 225 208 162 210 182 234 72 151 106 154 227 200 176 208 41 205 156 37 215 185 225 195 169 251 59 167 190 115 111 92 99 46 152 195 146 177 87 187 142 80 244 142 164 53 235 188 256 97 165 85 209 185 81 233 180 44 163 126 111 59 192 213 103 69 260 109 173 95 138 211 214 187 168 98 54 113 184 121 126 123 111 139 133 205 270 121 52 247 217 222 54 205 164 202 188 204 151 193 247 124 137 152 142 101 154 175 71 165 146 230 101 45 191 164 182 77 133 183 206 216 229 102 104 221 204 30 278 202 221 88 160 99 222 64 69 70 233 143 184 140 202 274 233 187 191 65 188 113 230 76 177 107 119 128 114 52 200 221 202 134 68 167 102 198 38 235 170 131 213 184 217 162 143 136 112 150 184 172 154 130 161 117 89 208 189 235 116 113 185 151 121 174 117 165 54 56 94 162 178 177 216 195 182 214 154 204 217 146 230 98 185 154 200 196 96 91 208 233 219 174 194 175 255 113 163 111 53 129 148 221 147 184 56 168 123 185 33 72 272 147 174 218 103 161 175 215 223 125 148 205 125 228 48 208 238 144 240 103 161 197 123 197 219 237 235 91 142 197 194 155 184 165 155 185 192 245 55 114 160 192 65 183 226 218 162 237 111 85 261 120 177 172 142 175 197 102 203 139 209 216 237 174 141 206 116 164 163 181 177 86 257 167 106 235 127 193 76 246 46 250 125 157 73 223 193 91 100 225 92 125 179 181 115 186 212 124 235 78 187 95 159 125 121 151 148 208 91 219 79 206 0 175 143 253 127 285 173 126 174 271 169 36 210 201 101 147 168 196 150 239 226 262 225 230 115 176 144 166 203 178 231 44 153 216 193 
146 187 201 144 153 57 86 79 81 128 78 74 99 224 157 150 101 199 127 175 163 161 159 232 169 168 162 169 154 158 267 239 223 296 249 97 285 150 266 184 63 207 233 155 119 96 242 203 190 96 220 214 115 104 118 214 218 179 127 136 226 210 92 110 142 81 129 241 180 64 241 235 192 259 240 211 226 87 97 123 159 241 196 143 285 200 129 220 251 112 200 210 178 141 95 244 234 172 220 93 110 252 214 173 127 265 166 144 91 169 210 115 228 90 173 164 147 101 149 121 173 189 90 219 93 166 139 115 147 154 144 95 150 154 298 164 134 108 190 176 106 129 232 224 209 212 159 91 134 259 290 204 126 259 197 183 81 281 170 174 127 195 210 104 198 148 124 198 172 119 161 102 239 224 176 131 152 216 186 199 222 112 208 251 150 153 126 107 215 167 226 123 234 239 62 224 252 246 144 209 234 169 186 156 161 167 144 103 141 127 143 90 132 186 241 254 91 259 214 93 114 188 104 85 169 214 162 130 103 295 194 246 122 145 155 168 219 221 160 143 147 217 141 160 205 99 212 161 177 182 187 172 82 123 79 141 213 172 126 130 182 127 226 169 193 116 224 236 67 231 169 139 160 141 247 185 106 219 137 155 174 109 244 152 123 156 101 82 75 229 89 123 111 93 69 100 230 206 147 128 174 233 226 124 268 60 113 230 278 171 173 211 101 117 290 155 134 121 153 93 143 156 85 169 215 124 93 139 135 213 208 147 172 158 113 133 288 194 226 102 228 170 246 265 160 86 123 173 107 62 124 150 189 211 86 113 157 216 278 114 154 162 242 265 144 242 167 165 147 177 83 179 220 278 136 236 136 158 176 174 204 81 136 133 94 123 104 94 124 131 184 172 231 99 131 182 122 165 157 101 176 228 202 200 233 290 111 81 114 136 215 142 252 148 155 176 113 80 145 233 103 102 120 116 203 196 106 219 174 240 132 193 185 163 189 242 96 190 162 132 208 213 164 209 238 118 120 232 125 151 237 174 195 300 208 98 242 60 90 261 147 208 158 196 145 175 0 82 192 66 224 112 243 113 210 108 149 149 140 218 86 107 135 263 178 165 201 164 169 232 115 261 105 142 117 170 161 92 155 132 
114 155 169 112 121 25 8 9 1 84 10 20 67 192 89 96 69 167 47 97 109 93 127 200 137 124 118 115 110 90 235 207 191 264 217 19 253 96 234 152 31 175 201 111 39 26 210 159 158 64 188 182 83 26 64 182 186 147 73 58 182 178 60 78 88 11 49 209 136 32 209 203 160 227 208 179 194 7 43 91 115 209 164 65 253 168 61 188 219 80 168 178 134 97 15 212 202 102 188 61 42 220 182 129 73 233 122 64 13 91 178 61 196 22 129 110 77 31 117 51 93 157 58 187 39 134 69 83 69 122 100 63 118 122 266 110 102 38 158 144 38 97 200 192 177 180 127 23 102 227 258 172 46 227 165 151 11 249 138 130 73 163 178 34 166 94 92 166 118 65 129 48 207 192 144 77 82 184 154 155 190 80 176 219 72 121 94 39 183 135 194 53 202 207 30 192 220 214 64 165 202 137 154 88 91 135 64 25 61 95 65 22 88 142 209 222 13 227 182 25 44 156 26 15 99 182 130 98 71 263 162 214 44 113 75 100 187 189 116 89 115 173 87 106 173 19 180 83 145 150 155 92 14 53 11 97 169 128 56 60 150 49 194 99 161 46 192 204 35 199 137 85 128 109 215 153 74 187 105 123 142 77 212 82 91 86 47 12 21 197 11 55 43 13 37 20 198 174 93 74 104 201 194 92 236 28 45 198 246 139 141 179 69 39 258 101 90 51 99 15 111 124 5 99 183 92 39 69 67 181 176 69 104 80 81 63 256 162 194 48 196 138 214 233 90 18 45 141 53 30 44 118 157 167 6 33 79 184 246 36 100 92 210 233 64 210 99 133 115 107 13 147 188 246 56 204 58 114 144 94 172 11 82 65 24 91 72 24 44 53 152 140 199 31 63 150 68 133 125 69 132 196 170 156 201 258 43 13 36 82 183 74 220 116 123 106 81 10 65 201 23 70 88 36 171 152 74 187 130 208 64 161 141 131 145 210 64 158 108 52 176 181 94 177 206 86 42 200 55 97 205 96 163 268 176 44 210 28 22 229 115 176 104 164 91 143 82 0 148 34 180 42 211 43 166 40 117 71 60 186 18 27 91 231 108 87 157 86 99 200 83 229 73 72 85 90 129 60 101 64 
224 265 279 222 231 135 140 155 147 64 156 152 177 302 235 228 179 277 193 229 241 239 237 310 247 104 98 247 90 236 345 317 301 374 327 151 363 228 344 262 141 285 311 91 185 172 320 139 268 174 298 292 193 158 196 292 296 257 205 190 162 288 170 188 220 157 195 319 116 142 319 313 270 337 318 289 304 153 175 201 95 319 274 197 363 278 207 298 329 190 278 288 114 77 161 322 312 248 298 171 188 330 292 109 205 343 102 210 145 223 288 193 306 168 109 242 223 177 227 197 239 267 168 297 171 244 215 193 201 232 80 173 228 232 376 242 212 184 268 254 184 207 310 302 287 290 237 169 212 337 368 282 192 337 275 261 157 359 248 110 205 273 288 180 276 226 202 276 250 197 239 180 317 302 254 209 228 294 264 135 300 190 286 329 204 231 204 185 293 245 304 199 312 317 140 302 330 324 210 145 312 247 264 234 237 245 210 157 207 205 197 168 68 122 319 332 145 337 292 171 190 266 158 161 245 292 240 208 181 373 272 324 176 223 221 246 297 299 96 221 225 153 219 238 283 165 290 215 255 260 265 238 160 199 157 77 149 108 202 206 260 181 304 245 271 192 302 314 145 309 247 217 238 219 325 263 184 297 215 233 252 187 322 228 201 232 179 158 153 307 143 201 189 159 147 166 308 284 225 206 250 311 304 202 346 138 191 308 356 249 251 289 179 171 368 233 70 197 231 147 221 234 151 245 293 202 171 215 213 291 286 201 250 212 191 209 366 272 304 180 306 248 324 343 236 164 177 251 185 140 190 228 267 147 152 179 211 294 356 168 232 238 320 343 210 320 245 243 225 253 159 257 298 356 202 314 190 94 254 240 282 157 214 211 170 201 182 170 190 185 262 250 309 177 209 260 200 243 235 179 112 306 280 136 311 368 189 159 168 214 293 220 330 226 233 252 191 156 211 311 169 180 198 182 281 132 184 297 110 318 210 271 121 241 125 320 174 268 240 198 286 291 240 287 316 196 174 310 201 229 315 228 273 378 286 176 320 138 168 339 225 286 236 274 223 253 192 148 0 144 160 188 321 189 146 186 227 203 206 296 164 173 71 341 254 219 137 218 245 310 193 339 183 218 195 236 239 170 233 210 
98 139 153 96 105 9 38 31 33 80 30 26 51 176 109 102 53 151 79 127 115 113 111 184 121 120 114 121 106 110 219 191 175 248 201 49 237 102 218 136 15 159 185 107 71 48 194 155 142 48 172 166 67 56 70 166 170 131 79 88 178 162 44 62 94 33 81 193 132 16 193 187 144 211 192 163 178 39 49 75 111 193 148 95 237 152 81 172 203 64 152 162 130 93 47 196 186 124 172 45 62 204 166 125 79 217 118 96 43 121 162 67 180 42 125 116 99 53 101 73 125 141 42 171 45 118 91 67 99 106 96 47 102 106 250 116 86 60 142 128 58 81 184 176 161 164 111 43 86 211 242 156 78 211 149 135 33 233 122 126 79 147 162 56 150 100 76 150 124 71 113 54 191 176 128 83 104 168 138 151 174 64 160 203 102 105 78 59 167 119 178 75 186 191 14 176 204 198 96 161 186 121 138 108 113 119 96 55 93 79 95 42 84 138 193 206 43 211 166 45 66 140 56 37 121 166 114 82 55 247 146 198 74 97 107 120 171 173 112 95 99 169 93 112 157 51 164 113 129 134 139 124 34 75 31 93 165 124 78 82 134 79 178 121 145 68 176 188 19 183 121 91 112 93 199 137 58 171 89 107 126 61 196 104 75 108 53 34 27 181 41 75 63 45 21 52 182 158 99 80 126 185 178 76 220 12 65 182 230 123 125 163 53 69 242 107 86 73 105 45 95 108 37 121 167 76 45 91 87 165 160 99 124 110 65 85 240 146 178 54 180 122 198 217 112 38 75 125 59 14 76 102 141 163 38 65 109 168 230 66 106 114 194 217 96 194 119 117 99 129 35 131 172 230 88 188 88 110 128 126 156 33 88 85 46 75 56 46 76 83 136 124 183 51 83 134 74 117 109 53 128 180 154 152 185 242 63 33 66 88 167 94 204 100 107 128 65 32 97 185 55 54 72 68 155 148 58 171 126 192 84 145 137 115 141 194 48 142 114 84 160 165 116 161 190 70 72 184 77 103 189 126 147 252 160 50 194 12 42 213 99 160 110 148 97 127 66 34 144 0 176 64 195 65 162 60 101 101 92 170 38 59 87 215 130 117 153 116 121 184 67 213 57 94 69 122 113 44 107 84 
256 297 311 254 263 167 172 187 179 96 188 184 209 334 267 260 211 309 225 261 273 271 269 342 279 136 130 279 122 268 377 349 333 406 359 183 395 260 376 294 173 317 343 123 217 204 352 171 300 206 330 324 225 190 228 324 328 289 237 222 194 320 202 220 252 189 227 351 148 174 351 345 302 369 350 321 336 185 207 233 127 351 306 229 395 310 239 330 361 222 310 320 146 109 193 354 344 280 330 203 220 362 324 141 237 375 134 242 177 255 320 225 338 200 141 274 255 209 259 229 271 299 200 329 203 276 247 225 233 264 112 205 260 264 408 274 244 216 300 286 216 239 342 334 319 322 269 201 244 369 400 314 224 369 307 293 189 391 280 142 237 305 320 212 308 258 234 308 282 229 271 212 349 334 286 241 260 326 296 167 332 222 318 361 236 263 236 217 325 277 336 231 344 349 172 334 362 356 242 177 344 279 296 266 269 277 242 189 239 237 229 200 100 154 351 364 177 369 324 203 222 298 190 193 277 324 272 240 213 405 304 356 208 255 253 278 329 331 128 253 257 185 251 270 315 197 322 247 287 292 297 270 192 231 189 109 181 140 234 238 292 213 336 277 303 224 334 346 177 341 279 249 270 251 357 295 216 329 247 265 284 219 354 260 233 264 211 190 185 339 175 233 221 191 179 198 340 316 257 238 282 343 336 234 378 170 223 340 388 281 283 321 211 203 400 265 102 229 263 179 253 266 183 277 325 234 203 247 245 323 318 233 282 244 223 241 398 304 336 212 338 280 356 375 268 196 209 283 217 172 222 260 299 179 184 211 243 326 388 200 264 270 352 375 242 352 277 275 257 285 191 289 330 388 234 346 222 126 286 272 314 189 246 243 202 233 214 202 222 217 294 282 341 209 241 292 232 275 267 211 144 338 312 168 343 400 221 191 200 246 325 252 362 258 265 284 223 188 243 343 201 212 230 214 313 164 216 329 142 350 242 303 153 273 157 352 206 300 272 230 318 323 272 319 348 228 206 342 233 261 347 260 305 410 318 208 352 170 200 371 257 318 268 306 255 285 224 180 160 176 0 220 353 221 178 218 259 235 238 328 196 205 103 373 286 251 169 250 277 342 225 371 215 250 227 268 271 202 265 242 
144 185 199 142 151 55 48 33 41 124 34 60 97 222 113 136 99 197 87 137 149 117 157 230 167 164 158 155 150 114 265 237 221 294 247 59 283 136 264 182 61 205 231 151 79 50 240 199 188 94 218 212 113 66 104 212 216 177 113 98 222 208 90 108 128 35 89 239 176 62 239 233 190 257 238 209 224 47 83 121 155 239 194 105 283 198 85 218 249 110 198 208 174 137 55 242 232 126 218 91 66 250 212 169 113 263 162 104 53 131 208 101 226 46 169 150 101 55 147 75 133 187 88 217 79 164 93 113 109 152 140 93 148 152 296 150 132 62 188 174 62 127 230 222 207 210 157 47 132 257 288 202 86 257 195 181 35 279 168 170 113 193 208 58 196 134 122 196 158 105 159 88 237 222 174 117 106 214 184 195 220 110 206 249 112 151 124 63 213 165 224 77 232 237 60 222 250 244 104 205 232 167 184 112 115 165 104 65 101 125 105 46 128 182 239 252 53 257 212 49 68 186 66 39 123 212 160 128 101 293 192 244 84 143 115 124 217 219 156 129 145 213 127 146 203 59 210 123 175 180 185 132 38 77 35 137 209 168 80 84 180 89 224 123 191 70 222 234 65 229 167 125 158 139 245 183 104 217 135 153 172 107 242 106 121 110 87 36 61 227 51 79 67 53 67 60 228 204 133 114 128 231 224 122 266 58 69 228 276 169 171 209 99 79 288 141 130 75 139 55 141 154 45 123 213 122 79 93 91 211 206 109 128 120 111 87 286 192 224 88 226 168 244 263 114 42 85 171 93 60 84 148 187 207 46 73 119 214 276 76 140 116 240 263 104 240 123 163 145 131 37 177 218 276 96 234 98 154 174 134 202 35 122 89 48 121 102 48 84 93 182 170 229 55 87 180 108 163 155 99 172 226 200 196 231 288 67 37 76 122 213 98 250 146 153 130 111 34 105 231 63 100 118 76 201 192 104 217 170 238 88 191 181 161 185 240 94 188 148 92 206 211 118 207 236 116 82 230 79 137 235 136 193 298 206 84 240 58 46 259 145 206 144 194 131 173 112 42 188 64 220 0 241 67 206 64 147 111 100 216 42 67 131 261 132 127 197 126 123 230 113 259 103 96 115 130 159 90 141 88 
97 124 152 99 90 186 215 208 210 257 207 203 228 175 286 279 230 154 256 304 292 290 110 169 106 297 291 298 283 287 218 190 160 247 186 226 222 279 203 313 192 144 170 284 248 225 197 332 127 225 157 165 244 233 247 151 173 130 256 265 355 161 221 239 271 210 258 192 309 193 196 172 143 196 177 162 163 216 226 252 288 178 147 272 222 137 258 175 202 241 137 165 307 270 224 195 185 301 171 222 239 189 151 302 256 202 295 273 220 298 165 244 179 219 302 293 276 230 278 250 302 126 219 170 222 295 268 244 276 109 273 224 105 283 249 293 263 237 319 113 235 258 169 179 146 167 114 220 263 210 241 141 255 196 134 312 210 218 121 303 256 324 165 233 153 277 253 135 301 248 98 231 194 179 127 260 281 171 123 328 173 241 163 202 279 282 255 236 166 122 177 252 189 190 191 175 203 197 273 338 185 120 315 285 290 122 273 232 270 256 272 219 261 315 178 191 220 196 169 222 243 125 233 214 298 165 99 259 232 246 131 197 251 274 284 297 170 158 289 272 98 346 270 289 142 228 163 290 132 137 124 301 211 252 208 270 342 301 255 259 119 256 181 298 144 245 161 173 196 182 106 268 289 270 198 136 235 170 266 106 303 238 195 281 252 285 230 211 204 166 218 252 240 222 198 229 185 143 276 257 303 184 181 253 205 189 242 181 229 122 124 162 230 246 241 284 263 250 282 222 272 285 214 298 152 253 222 268 264 150 159 276 301 287 242 262 239 323 181 231 165 121 183 202 289 215 252 124 236 191 253 101 126 340 215 242 286 167 215 243 283 291 179 202 273 179 296 102 276 306 212 308 157 215 265 191 265 287 305 303 159 210 265 262 223 252 233 223 253 260 313 123 168 228 260 133 251 294 286 230 305 165 139 329 184 241 240 210 243 265 166 271 203 277 284 305 242 209 274 184 232 231 249 245 140 325 235 174 303 191 261 130 314 114 318 179 225 141 291 261 159 168 293 146 189 247 249 183 254 280 188 303 132 251 159 227 193 189 219 212 276 159 287 147 274 126 243 211 321 195 353 241 0 242 339 237 104 278 269 155 215 236 264 214 307 294 330 293 298 169 244 198 234 271 246 299 98 221 284 261 
145 186 200 143 152 56 49 34 42 125 35 61 98 223 114 137 100 198 88 138 150 118 158 231 168 165 159 156 151 115 266 238 222 295 248 60 284 137 265 183 62 206 232 152 80 51 241 200 189 95 219 213 114 67 105 213 217 178 114 99 223 209 91 109 129 36 90 240 177 63 240 234 191 258 239 210 225 48 84 122 156 240 195 106 284 199 86 219 250 111 199 209 175 138 56 243 233 127 219 92 67 251 213 170 114 264 163 105 54 132 209 102 227 47 170 151 102 56 148 76 134 188 89 218 80 165 94 114 110 153 141 94 149 153 297 151 133 63 189 175 63 128 231 223 208 211 158 48 133 258 289 203 87 258 196 182 36 280 169 171 114 194 209 59 197 135 123 197 159 106 160 89 238 223 175 118 107 215 185 196 221 111 207 250 113 152 125 64 214 166 225 78 233 238 61 223 251 245 105 206 233 168 185 113 116 166 105 66 102 126 106 47 129 183 240 253 54 258 213 50 69 187 67 40 124 213 161 129 102 294 193 245 85 144 116 125 218 220 157 130 146 214 128 147 204 60 211 124 176 181 186 133 39 78 36 138 210 169 81 85 181 90 225 124 192 71 223 235 66 230 168 126 159 140 246 184 105 218 136 154 173 108 243 107 122 111 88 37 62 228 52 80 68 54 68 61 229 205 134 115 129 232 225 123 267 59 70 229 277 170 172 210 100 80 289 142 131 76 140 56 142 155 46 124 214 123 80 94 92 212 207 110 129 121 112 88 287 193 225 89 227 169 245 264 115 43 86 172 94 61 85 149 188 208 47 74 120 215 277 77 141 117 241 264 105 241 124 164 146 132 38 178 219 277 97 235 99 155 175 135 203 36 123 90 49 122 103 49 85 94 183 171 230 56 88 181 109 164 156 100 173 227 201 197 232 289 68 38 77 123 214 99 251 147 154 131 112 35 106 232 64 101 119 77 202 193 105 218 171 239 89 192 182 162 186 241 95 189 149 93 207 212 119 208 237 117 83 231 80 138 236 137 194 299 207 85 241 59 47 260 146 207 145 195 132 174 113 43 189 65 221 67 242 0 207 65 148 112 101 217 43 68 132 262 133 128 198 127 124 231 114 260 104 97 116 131 160 91 142 89 
242 283 297 240 249 153 158 173 165 82 174 170 195 320 253 246 197 295 211 247 259 257 255 328 265 122 116 265 108 254 363 335 319 392 345 169 381 246 362 280 159 303 329 109 203 190 338 157 286 192 316 310 211 176 214 310 314 275 223 208 180 306 188 206 238 175 213 337 134 160 337 331 288 355 336 307 322 171 193 219 113 337 292 215 381 296 225 316 347 208 296 306 132 95 179 340 330 266 316 189 206 348 310 127 223 361 120 228 163 241 306 211 324 186 127 260 241 195 245 215 257 285 186 315 189 262 233 211 219 250 98 191 246 250 394 260 230 202 286 272 202 225 328 320 305 308 255 187 230 355 386 300 210 355 293 279 175 377 266 128 223 291 306 198 294 244 220 294 268 215 257 198 335 320 272 227 246 312 282 153 318 208 304 347 222 249 222 203 311 263 322 217 330 335 158 320 348 342 228 163 330 265 282 252 255 263 228 175 225 223 215 186 86 140 337 350 163 355 310 189 208 284 176 179 263 310 258 226 199 391 290 342 194 241 239 264 315 317 114 239 243 171 237 256 301 183 308 233 273 278 283 256 178 217 175 95 167 126 220 224 278 199 322 263 289 210 320 332 163 327 265 235 256 237 343 281 202 315 233 251 270 205 340 246 219 250 197 176 171 325 161 219 207 177 165 184 326 302 243 224 268 329 322 220 364 156 209 326 374 267 269 307 197 189 386 251 88 215 249 165 239 252 169 263 311 220 189 233 231 309 304 219 268 230 209 227 384 290 322 198 324 266 342 361 254 182 195 269 203 158 208 246 285 165 170 197 229 312 374 186 250 256 338 361 228 338 263 261 243 271 177 275 316 374 220 332 208 112 272 258 300 175 232 229 188 219 200 188 208 203 280 268 327 195 227 278 218 261 253 197 130 324 298 154 329 386 207 177 186 232 311 238 348 244 251 270 209 174 229 329 187 198 216 200 299 150 202 315 128 336 228 289 139 259 143 338 192 286 258 216 304 309 258 305 334 214 192 328 219 247 333 246 291 396 304 194 338 156 186 357 243 304 254 292 241 271 210 166 146 162 178 206 339 207 0 204 245 221 224 314 182 191 89 359 272 237 155 236 263 328 211 357 201 236 213 254 257 188 251 228 
140 181 195 138 147 51 46 31 39 122 30 58 93 218 109 134 95 193 85 135 147 113 153 226 163 162 156 153 148 110 261 233 217 290 243 57 279 134 260 178 57 201 227 149 77 48 236 197 184 90 214 208 109 64 102 208 212 173 111 96 220 204 86 104 126 33 87 235 174 58 235 229 186 253 234 205 220 45 81 117 153 235 190 103 279 194 81 214 245 106 194 204 172 135 53 238 228 124 214 87 62 246 208 167 111 259 160 102 51 129 204 99 222 42 167 148 99 53 143 73 131 183 84 213 77 160 91 109 107 148 138 89 144 148 292 148 128 60 184 170 58 123 226 218 203 206 153 43 128 253 284 198 84 253 191 177 33 275 164 168 111 189 204 56 192 132 118 192 156 103 155 86 233 218 170 115 104 210 180 193 216 106 202 245 110 147 120 59 209 161 220 75 228 233 56 218 246 240 102 203 228 163 180 108 113 161 102 63 99 121 103 42 126 180 235 248 51 253 208 45 66 182 64 37 121 208 156 124 97 289 188 240 82 139 113 120 213 215 154 127 141 211 125 144 199 57 206 121 171 176 181 130 34 75 31 135 207 166 78 82 176 87 220 121 187 68 218 230 61 225 163 123 154 135 241 179 100 213 131 149 168 103 238 104 117 108 85 34 59 223 49 75 63 51 63 58 224 200 131 112 126 227 220 118 262 54 65 224 272 165 167 205 95 77 284 139 128 73 137 53 137 150 43 121 209 118 77 91 87 207 202 107 124 118 107 85 282 188 220 86 222 164 240 259 112 38 83 167 91 56 82 144 183 205 44 71 117 210 272 74 138 114 236 259 102 236 119 159 141 129 35 173 214 272 94 230 96 152 170 132 198 33 120 85 46 117 98 46 82 91 178 166 225 51 83 176 106 159 151 95 170 222 196 194 227 284 63 33 74 120 209 94 246 142 149 128 107 32 103 227 61 96 114 74 197 190 100 213 168 234 84 187 179 157 183 236 90 184 146 90 202 207 116 203 232 112 80 226 77 135 231 134 189 294 202 82 236 54 42 255 141 202 142 190 129 169 108 40 186 60 218 64 237 65 204 0 143 109 98 212 38 65 129 257 130 125 195 124 121 226 109 255 99 94 111 128 155 86 139 84 
7 48 62 5 14 92 121 114 116 163 113 109 134 85 192 185 136 60 162 210 198 196 20 93 30 203 197 204 189 193 128 100 84 157 110 132 146 185 127 219 98 68 94 190 154 131 103 238 51 131 81 75 150 139 153 75 79 40 162 171 261 71 127 145 177 116 164 102 215 99 102 96 53 120 101 72 87 122 132 158 194 102 57 178 146 61 164 81 112 147 61 71 213 176 130 105 95 207 81 128 145 113 75 208 162 126 201 179 126 204 71 150 89 125 208 199 182 136 184 156 208 50 125 80 128 201 174 150 182 15 179 130 11 189 159 199 169 143 225 37 141 164 93 85 70 73 20 126 169 120 151 65 161 120 58 218 116 142 31 209 162 230 71 139 59 183 159 59 207 154 22 137 100 85 37 166 187 77 47 234 83 147 69 112 185 188 161 142 76 28 87 158 95 100 97 85 113 107 179 244 95 30 221 191 196 28 179 138 176 162 178 125 167 221 102 115 126 120 75 128 149 49 139 120 204 75 23 165 138 156 55 107 157 180 190 203 80 82 195 178 8 252 176 195 66 134 73 196 38 43 48 207 117 158 114 176 248 207 161 165 43 162 87 204 54 151 85 97 102 92 30 174 195 176 108 46 141 80 172 16 209 144 105 187 158 191 136 117 110 90 124 158 146 128 104 135 91 67 182 163 209 94 87 159 129 95 148 91 139 32 34 72 136 152 151 190 169 156 188 128 178 191 120 204 76 159 128 174 170 74 69 182 207 193 148 168 149 229 87 137 89 31 107 126 195 121 158 34 142 97 159 11 50 246 121 148 192 77 139 149 189 197 103 126 179 103 202 26 182 212 118 214 81 139 171 97 171 193 211 209 65 116 171 168 129 158 139 129 159 166 219 33 92 134 166 43 157 200 192 136 211 89 63 235 94 151 146 116 149 171 76 177 113 183 190 211 148 115 180 94 138 137 155 151 64 231 141 80 209 101 167 54 220 24 224 103 131 51 197 167 69 74 199 70 99 153 155 93 160 186 98 209 56 161 69 133 103 95 125 122 182 69 193 57 180 36 149 117 227 101 259 147 104 148 245 143 0 184 175 79 121 142 170 124 213 200 236 199 204 93 150 122 140 177 152 205 22 127 190 167 
181 222 236 179 188 92 63 78 70 139 79 75 131 259 158 151 136 234 116 152 164 162 194 267 204 179 173 170 165 159 302 274 258 331 284 74 320 151 301 216 98 242 268 166 108 95 277 214 225 131 255 249 147 81 119 249 253 214 128 113 237 245 127 145 143 80 118 276 191 99 276 270 227 294 275 246 261 76 98 158 170 276 231 120 320 235 130 255 286 144 235 245 189 152 84 279 269 171 255 128 111 287 249 184 128 300 177 133 68 146 245 116 263 91 184 165 146 100 184 120 162 224 125 254 94 198 138 150 124 189 155 130 185 186 333 165 169 107 222 211 107 164 267 259 244 247 194 92 169 294 325 239 115 294 232 215 80 316 205 185 128 227 245 103 233 149 156 233 173 120 196 103 274 259 211 132 151 251 221 210 257 147 243 286 127 185 161 108 250 202 261 122 269 274 97 259 287 281 133 220 269 204 218 157 160 202 133 80 130 162 120 91 143 197 276 289 68 294 249 94 113 223 81 84 168 249 197 162 138 330 229 281 99 177 144 169 254 256 171 144 182 228 142 161 240 88 247 138 212 217 222 161 83 122 80 152 224 183 125 129 217 104 261 168 228 115 259 271 102 266 204 140 192 176 282 220 141 254 169 190 206 141 279 151 155 155 102 81 76 264 66 124 112 82 104 89 265 241 148 129 173 268 261 159 303 95 114 265 313 206 208 246 136 94 325 156 145 120 154 70 178 188 74 168 250 156 94 138 136 248 243 124 173 135 148 132 323 226 261 103 263 205 281 300 159 87 100 208 108 97 113 185 224 222 75 102 134 251 313 91 155 161 277 300 133 277 168 200 179 176 82 211 255 313 125 271 113 169 208 163 239 80 137 134 93 158 136 93 113 108 216 207 266 100 132 217 123 197 189 133 187 263 237 211 268 325 112 82 91 137 250 143 287 183 187 175 145 79 134 268 92 137 155 105 238 207 141 254 185 275 133 228 196 198 200 277 131 225 163 121 243 248 163 244 273 150 97 267 124 152 272 151 230 335 243 99 277 95 91 296 179 243 159 231 146 210 149 71 203 101 235 111 278 112 221 109 184 0 129 253 87 96 146 298 177 142 212 141 168 267 150 296 140 141 149 159 196 127 156 133 
172 213 227 170 179 83 66 67 59 142 68 78 125 250 147 154 127 225 105 155 167 151 185 258 195 182 176 173 168 148 293 265 249 322 275 77 311 154 292 210 89 233 259 169 97 84 268 217 216 122 246 240 141 84 122 240 244 205 131 116 240 236 118 136 146 69 107 267 194 90 267 261 218 285 266 237 252 65 101 149 173 267 222 123 311 226 119 246 277 138 226 236 192 155 73 270 260 160 246 119 100 278 240 187 131 291 180 122 71 149 236 119 254 80 187 168 135 89 175 109 151 215 116 245 97 192 127 141 127 180 158 121 176 180 324 168 160 96 216 202 96 155 258 250 235 238 185 81 160 285 316 230 104 285 223 209 69 307 196 188 131 221 236 92 224 152 150 224 176 123 187 106 265 250 202 135 140 242 212 213 248 138 234 277 130 179 152 97 241 193 252 111 260 265 88 250 278 272 122 223 260 195 212 146 149 193 122 83 119 153 123 80 146 200 267 280 71 285 240 83 102 214 84 73 157 240 188 156 129 321 220 272 102 171 133 158 245 247 174 147 173 231 145 164 231 77 238 141 203 208 213 150 72 111 69 155 227 186 114 118 208 107 252 157 219 104 250 262 93 257 195 143 186 167 273 211 132 245 163 181 200 135 270 140 149 144 105 70 79 255 69 113 101 71 95 78 256 232 151 132 162 259 252 150 294 86 103 256 304 197 199 237 127 97 316 159 148 109 157 73 169 182 63 157 241 150 97 127 125 239 234 127 162 138 139 121 314 220 252 106 254 196 272 291 148 76 103 199 111 88 102 176 215 225 64 91 137 242 304 94 158 150 268 291 122 268 157 191 173 165 71 205 246 304 114 262 116 172 202 152 230 69 140 123 82 149 130 82 102 111 210 198 257 89 121 208 126 191 183 127 190 254 228 214 259 316 101 71 94 140 241 132 278 174 181 164 139 68 123 259 81 128 146 94 229 210 132 245 188 266 122 219 199 189 203 268 122 216 166 110 234 239 152 235 264 144 100 258 113 155 263 154 221 326 234 102 268 86 80 287 173 234 162 222 149 201 140 60 206 92 238 100 269 101 224 98 175 129 0 244 76 85 149 289 166 145 215 144 157 258 141 287 131 130 143 148 187 118 159 122 
72 99 127 74 65 161 190 183 185 232 182 178 203 150 261 254 205 129 231 279 267 265 85 144 81 272 266 273 258 262 193 165 135 222 161 201 197 254 178 288 167 119 145 259 223 200 172 307 102 200 132 140 219 208 222 126 148 105 231 240 330 136 196 214 246 185 233 167 284 168 171 147 118 171 152 137 138 191 201 227 263 153 122 247 197 112 233 150 177 216 112 140 282 245 199 170 160 276 146 197 214 164 126 277 231 177 270 248 195 273 140 219 154 194 277 268 251 205 253 225 277 101 194 145 197 270 243 219 251 84 248 199 80 258 224 268 238 212 294 88 210 233 144 154 121 142 89 195 238 185 216 116 230 171 109 287 185 193 96 278 231 299 140 208 128 252 228 110 276 223 73 206 169 154 102 235 256 146 98 303 148 216 138 177 254 257 230 211 141 97 152 227 164 165 166 150 178 172 248 313 160 95 290 260 265 97 248 207 245 231 247 194 236 290 153 166 195 171 144 197 218 100 208 189 273 140 74 234 207 221 106 172 226 249 259 272 145 133 264 247 73 321 245 264 117 203 138 265 107 112 99 276 186 227 183 245 317 276 230 234 94 231 156 273 119 220 136 148 171 157 81 243 264 245 173 111 210 145 241 81 278 213 170 256 227 260 205 186 179 141 193 227 215 197 173 204 160 118 251 232 278 159 156 228 180 164 217 156 204 97 99 137 205 221 216 259 238 225 257 197 247 260 189 273 127 228 197 243 239 125 134 251 276 262 217 237 214 298 156 206 140 96 158 177 264 190 227 99 211 166 228 76 101 315 190 217 261 142 190 218 258 266 154 177 248 154 271 77 251 281 187 283 132 190 240 166 240 262 280 278 134 185 240 237 198 227 208 198 228 235 288 98 143 203 235 108 226 269 261 205 280 140 114 304 159 216 215 185 218 240 141 246 178 252 259 280 217 184 249 159 207 206 224 220 115 300 210 149 278 166 236 105 289 89 293 154 200 116 266 236 134 143 268 121 164 222 224 158 229 255 163 278 107 226 134 202 168 164 194 187 251 134 262 122 249 101 218 186 296 170 328 216 155 217 314 212 79 253 244 0 190 211 239 189 282 269 305 268 273 144 219 173 209 246 221 274 73 196 259 236 
118 159 173 116 125 29 24 9 17 100 8 36 71 196 87 112 73 171 63 113 125 91 131 204 141 140 134 131 126 88 239 211 195 268 221 35 257 112 238 156 35 179 205 127 55 26 214 175 162 68 192 186 87 42 80 186 190 151 89 74 198 182 64 82 104 11 65 213 152 36 213 207 164 231 212 183 198 23 59 95 131 213 168 81 257 172 59 192 223 84 172 182 150 113 31 216 206 102 192 65 40 224 186 145 89 237 138 80 29 107 182 77 200 20 145 126 77 31 121 51 109 161 62 191 55 138 69 87 85 126 116 67 122 126 270 126 106 38 162 148 36 101 204 196 181 184 131 21 106 231 262 176 62 231 169 155 11 253 142 146 89 167 182 34 170 110 96 170 134 81 133 64 211 196 148 93 82 188 158 171 194 84 180 223 88 125 98 37 187 139 198 53 206 211 34 196 224 218 80 181 206 141 158 86 91 139 80 41 77 99 81 20 104 158 213 226 29 231 186 23 44 160 42 15 99 186 134 102 75 267 166 218 60 117 91 98 191 193 132 105 119 189 103 122 177 35 184 99 149 154 159 108 12 53 9 113 185 144 56 60 154 65 198 99 165 46 196 208 39 203 141 101 132 113 219 157 78 191 109 127 146 81 216 82 95 86 63 12 37 201 27 53 41 29 41 36 202 178 109 90 104 205 198 96 240 32 43 202 250 143 145 183 73 55 262 117 106 51 115 31 115 128 21 99 187 96 55 69 65 185 180 85 102 96 85 63 260 166 198 64 200 142 218 237 90 16 61 145 69 34 60 122 161 183 22 49 95 188 250 52 116 92 214 237 80 214 97 137 119 107 13 151 192 250 72 208 74 130 148 110 176 11 98 63 24 95 76 24 60 69 156 144 203 29 61 154 84 137 129 73 148 200 174 172 205 262 41 11 52 98 187 72 224 120 127 106 85 10 81 205 39 74 92 52 175 168 78 191 146 212 62 165 157 135 161 214 68 162 124 68 180 185 94 181 210 90 58 204 55 113 209 112 167 272 180 60 214 32 20 233 119 180 120 168 107 147 86 18 164 38 196 42 215 43 182 38 121 87 76 190 0 43 107 235 108 103 173 102 99 204 87 233 77 72 89 106 133 64 117 62 
139 180 194 137 146 50 33 34 26 109 35 45 92 217 114 121 94 192 72 122 134 118 152 225 162 149 143 140 135 115 260 232 216 289 242 44 278 121 259 177 56 200 226 136 64 51 235 184 183 89 213 207 108 51 89 207 211 172 98 83 207 203 85 103 113 36 74 234 161 57 234 228 185 252 233 204 219 32 68 116 140 234 189 90 278 193 86 213 244 105 193 203 159 122 40 237 227 127 213 86 67 245 207 154 98 258 147 89 38 116 203 86 221 47 154 135 102 56 142 76 118 182 83 212 64 159 94 108 94 147 125 88 143 147 291 135 127 63 183 169 63 122 225 217 202 205 152 48 127 252 283 197 71 252 190 176 36 274 163 155 98 188 203 59 191 119 117 191 143 90 154 73 232 217 169 102 107 209 179 180 215 105 201 244 97 146 119 64 208 160 219 78 227 232 55 217 245 239 89 190 227 162 179 113 116 160 89 50 86 120 90 47 113 167 234 247 38 252 207 50 69 181 51 40 124 207 155 123 96 288 187 239 69 138 100 125 212 214 141 114 140 198 112 131 198 44 205 108 170 175 180 117 39 78 36 122 194 153 81 85 175 74 219 124 186 71 217 229 60 224 162 110 153 134 240 178 99 212 130 148 167 102 237 107 116 111 72 37 46 222 36 80 68 38 62 45 223 199 118 99 129 226 219 117 261 53 70 223 271 164 166 204 94 64 283 126 115 76 124 40 136 149 30 124 208 117 64 94 92 206 201 94 129 105 106 88 281 187 219 73 221 163 239 258 115 43 70 166 78 55 69 143 182 192 31 58 104 209 271 61 125 117 235 258 89 235 124 158 140 132 38 172 213 271 81 229 83 139 169 119 197 36 107 90 49 116 97 49 69 78 177 165 224 56 88 175 93 158 150 94 157 221 195 181 226 283 68 38 61 107 208 99 245 141 148 131 106 35 90 226 48 95 113 61 196 177 99 212 155 233 89 186 166 156 170 235 89 183 133 77 201 206 119 202 231 111 67 225 80 122 230 121 188 293 201 69 235 53 47 254 140 201 129 189 116 168 107 27 173 59 205 67 236 68 191 65 142 96 85 211 43 0 116 256 133 112 182 111 124 225 108 254 98 97 110 115 154 85 126 89 
167 208 222 165 174 78 83 98 90 7 99 95 120 245 178 171 122 220 136 172 184 182 180 253 190 47 41 190 33 179 288 260 244 317 270 94 306 171 287 205 84 228 254 34 128 115 263 82 211 117 241 235 136 101 139 235 239 200 148 133 105 231 113 131 163 100 138 262 59 85 262 256 213 280 261 232 247 96 118 144 38 262 217 140 306 221 150 241 272 133 221 231 57 20 104 265 255 191 241 114 131 273 235 52 148 286 45 153 88 166 231 136 249 111 52 185 166 120 170 140 182 210 111 240 114 187 158 136 144 175 23 116 171 175 319 185 155 127 211 197 127 150 253 245 230 233 180 112 155 280 311 225 135 280 218 204 100 302 191 53 148 216 231 123 219 169 145 219 193 140 182 123 260 245 197 152 171 237 207 78 243 133 229 272 147 174 147 128 236 188 247 142 255 260 83 245 273 267 153 88 255 190 207 177 180 188 153 100 150 148 140 111 11 65 262 275 88 280 235 114 133 209 101 104 188 235 183 151 124 316 215 267 119 166 164 189 240 242 39 164 168 96 162 181 226 108 233 158 198 203 208 181 103 142 100 20 92 51 145 149 203 124 247 188 214 135 245 257 88 252 190 160 181 162 268 206 127 240 158 176 195 130 265 171 144 175 122 101 96 250 86 144 132 102 90 109 251 227 168 149 193 254 247 145 289 81 134 251 299 192 194 232 122 114 311 176 13 140 174 90 164 177 94 188 236 145 114 158 156 234 229 144 193 155 134 152 309 215 247 123 249 191 267 286 179 107 120 194 128 83 133 171 210 90 95 122 154 237 299 111 175 181 263 286 153 263 188 186 168 196 102 200 241 299 145 257 133 37 197 183 225 100 157 154 113 144 125 113 133 128 205 193 252 120 152 203 143 186 178 122 55 249 223 79 254 311 132 102 111 157 236 163 273 169 176 195 134 99 154 254 112 123 141 125 224 75 127 240 53 261 153 214 64 184 68 263 117 211 183 141 229 234 183 230 259 139 117 253 144 172 258 171 216 321 229 119 263 81 111 282 168 229 179 217 166 196 135 91 71 87 103 131 264 132 89 129 170 146 149 239 107 116 0 284 197 162 80 161 188 253 136 282 126 161 138 179 182 113 176 153 
121 110 62 119 124 206 235 228 230 277 227 223 248 199 306 299 250 174 276 324 312 310 134 155 140 317 311 318 303 307 128 214 194 157 172 246 208 299 189 333 212 130 156 304 268 245 217 352 161 245 191 189 264 253 267 185 193 154 276 285 375 185 241 259 291 230 278 216 329 213 216 158 167 182 211 72 197 236 246 272 308 212 171 292 208 123 278 195 112 261 171 185 327 290 244 105 95 321 195 242 259 223 137 322 276 188 315 293 240 318 185 264 203 239 322 313 296 250 298 270 322 112 239 80 242 315 288 264 296 129 293 244 125 303 159 313 283 257 339 147 255 278 203 199 132 187 134 240 283 120 151 127 275 182 168 332 230 204 145 323 276 344 185 253 173 297 273 121 321 268 132 251 214 199 151 280 301 191 157 348 83 261 183 112 299 302 275 256 190 142 87 272 209 100 211 85 113 107 293 358 95 144 335 305 310 142 293 252 290 276 292 239 281 335 212 177 240 182 189 242 263 159 253 234 318 75 133 279 252 156 117 107 271 294 304 317 194 144 309 292 122 366 290 309 176 248 73 310 152 157 158 321 231 272 228 290 362 321 275 279 153 276 201 318 168 265 147 207 216 206 140 288 309 290 108 160 255 194 286 130 323 258 105 301 272 305 250 231 224 152 238 272 260 242 218 249 205 129 296 277 323 208 201 273 191 209 262 91 139 146 148 186 250 266 151 304 283 270 302 242 292 305 234 318 138 273 242 288 284 136 183 296 321 307 262 282 149 343 201 251 151 145 169 188 309 235 272 148 256 211 273 125 112 360 235 262 306 77 201 263 303 311 213 188 293 165 316 136 296 326 232 328 191 201 285 211 285 307 325 323 179 230 285 282 243 272 253 243 273 280 333 147 202 248 280 157 271 314 306 250 325 151 125 349 94 151 260 230 263 285 76 291 113 297 304 325 262 229 294 208 252 251 269 265 126 345 255 194 323 101 281 116 334 138 338 213 245 165 311 281 183 188 313 180 99 267 269 207 274 300 98 323 166 161 69 247 217 209 239 122 296 183 307 171 294 150 263 231 341 215 373 261 214 262 359 257 124 298 289 189 235 256 284 0 327 314 350 313 318 203 264 184 254 291 266 319 132 241 304 281 
210 251 265 208 217 121 114 99 107 190 100 126 163 288 179 202 165 263 153 203 215 183 223 296 233 230 224 221 216 180 331 303 287 360 313 125 349 202 330 248 127 271 297 217 145 116 306 265 254 160 284 278 179 132 170 278 282 243 179 164 288 274 156 174 194 101 155 305 242 128 305 299 256 323 304 275 290 113 149 187 221 305 260 171 349 264 151 284 315 176 264 274 240 203 121 308 298 192 284 157 132 316 278 235 179 329 228 170 119 197 274 167 292 112 235 216 167 121 213 141 199 253 154 283 145 230 159 179 175 218 206 159 214 218 362 216 198 128 254 240 128 193 296 288 273 276 223 113 198 323 354 268 152 323 261 247 101 345 234 236 179 259 274 124 262 200 188 262 224 171 225 154 303 288 240 183 172 280 250 261 286 176 272 315 178 217 190 129 279 231 290 143 298 303 126 288 316 310 170 271 298 233 250 178 181 231 170 131 167 191 171 112 194 248 305 318 119 323 278 115 134 252 132 105 189 278 226 194 167 359 258 310 150 209 181 190 283 285 222 195 211 279 193 212 269 125 276 189 241 246 251 198 104 143 101 203 275 234 146 150 246 155 290 189 257 136 288 300 131 295 233 191 224 205 311 249 170 283 201 219 238 173 308 172 187 176 153 102 127 293 117 145 133 119 133 126 294 270 199 180 194 297 290 188 332 124 135 294 342 235 237 275 165 145 354 207 196 141 205 121 207 220 111 189 279 188 145 159 157 277 272 175 194 186 177 153 352 258 290 154 292 234 310 329 180 108 151 237 159 126 150 214 253 273 112 139 185 280 342 142 206 182 306 329 170 306 189 229 211 197 103 243 284 342 162 300 164 220 240 200 268 101 188 155 114 187 168 114 150 159 248 236 295 121 153 246 174 229 221 165 238 292 266 262 297 354 133 103 142 188 279 164 316 212 219 196 177 100 171 297 129 166 184 142 267 258 170 283 236 304 154 257 247 227 251 306 160 254 214 158 272 277 184 273 302 182 148 296 145 203 301 202 259 364 272 150 306 124 112 325 211 272 210 260 197 239 178 108 254 130 286 132 307 133 272 130 213 177 166 282 108 133 197 327 0 193 263 192 189 296 179 325 169 162 181 196 225 156 207 154 
197 238 252 195 204 108 79 94 86 155 95 91 147 275 174 167 152 250 132 168 180 178 210 283 220 195 189 186 181 175 318 290 274 347 300 90 336 167 317 232 114 258 284 182 124 111 293 230 241 147 271 265 163 97 135 265 269 230 144 129 253 261 143 161 159 96 134 292 207 115 292 286 243 310 291 262 277 92 114 174 186 292 247 136 336 251 146 271 302 160 251 261 205 168 100 295 285 187 271 144 127 303 265 200 144 316 193 149 84 162 261 132 279 107 200 181 162 116 200 136 178 240 141 270 110 214 154 166 140 205 171 146 201 202 349 181 185 123 238 227 123 180 283 275 260 263 210 108 185 310 341 255 131 310 248 231 96 332 221 201 144 243 261 119 249 165 172 249 189 136 212 119 290 275 227 148 167 267 237 226 273 163 259 302 143 201 177 124 266 218 277 138 285 290 113 275 303 297 149 236 285 220 234 173 176 218 149 96 146 178 136 107 159 213 292 305 84 310 265 110 129 239 97 100 184 265 213 178 154 346 245 297 115 193 160 185 270 272 187 160 198 244 158 177 256 104 263 154 228 233 238 177 99 138 96 168 240 199 141 145 233 120 277 184 244 131 275 287 118 282 220 156 208 192 298 236 157 270 185 206 222 157 295 167 171 171 118 97 92 280 82 140 128 98 120 105 281 257 164 145 189 284 277 175 319 111 130 281 329 222 224 262 152 110 341 172 161 136 170 86 194 204 90 184 266 172 110 154 152 264 259 140 189 151 164 148 339 242 277 119 279 221 297 316 175 103 116 224 124 113 129 201 240 238 91 118 150 267 329 107 171 177 293 316 149 293 184 216 195 192 98 227 271 329 141 287 129 185 224 179 255 96 153 150 109 174 152 109 129 124 232 223 282 116 148 233 139 213 205 149 203 279 253 227 284 341 128 98 107 153 266 159 303 199 203 191 161 95 150 284 108 153 171 121 254 223 157 270 201 291 149 244 212 214 216 293 147 241 179 137 259 264 179 260 289 166 113 283 140 168 288 167 246 351 259 115 293 111 107 312 195 259 175 247 162 226 165 87 219 117 251 127 294 128 237 125 200 142 145 269 103 112 162 314 193 0 228 157 184 283 166 312 156 157 165 175 212 143 172 149 
233 274 288 231 240 144 149 164 156 73 165 161 186 311 244 237 188 286 202 238 250 248 246 319 256 113 107 256 99 245 354 326 310 383 336 160 372 237 353 271 150 294 320 100 194 181 329 148 277 183 307 301 202 167 205 301 305 266 214 199 171 297 179 197 229 166 204 328 125 151 328 322 279 346 327 298 313 162 184 210 104 328 283 206 372 287 216 307 338 199 287 297 123 86 170 331 321 257 307 180 197 339 301 118 214 352 111 219 154 232 297 202 315 177 118 251 232 186 236 206 248 276 177 306 180 253 224 202 210 241 89 182 237 241 385 251 221 193 277 263 193 216 319 311 296 299 246 178 221 346 377 291 201 346 284 270 166 368 257 119 214 282 297 189 285 235 211 285 259 206 248 189 326 311 263 218 237 303 273 144 309 199 295 338 213 240 213 194 302 254 313 208 321 326 149 311 339 333 219 154 321 256 273 243 246 254 219 166 216 214 206 177 77 131 328 341 154 346 301 180 199 275 167 170 254 301 249 217 190 382 281 333 185 232 230 255 306 308 105 230 234 162 228 247 292 174 299 224 264 269 274 247 169 208 166 86 158 117 211 215 269 190 313 254 280 201 311 323 154 318 256 226 247 228 334 272 193 306 224 242 261 196 331 237 210 241 188 167 162 316 152 210 198 168 156 175 317 293 234 215 259 320 313 211 355 147 200 317 365 258 260 298 188 180 377 242 79 206 240 156 230 243 160 254 302 211 180 224 222 300 295 210 259 221 200 218 375 281 313 189 315 257 333 352 245 173 186 260 194 149 199 237 276 156 161 188 220 303 365 177 241 247 329 352 219 329 254 252 234 262 168 266 307 365 211 323 199 103 263 249 291 166 223 220 179 210 191 179 199 194 271 259 318 186 218 269 209 252 244 188 121 315 289 145 320 377 198 168 177 223 302 229 339 235 242 261 200 165 220 320 178 189 207 191 290 141 193 306 119 327 219 280 130 250 134 329 183 277 249 207 295 300 249 296 325 205 183 319 210 238 324 237 282 387 295 185 329 147 177 348 234 295 245 283 232 262 201 157 137 153 169 197 330 198 155 195 236 212 215 305 173 182 80 350 263 228 0 227 254 319 202 348 192 227 204 245 248 179 242 219 
196 237 251 194 203 107 78 93 85 154 94 90 146 274 173 166 151 249 131 167 179 177 209 282 219 194 188 185 180 174 317 289 273 346 299 89 335 166 316 231 113 257 283 181 123 110 292 229 240 146 270 264 162 96 134 264 268 229 143 128 252 260 142 160 158 95 133 291 206 114 291 285 242 309 290 261 276 91 113 173 185 291 246 135 335 250 145 270 301 159 250 260 204 167 99 294 284 186 270 143 126 302 264 199 143 315 192 148 83 161 260 131 278 106 199 180 161 115 199 135 177 239 140 269 109 213 153 165 139 204 170 145 200 201 348 180 184 122 237 226 122 179 282 274 259 262 209 107 184 309 340 254 130 309 247 230 95 331 220 200 143 242 260 118 248 164 171 248 188 135 211 118 289 274 226 147 166 266 236 225 272 162 258 301 142 200 176 123 265 217 276 137 284 289 112 274 302 296 148 235 284 219 233 172 175 217 148 95 145 177 135 106 158 212 291 304 83 309 264 109 128 238 96 99 183 264 212 177 153 345 244 296 114 192 159 184 269 271 186 159 197 243 157 176 255 103 262 153 227 232 237 176 98 137 95 167 239 198 140 144 232 119 276 183 243 130 274 286 117 281 219 155 207 191 297 235 156 269 184 205 221 156 294 166 170 170 117 96 91 279 81 139 127 97 119 104 280 256 163 144 188 283 276 174 318 110 129 280 328 221 223 261 151 109 340 171 160 135 169 85 193 203 89 183 265 171 109 153 151 263 258 139 188 150 163 147 338 241 276 118 278 220 296 315 174 102 115 223 123 112 128 200 239 237 90 117 149 266 328 106 170 176 292 315 148 292 183 215 194 191 97 226 270 328 140 286 128 184 223 178 254 95 152 149 108 173 151 108 128 123 231 222 281 115 147 232 138 212 204 148 202 278 252 226 283 340 127 97 106 152 265 158 302 198 202 190 160 94 149 283 107 152 170 120 253 222 156 269 200 290 148 243 211 213 215 292 146 240 178 136 258 263 178 259 288 165 112 282 139 167 287 166 245 350 258 114 292 110 106 311 194 258 174 246 161 225 164 86 218 116 250 126 293 127 236 124 199 141 144 268 102 111 161 313 192 157 227 0 183 282 165 311 155 156 164 174 211 142 171 148 
201 242 256 199 208 112 105 90 98 181 91 117 154 279 170 193 156 254 144 194 206 174 214 287 224 221 215 212 207 171 322 294 278 351 304 116 340 193 321 239 118 262 288 208 136 107 297 256 245 151 275 269 170 123 161 269 273 234 170 155 279 265 147 165 185 92 146 296 233 119 296 290 247 314 295 266 281 104 140 178 212 296 251 162 340 255 142 275 306 167 255 265 231 194 112 299 289 183 275 148 123 307 269 226 170 320 219 161 110 188 265 158 283 103 226 207 158 112 204 132 190 244 145 274 136 221 150 170 166 209 197 150 205 209 353 207 189 119 245 231 119 184 287 279 264 267 214 104 189 314 345 259 143 314 252 238 92 336 225 227 170 250 265 115 253 191 179 253 215 162 216 145 294 279 231 174 163 271 241 252 277 167 263 306 169 208 181 120 270 222 281 134 289 294 117 279 307 301 161 262 289 224 241 169 172 222 161 122 158 182 162 103 185 239 296 309 110 314 269 106 125 243 123 96 180 269 217 185 158 350 249 301 141 200 172 181 274 276 213 186 202 270 184 203 260 116 267 180 232 237 242 189 95 134 92 194 266 225 137 141 237 146 281 180 248 127 279 291 122 286 224 182 215 196 302 240 161 274 192 210 229 164 299 163 178 167 144 93 118 284 108 136 124 110 124 117 285 261 190 171 185 288 281 179 323 115 126 285 333 226 228 266 156 136 345 198 187 132 196 112 198 211 102 180 270 179 136 150 148 268 263 166 185 177 168 144 343 249 281 145 283 225 301 320 171 99 142 228 150 117 141 205 244 264 103 130 176 271 333 133 197 173 297 320 161 297 180 220 202 188 94 234 275 333 153 291 155 211 231 191 259 92 179 146 105 178 159 105 141 150 239 227 286 112 144 237 165 220 212 156 229 283 257 253 288 345 124 94 133 179 270 155 307 203 210 187 168 91 162 288 120 157 175 133 258 249 161 274 227 295 145 248 238 218 242 297 151 245 205 149 263 268 175 264 293 173 139 287 136 194 292 193 250 355 263 141 297 115 103 316 202 263 201 251 188 230 169 99 245 121 277 123 298 124 263 121 204 168 157 273 99 124 188 318 189 184 254 183 0 287 170 316 160 153 172 187 216 147 198 145 
86 113 141 88 79 175 204 197 199 246 196 192 217 164 275 268 219 143 245 293 281 279 99 158 95 286 280 287 272 276 207 179 149 236 175 215 211 268 192 302 181 133 159 273 237 214 186 321 116 214 146 154 233 222 236 140 162 119 245 254 344 150 210 228 260 199 247 181 298 182 185 161 132 185 166 151 152 205 215 241 277 167 136 261 211 126 247 164 191 230 126 154 296 259 213 184 174 290 160 211 228 178 140 291 245 191 284 262 209 287 154 233 168 208 291 282 265 219 267 239 291 115 208 159 211 284 257 233 265 98 262 213 94 272 238 282 252 226 308 102 224 247 158 168 135 156 103 209 252 199 230 130 244 185 123 301 199 207 110 292 245 313 154 222 142 266 242 124 290 237 87 220 183 168 116 249 270 160 112 317 162 230 152 191 268 271 244 225 155 111 166 241 178 179 180 164 192 186 262 327 174 109 304 274 279 111 262 221 259 245 261 208 250 304 167 180 209 185 158 211 232 114 222 203 287 154 88 248 221 235 120 186 240 263 273 286 159 147 278 261 87 335 259 278 131 217 152 279 121 126 113 290 200 241 197 259 331 290 244 248 108 245 170 287 133 234 150 162 185 171 95 257 278 259 187 125 224 159 255 95 292 227 184 270 241 274 219 200 193 155 207 241 229 211 187 218 174 132 265 246 292 173 170 242 194 178 231 170 218 111 113 151 219 235 230 273 252 239 271 211 261 274 203 287 141 242 211 257 253 139 148 265 290 276 231 251 228 312 170 220 154 110 172 191 278 204 241 113 225 180 242 90 115 329 204 231 275 156 204 232 272 280 168 191 262 168 285 91 265 295 201 297 146 204 254 180 254 276 294 292 148 199 254 251 212 241 222 212 242 249 302 112 157 217 249 122 240 283 275 219 294 154 128 318 173 230 229 199 232 254 155 260 192 266 273 294 231 198 263 173 221 220 238 234 129 314 224 163 292 180 250 119 303 103 307 168 214 130 280 250 148 157 282 135 178 236 238 172 243 269 177 292 121 240 148 216 182 178 208 201 265 148 276 136 263 115 232 200 310 184 342 230 169 231 328 226 93 267 258 144 204 225 253 203 296 283 319 282 287 0 233 187 223 260 235 288 87 210 273 250 
147 188 202 145 154 58 87 80 82 129 79 75 100 225 158 151 102 200 128 176 164 162 160 233 170 169 163 170 155 159 268 240 224 297 250 98 286 151 267 185 64 208 234 156 120 97 243 204 191 97 221 215 116 105 119 215 219 180 128 137 227 211 93 111 143 82 130 242 181 65 242 236 193 260 241 212 227 88 98 124 160 242 197 144 286 201 130 221 252 113 201 211 179 142 96 245 235 173 221 94 111 253 215 174 128 266 167 145 92 170 211 116 229 91 174 165 148 102 150 122 174 190 91 220 94 167 140 116 148 155 145 96 151 155 299 165 135 109 191 177 107 130 233 225 210 213 160 92 135 260 291 205 127 260 198 184 82 282 171 175 128 196 211 105 199 149 125 199 173 120 162 103 240 225 177 132 153 217 187 200 223 113 209 252 151 154 127 108 216 168 227 124 235 240 63 225 253 247 145 210 235 170 187 157 162 168 145 104 142 128 144 91 133 187 242 255 92 260 215 94 115 189 105 86 170 215 163 131 104 296 195 247 123 146 156 169 220 222 161 144 148 218 142 161 206 100 213 162 178 183 188 173 83 124 80 142 214 173 127 131 183 128 227 170 194 117 225 237 68 232 170 140 161 142 248 186 107 220 138 156 175 110 245 153 124 157 102 83 76 230 90 124 112 94 70 101 231 207 148 129 175 234 227 125 269 61 114 231 279 172 174 212 102 118 291 156 135 122 154 94 144 157 86 170 216 125 94 140 136 214 209 148 173 159 114 134 289 195 227 103 229 171 247 266 161 87 124 174 108 63 125 151 190 212 87 114 158 217 279 115 155 163 243 266 145 243 168 166 148 178 84 180 221 279 137 237 137 159 177 175 205 82 137 134 95 124 105 95 125 132 185 173 232 100 132 183 123 166 158 102 177 229 203 201 234 291 112 82 115 137 216 143 253 149 156 177 114 81 146 234 104 103 121 117 204 197 107 220 175 241 133 194 186 164 190 243 97 191 163 133 209 214 165 210 239 119 121 233 126 152 238 175 196 301 209 99 243 61 91 262 148 209 159 197 146 176 115 83 193 67 225 113 244 114 211 109 150 150 141 219 87 108 136 264 179 166 202 165 170 233 0 262 106 143 118 171 162 93 156 133 
115 74 122 117 108 204 233 226 228 275 225 221 246 193 304 297 248 172 274 322 310 308 128 119 124 315 309 316 301 305 188 208 178 217 136 244 172 297 153 331 210 94 120 302 266 243 215 350 145 243 175 183 262 251 265 169 191 148 274 283 373 179 239 257 289 228 276 210 327 211 214 122 161 146 195 132 181 234 244 270 306 196 165 290 172 87 276 193 172 259 155 183 325 288 242 165 155 319 189 240 257 207 101 320 274 152 313 291 238 316 183 262 197 237 320 311 294 248 296 268 320 76 237 140 240 313 286 262 294 127 291 242 123 301 219 311 281 255 337 131 253 276 187 197 96 185 132 238 281 180 211 91 273 146 152 330 228 168 139 321 274 342 183 251 171 295 271 85 319 266 116 249 212 197 145 278 299 189 141 346 143 259 181 172 297 300 273 254 184 140 147 270 207 160 209 145 173 167 291 356 155 138 333 303 308 140 291 250 288 274 290 237 279 333 196 141 238 146 187 240 261 143 251 232 316 135 117 277 250 216 81 167 269 292 302 315 188 108 307 290 116 364 288 307 160 246 133 308 150 155 142 319 229 270 226 288 360 319 273 277 137 274 199 316 162 263 111 191 214 200 124 286 307 288 168 154 253 188 284 124 321 256 165 299 270 303 248 229 222 116 236 270 258 240 216 247 203 93 294 275 321 202 199 271 155 207 260 151 199 140 142 180 248 264 211 302 281 268 300 240 290 303 232 316 102 271 240 286 282 100 177 294 319 305 260 280 209 341 199 249 115 139 133 152 307 233 270 142 254 209 271 119 76 358 233 260 304 137 165 261 301 309 197 152 291 129 314 120 294 324 230 326 175 165 283 209 283 305 323 321 177 228 283 280 241 270 251 241 271 278 331 141 186 246 278 151 269 312 304 248 323 115 89 347 154 211 258 228 261 283 136 289 173 295 302 323 260 227 292 202 250 249 267 263 90 343 253 192 321 161 279 80 332 132 336 197 243 159 309 279 177 186 311 164 159 265 267 201 272 298 158 321 150 221 129 245 211 207 237 182 294 177 305 165 292 144 261 229 339 213 371 259 198 260 357 255 122 296 287 173 233 254 282 184 325 312 348 311 316 187 262 0 252 289 264 317 116 239 302 279 
137 178 192 135 144 48 77 70 72 119 69 65 90 215 148 141 92 190 118 166 154 152 150 223 160 159 153 160 145 149 258 230 214 287 240 88 276 141 257 175 54 198 224 146 110 87 233 194 181 87 211 205 106 95 109 205 209 170 118 127 217 201 83 101 133 72 120 232 171 55 232 226 183 250 231 202 217 78 88 114 150 232 187 134 276 191 120 211 242 103 191 201 169 132 86 235 225 163 211 84 101 243 205 164 118 256 157 135 82 160 201 106 219 81 164 155 138 92 140 112 164 180 81 210 84 157 130 106 138 145 135 86 141 145 289 155 125 99 181 167 97 120 223 215 200 203 150 82 125 250 281 195 117 250 188 174 72 272 161 165 118 186 201 95 189 139 115 189 163 110 152 93 230 215 167 122 143 207 177 190 213 103 199 242 141 144 117 98 206 158 217 114 225 230 53 215 243 237 135 200 225 160 177 147 152 158 135 94 132 118 134 81 123 177 232 245 82 250 205 84 105 179 95 76 160 205 153 121 94 286 185 237 113 136 146 159 210 212 151 134 138 208 132 151 196 90 203 152 168 173 178 163 73 114 70 132 204 163 117 121 173 118 217 160 184 107 215 227 58 222 160 130 151 132 238 176 97 210 128 146 165 100 235 143 114 147 92 73 66 220 80 114 102 84 60 91 221 197 138 119 165 224 217 115 259 51 104 221 269 162 164 202 92 108 281 146 125 112 144 84 134 147 76 160 206 115 84 130 126 204 199 138 163 149 104 124 279 185 217 93 219 161 237 256 151 77 114 164 98 53 115 141 180 202 77 104 148 207 269 105 145 153 233 256 135 233 158 156 138 168 74 170 211 269 127 227 127 149 167 165 195 72 127 124 85 114 95 85 115 122 175 163 222 90 122 173 113 156 148 92 167 219 193 191 224 281 102 72 105 127 206 133 243 139 146 167 104 71 136 224 94 93 111 107 194 187 97 210 165 231 123 184 176 154 180 233 87 181 153 123 199 204 155 200 229 109 111 223 116 142 228 165 186 291 199 89 233 51 81 252 138 199 149 187 136 166 105 73 183 57 215 103 234 104 201 99 140 140 131 209 77 98 126 254 169 156 192 155 160 223 106 252 0 133 108 161 152 83 146 123 
174 215 229 172 181 85 78 63 71 154 64 90 127 252 143 166 129 227 117 167 179 147 187 260 197 194 188 185 180 144 295 267 251 324 277 89 313 166 294 212 91 235 261 181 109 80 270 229 218 124 248 242 143 96 134 242 246 207 143 128 252 238 120 138 158 65 119 269 206 92 269 263 220 287 268 239 254 77 113 151 185 269 224 135 313 228 115 248 279 140 228 238 204 167 85 272 262 156 248 121 96 280 242 199 143 293 192 134 83 161 238 131 256 76 199 180 131 85 177 105 163 217 118 247 109 194 123 143 139 182 170 123 178 182 326 180 162 92 218 204 92 157 260 252 237 240 187 77 162 287 318 232 116 287 225 211 65 309 198 200 143 223 238 88 226 164 152 226 188 135 189 118 267 252 204 147 136 244 214 225 250 140 236 279 142 181 154 93 243 195 254 107 262 267 90 252 280 274 134 235 262 197 214 142 145 195 134 95 131 155 135 76 158 212 269 282 83 287 242 79 98 216 96 69 153 242 190 158 131 323 222 274 114 173 145 154 247 249 186 159 175 243 157 176 233 89 240 153 205 210 215 162 68 107 65 167 239 198 110 114 210 119 254 153 221 100 252 264 95 259 197 155 188 169 275 213 134 247 165 183 202 137 272 136 151 140 117 66 91 257 81 109 97 83 97 90 258 234 163 144 158 261 254 152 296 88 99 258 306 199 201 239 129 109 318 171 160 105 169 85 171 184 75 153 243 152 109 123 121 241 236 139 158 150 141 117 316 222 254 118 256 198 274 293 144 72 115 201 123 90 114 178 217 237 76 103 149 244 306 106 170 146 270 293 134 270 153 193 175 161 67 207 248 306 126 264 128 184 204 164 232 65 152 119 78 151 132 78 114 123 212 200 259 85 117 210 138 193 185 129 202 256 230 226 261 318 97 67 106 152 243 128 280 176 183 160 141 64 135 261 93 130 148 106 231 222 134 247 200 268 118 221 211 191 215 270 124 218 178 122 236 241 148 237 266 146 112 260 109 167 265 166 223 328 236 114 270 88 76 289 175 236 174 224 161 203 142 72 218 94 250 96 271 97 236 94 177 141 130 246 72 97 161 291 162 157 227 156 153 260 143 289 133 0 145 160 189 120 171 118 
149 190 204 147 156 60 86 82 84 131 81 77 18 227 160 153 104 202 130 175 166 164 162 235 172 171 165 172 157 161 270 242 226 299 252 97 288 153 269 103 66 210 236 158 122 99 245 206 193 99 223 217 34 104 121 217 221 182 130 136 229 213 95 113 145 84 132 244 183 67 244 238 195 262 243 214 229 90 100 126 162 244 199 143 288 203 132 223 254 31 203 213 181 144 98 247 237 175 223 96 113 255 217 176 130 268 169 147 91 169 213 118 231 93 176 167 150 104 152 124 176 192 93 222 96 85 142 118 147 157 147 98 153 73 301 167 137 111 109 179 109 132 235 227 212 215 162 94 137 262 293 207 129 262 200 102 84 284 173 177 130 114 213 107 201 151 43 201 175 122 164 105 242 227 179 134 155 219 189 202 225 115 211 254 150 72 129 110 218 170 229 126 237 242 65 227 255 249 147 212 237 172 105 159 164 170 147 103 144 130 143 93 135 189 244 257 91 262 217 96 117 191 104 88 172 217 165 49 106 298 197 249 122 64 158 171 222 224 163 146 150 220 144 163 208 102 215 161 180 185 190 175 85 126 82 144 216 175 129 133 185 127 229 172 196 119 227 239 70 234 172 142 79 144 250 188 109 222 56 158 93 28 247 155 42 159 104 85 78 232 89 126 114 96 72 103 233 209 150 131 177 236 229 127 271 63 116 233 281 174 176 214 104 117 293 158 137 124 156 93 146 75 88 172 218 43 96 142 138 216 211 147 175 158 116 136 291 113 229 105 231 173 249 268 163 89 123 176 110 65 127 153 192 214 89 116 157 219 281 114 157 165 245 268 147 245 170 168 66 180 86 98 223 281 139 239 136 161 95 177 207 84 139 136 97 126 23 97 127 131 103 175 234 102 134 185 125 84 76 20 179 231 205 203 236 293 114 84 114 139 218 145 255 151 74 179 32 83 148 236 106 105 123 119 206 199 109 222 177 243 135 196 188 166 192 245 99 193 165 135 211 216 167 212 241 37 120 235 128 154 240 174 198 303 211 101 245 63 93 264 66 211 161 199 148 178 117 85 195 69 227 115 246 116 213 111 152 149 143 221 89 110 138 266 181 165 204 164 172 235 118 264 108 145 0 173 164 95 158 135 
202 243 257 200 209 113 96 97 89 172 98 108 155 280 177 184 157 255 135 185 197 181 215 288 225 212 206 203 198 178 323 295 279 352 305 107 341 184 322 240 119 263 289 199 127 114 298 247 246 152 276 270 171 114 152 270 274 235 161 146 270 266 148 166 176 99 137 297 224 120 297 291 248 315 296 267 282 95 131 179 203 297 252 153 341 256 149 276 307 168 256 266 222 185 103 300 290 190 276 149 130 308 270 217 161 321 210 152 101 179 266 149 284 110 217 198 165 119 205 139 181 245 146 275 127 222 157 171 157 210 188 151 206 210 354 198 190 126 246 232 126 185 288 280 265 268 215 111 190 315 346 260 134 315 253 239 99 337 226 218 161 251 266 122 254 182 180 254 206 153 217 136 295 280 232 165 170 272 242 243 278 168 264 307 160 209 182 127 271 223 282 141 290 295 118 280 308 302 152 253 290 225 242 176 179 223 152 113 149 183 153 110 176 230 297 310 101 315 270 113 132 244 114 103 187 270 218 186 159 351 250 302 132 201 163 188 275 277 204 177 203 261 175 194 261 107 268 171 233 238 243 180 102 141 99 185 257 216 144 148 238 137 282 187 249 134 280 292 123 287 225 173 216 197 303 241 162 275 193 211 230 165 300 170 179 174 135 100 109 285 99 143 131 101 125 108 286 262 181 162 192 289 282 180 324 116 133 286 334 227 229 267 157 127 346 189 178 139 187 103 199 212 93 187 271 180 127 157 155 269 264 157 192 168 169 151 344 250 282 136 284 226 302 321 178 106 133 229 141 118 132 206 245 255 94 121 167 272 334 124 188 180 298 321 152 298 187 221 203 195 101 235 276 334 144 292 146 202 232 182 260 99 170 153 112 179 160 112 132 141 240 228 287 119 151 238 156 221 213 157 220 284 258 244 289 346 131 101 124 170 271 162 308 204 211 194 169 98 153 289 111 158 176 124 259 240 162 275 218 296 152 249 229 219 233 298 152 246 196 140 264 269 182 265 294 174 130 288 143 185 293 184 251 356 264 132 298 116 110 317 203 264 192 252 179 231 170 90 236 122 268 130 299 131 254 128 205 159 148 274 106 115 179 319 196 175 245 174 187 288 171 317 161 160 173 0 217 148 189 152 
15 42 70 17 8 104 133 126 128 175 125 121 146 93 204 197 148 72 174 222 210 208 28 87 24 215 209 216 201 205 136 108 78 165 104 144 140 197 121 231 110 62 88 202 166 143 115 250 45 143 75 83 162 151 165 69 91 48 174 183 273 79 139 157 189 128 176 110 227 111 114 90 61 114 95 80 81 134 144 170 206 96 65 190 140 55 176 93 120 159 55 83 225 188 142 113 103 219 89 140 157 107 69 220 174 120 213 191 138 216 83 162 97 137 220 211 194 148 196 168 220 44 137 88 140 213 186 162 194 27 191 142 23 201 167 211 181 155 237 31 153 176 87 97 64 85 32 138 181 128 159 59 173 114 52 230 128 136 39 221 174 242 83 151 71 195 171 53 219 166 16 149 112 97 45 178 199 89 41 246 91 159 81 120 197 200 173 154 84 40 95 170 107 108 109 93 121 115 191 256 103 38 233 203 208 40 191 150 188 174 190 137 179 233 96 109 138 114 87 140 161 43 151 132 216 83 17 177 150 164 49 115 169 192 202 215 88 76 207 190 16 264 188 207 60 146 81 208 50 55 42 219 129 170 126 188 260 219 173 177 37 174 99 216 62 163 79 91 114 100 24 186 207 188 116 54 153 88 184 24 221 156 113 199 170 203 148 129 122 84 136 170 158 140 116 147 103 61 194 175 221 102 99 171 123 107 160 99 147 40 42 80 148 164 159 202 181 168 200 140 190 203 132 216 70 171 140 186 182 68 77 194 219 205 160 180 157 241 99 149 83 39 101 120 207 133 170 42 154 109 171 19 44 258 133 160 204 85 133 161 201 209 97 120 191 97 214 20 194 224 130 226 75 133 183 109 183 205 223 221 77 128 183 180 141 170 151 141 171 178 231 41 86 146 178 51 169 212 204 148 223 83 57 247 102 159 158 128 161 183 84 189 121 195 202 223 160 127 192 102 150 149 167 163 58 243 153 92 221 109 179 48 232 32 236 97 143 59 209 179 77 86 211 64 107 165 167 101 172 198 106 221 50 169 77 145 111 107 137 130 194 77 205 65 192 44 161 129 239 113 271 159 98 160 257 155 22 196 187 73 133 154 182 132 225 212 248 211 216 87 162 116 152 189 164 217 0 139 202 179 
124 165 179 122 131 35 64 57 59 106 56 52 77 202 135 128 79 177 105 153 141 139 137 210 147 146 140 147 132 136 245 217 201 274 227 75 263 128 244 162 41 185 211 133 97 74 220 181 168 74 198 192 93 82 96 192 196 157 105 114 204 188 70 88 120 59 107 219 158 42 219 213 170 237 218 189 204 65 75 101 137 219 174 121 263 178 107 198 229 90 178 188 156 119 73 222 212 150 198 71 88 230 192 151 105 243 144 122 69 147 188 93 206 68 151 142 125 79 127 99 151 167 68 197 71 144 117 93 125 132 122 73 128 132 276 142 112 86 168 154 84 107 210 202 187 190 137 69 112 237 268 182 104 237 175 161 59 259 148 152 105 173 188 82 176 126 102 176 150 97 139 80 217 202 154 109 130 194 164 177 200 90 186 229 128 131 104 85 193 145 204 101 212 217 40 202 230 224 122 187 212 147 164 134 139 145 122 81 119 105 121 68 110 164 219 232 69 237 192 71 92 166 82 63 147 192 140 108 81 273 172 224 100 123 133 146 197 199 138 121 125 195 119 138 183 77 190 139 155 160 165 150 60 101 57 119 191 150 104 108 160 105 204 147 171 94 202 214 45 209 147 117 138 119 225 163 84 197 115 133 152 87 222 130 101 134 79 60 53 207 67 101 89 71 47 78 208 184 125 106 152 211 204 102 246 38 91 208 256 149 151 189 79 95 268 133 112 99 131 71 121 134 63 147 193 102 71 117 113 191 186 125 150 136 91 111 266 172 204 80 206 148 224 243 138 64 101 151 85 40 102 128 167 189 64 91 135 194 256 92 132 140 220 243 122 220 145 143 125 155 61 157 198 256 114 214 114 136 154 152 182 59 114 111 72 101 82 72 102 109 162 150 209 77 109 160 100 143 135 79 154 206 180 178 211 268 89 59 92 114 193 120 230 126 133 154 91 58 123 211 81 80 98 94 181 174 84 197 152 218 110 171 163 141 167 220 74 168 140 110 186 191 142 187 216 96 98 210 103 129 215 152 173 278 186 76 220 38 68 239 125 186 136 174 123 153 92 60 170 44 202 90 221 91 188 86 127 127 118 196 64 85 113 241 156 143 179 142 147 210 93 239 83 120 95 148 139 0 133 110 
187 228 242 185 194 98 93 108 100 169 109 81 140 265 188 157 142 240 146 182 170 192 200 273 210 209 203 176 195 189 308 280 264 337 290 104 326 157 307 225 104 248 274 196 138 125 283 244 231 137 261 255 156 111 125 255 259 220 134 143 267 251 133 151 149 110 148 282 221 105 282 276 233 300 281 252 267 106 104 164 200 282 237 150 326 241 160 261 292 153 241 251 219 182 114 285 275 201 261 134 141 293 255 214 134 306 207 163 98 176 251 122 269 121 214 171 176 130 190 150 192 230 131 260 100 207 168 156 154 195 185 136 191 195 339 171 175 137 231 217 137 170 273 265 250 253 200 122 175 300 331 245 145 300 238 224 110 322 211 215 134 236 251 133 239 155 165 239 179 126 202 109 280 265 217 138 181 257 227 240 263 153 249 292 157 194 167 138 256 208 267 152 275 280 103 265 293 287 163 250 275 210 227 187 190 208 163 110 160 168 150 121 173 227 282 295 98 300 255 124 143 229 111 114 198 255 203 171 144 336 235 287 129 186 174 199 260 262 201 150 188 258 148 167 246 118 253 168 218 223 228 191 113 152 110 182 254 213 155 159 223 134 267 198 234 145 265 277 108 272 210 146 201 182 288 226 147 260 178 196 215 150 285 181 164 185 108 111 82 270 96 154 142 112 110 119 271 247 154 135 203 274 267 165 309 101 144 271 319 212 214 252 142 124 331 162 175 150 160 100 184 197 104 198 256 165 100 168 166 254 249 154 203 165 154 162 329 235 267 109 269 211 287 306 189 117 130 214 114 103 143 191 230 252 105 132 164 257 319 121 161 191 283 306 163 283 198 206 188 206 112 220 261 319 155 277 143 199 217 193 245 110 143 164 123 164 145 123 143 138 225 213 272 130 162 223 129 206 198 142 217 269 243 241 274 331 142 112 121 143 256 173 293 189 196 205 154 109 164 274 122 143 161 135 244 237 147 260 215 281 163 234 226 204 230 283 137 231 169 151 249 254 193 250 279 159 127 273 154 158 278 181 236 341 249 105 283 101 121 302 188 249 165 237 152 216 155 101 233 107 265 141 284 142 251 139 190 156 159 259 117 126 176 304 207 172 242 171 198 273 156 302 146 171 158 189 202 133 0 163 
164 205 219 162 171 75 70 55 63 146 54 82 117 242 133 158 119 217 109 159 171 137 177 250 187 186 180 177 172 134 285 257 241 314 267 81 303 158 284 202 81 225 251 173 101 72 260 221 208 114 238 232 133 88 126 232 236 197 135 120 244 228 110 128 150 57 111 259 198 82 259 253 210 277 258 229 244 69 105 141 177 259 214 127 303 218 105 238 269 130 218 228 196 159 77 262 252 148 238 111 86 270 232 191 135 283 184 126 75 153 228 123 246 66 191 172 123 77 167 97 155 207 108 237 101 184 115 133 131 172 162 113 168 172 316 172 152 84 208 194 82 147 250 242 227 230 177 67 152 277 308 222 108 277 215 201 57 299 188 192 135 213 228 80 216 156 142 216 180 127 179 110 257 242 194 139 128 234 204 217 240 130 226 269 134 171 144 83 233 185 244 99 252 257 80 242 270 264 126 227 252 187 204 132 137 185 126 87 123 145 127 66 150 204 259 272 75 277 232 69 90 206 88 61 145 232 180 148 121 313 212 264 106 163 137 144 237 239 178 151 165 235 149 168 223 81 230 145 195 200 205 154 58 99 55 159 231 190 102 106 200 111 244 145 211 92 242 254 85 249 187 147 178 159 265 203 124 237 155 173 192 127 262 128 141 132 109 58 83 247 73 99 87 75 87 82 248 224 155 136 150 251 244 142 286 78 89 248 296 189 191 229 119 101 308 163 152 97 161 77 161 174 67 145 233 142 101 115 111 231 226 131 148 142 131 109 306 212 244 110 246 188 264 283 136 62 107 191 115 80 106 168 207 229 68 95 141 234 296 98 162 138 260 283 126 260 143 183 165 153 59 197 238 296 118 254 120 176 194 156 222 57 144 109 70 141 122 70 106 115 202 190 249 75 107 200 130 183 175 119 194 246 220 218 251 308 87 57 98 144 233 118 270 166 173 152 131 56 127 251 85 120 138 98 221 214 124 237 192 258 108 211 203 181 207 260 114 208 170 114 226 231 140 227 256 136 104 250 101 159 255 158 213 318 226 106 260 78 66 279 165 226 166 214 153 193 132 64 210 84 242 88 261 89 228 84 167 133 122 236 62 89 153 281 154 149 219 148 145 250 133 279 123 118 135 152 179 110 163 0 
